thread_id,customer_text,agent_text
1590509,"@AppleSupport Almost every time, I was asked to hard reset my device. That obviously got me reinstall most of my stuff afterwards. (an enormous amount of wasted time).
I suggest, you fix your iOS script and issue a patch ASAP.…And get better Beta testers for next time.",@489010 We understand your concern. We're happy to take a closer look into any behaviors you're experiencing. Please reach out via DM. https://t.co/GDrqU22YpT
1795422,#ios1103 has even worse battery drain. @115858 you going to fix this anytime soon?,@539502 Thanks for reaching out to us. We are always happy to help. Send us a DM so we can look into this together. https://t.co/GDrqU22YpT
1533774,"Updated my phone now my music gone , I’m so sick of @115858 like 700+ songs GOOOOOOOONNNNEEE 😡🤬🤬🤬","@475664 We'd love to help. To start, send us a DM letting us know if you subscribe to Apple Music. https://t.co/GDrqU22YpT"
34597,@AppleSupport iMessage stopped working and won’t activate anymore—is that a problem on your side?,"@123495 We're not showing any issues on our end: https://t.co/7NVrDovSd8

Has it been over 24 hours since you tried activating?"
1614943,@115858 iOS 11 Bluetooth connectivity always on has to change,@495341 We can help! Take a look at this article for how this feature works in iOS 11: https://t.co/G7BHuQnDS6 DM us any questions https://t.co/GDrqU22YpT
2076276,@AppleSupport since update to iOS 11.0.2 phone is freezing and can’t access mail. What’s happening???,@614059 We'd love to help out. Which iPhone are you experiencing this with? Does restarting help with your app? DM us your reply. https://t.co/nYknMGviju
763515,@AppleSupport This happens now with iOS 11... I have an iPad Pro...,@302453 We'd like to take a closer look at this. Send us a DM and we'll pick up with you there. https://t.co/GDrqU22YpT
215371,Fix Apple Watch update glitchy af @AppleSupport,@167174 We can certainly take a look at your Apple Watch with you. Can you tell us more about the issue you're experiencing?
1217542,"@AppleSupport Calls are fine its music, voice notes, playing videos and even just typing but during calls my sound seems to work",@405696 Interesting. Let's see if the troubleshooting steps in the following article helps: https://t.co/4Kux8rhhGX
2597175,"@AppleSupport how much does it cost to repair a keyboard, after an accidental spill has occurred, and4 keys no longer work?",@735350 We're here to help. Please meet us in DM. https://t.co/GDrqU22YpT
2006727,@AppleSupport The letter after h in the alphabet also pronounced eye,@593403 We appreciate you reaching out to us. The steps in this article should help: https://t.co/xU1AGHStV6 DM us any questions. https://t.co/GDrqU22YpT
1451830,"@115858 Update:

Alright @115858 I.T did I.T again

Hands are being thrown 😤👊🏼",@456915 Let's see what we can find together. Do you have any text replacements set at Settings &gt; General &gt; Keyboards &gt; Text Replacement?
1061497,"Hmm, not seeing the iPhone upgrade program pre-qualify in the Apple store app for my Tmobile phone, @AppleSupport",@370640 Thanks for reaching out. Our Online Store team is best suited to assist you with your upgrade options: https://t.co/8yjRd1Xo0i
2036656,@AppleSupport Front proximity sensor doesn't work when the device when it enters 20% low power state?,@602152 Low Power Mode should affect the features listed here: https://t.co/VtbR4hS4qv Send us a DM and let's look into this. https://t.co/GDrqU22YpT
1134140,@AppleSupport i can't reset my password for my apple id please help,@387234 We'd like to help. Have you tried resetting the Apple ID through our website? Check out this article: https://t.co/ZTde7mzxXQ
2004114,@115858 can you explain why my computer internally combusted? https://t.co/XYzc4FhHSL,@592632 Hi there. Thank you for reaching out. Please meet us in DM and tell us what country you're located in. https://t.co/GDrqU22YpT
2319866,@115858 y’all need to fix this “l” before y’all lose everyone’s money.. this glitch mad annoying,@672364 Thanks for reaching out! This issue has been fixed with the latest iOS 11.1.1 update. You can find out more information here: https://t.co/xXaXeeSRt9 Be sure to back up your iPhone before updating.
457232,So some random person is trying to use my email address for their apple id and now I'm 1) getting spammed with verification emails 2) can't create an apple id using that email address 3) can't login to their apple id (don't know the phone number) 4) no way to tell @AppleSupport,"@223561 We know how important it is to have access to your account, and we are going to do everything we can to help you. Please contact our Apple ID account specialists for support. 

You can reach out to them here: https://t.co/UJm15vmMM2"
844248,Bug cuando abres el centro de notificaciones en iOS 11.0.3 (Fíjense en Medium) @115858 @AppleSupport @66475 @119460 https://t.co/xbB0s4jARS,@320715 We offer support via Twitter in English. Get help in Spanish here: https://t.co/IBIY3vMgPj or join https://t.co/OczyRx7IOs
1898688,@115858 IPhone saying got no storage! No matter what do! Help,@565857 Let's take a look at this together. How much space is available in Settings &gt; General &gt; About? Let us know in DM. https://t.co/GDrqU22YpT
87078,@AppleSupport I completed them but still declined them. All :)),@135061 We can understand wanting to be able to download free apps without a payment method. This article will explain what to do if you cannot choose None as a payment method: https://t.co/rnB74M0zio Let us know what questions you have after reviewing the article.
2614251,phone really been crashing out . this shit hella bogus @115858,"@739025 We want to help. Does this seem to be happening while using certain apps? If so, could you DM us which apps? We'll look into this with you from there. https://t.co/GDrqU22YpT"
402647,@AppleSupport Thank you for your fast response :-) I had all power settings on low 😦,"@211253 Sure thing! To clarify, you were already using the recommendations or have now applied them?"
2910444,@AppleSupport iOS 11.1.2 iPhone 7,"@575515 When you're seeing this issue, is it when you type or are you only seeing it on texts, iMessages that you're receiving or posts other individuals have made on social media apps?"
2534793,Lost one of my airpods what can you do for me @AppleSupport,"@429339 Thanks for reaching out to us today. We're sorry to hear about your AirPod and would be happy to look into the best options with you. Since certain options can vary by region, would you mind sending us a DM with your current location, and we'll start there. https://t.co/GDrqU22YpT"
2512681,@AppleSupport need to buy back MacBook pro. Old one is outdated. How to go about it.,@716103 We'd like to gather some more info to get you pointed in the right direction. Please DM us more details here: https://t.co/GDrqU2kzhr
385695,@AppleSupport Currently on a 2TB iCloud account and having issues syncing between 2 macs. Any way to not downloading all my data on both?,@207301 We're here to help. Let's take this to DM so we can better assist you. https://t.co/GDrqU22YpT
1974121,"clear battery draining issues from iphone, after ios 11 upgrade or please share how to downgrade the ios...@115858 @AppleSupport @2310",@539364 We can help out! Which device is this on and which version of iOS 11 is currently installed?
1386710,I️ don’t pay each month for this iPhone to have a bug. Fix this pleaseeeee ahhh @115858,@442671 What issue are you having? We'd love to help out.
2279826,"@AppleSupport I tap the link to an MP3 on my iPhone in Safari. It opens a player in the window. How can I save that to Files? If I hit “share” when force touching the original link, and tapping Files, it just saves a text file.",@662794 Hey there. We'd like to look further into this with you. Let us know in DM if you use iCloud Drive to continue. https://t.co/GDrqU22YpT
1999449,@AppleSupport why are my I’s turning into exclamation marks and boxed question marks in my text messages?,@267294 Let's look into this together. Send us a DM and let us know whether you've noticed the behavior in any other apps. https://t.co/GDrqU22YpT
686574,"@AppleSupport You are not showing any VPP issues, but https://t.co/J5BwSLzptj is also acting up",@283925 We’re investigating and will update our System Status page as more info becomes available: https://t.co/Fcu0biZf0L
2544020,"49 agonising minutes on the phone to @AppleSupport for a replacement for a dud in-warranty charger. Guys, you need to locate your HQ in the middle of a paddy field because it is KNACKERED. #PutItInRice","@723195 We appreciate your patience on the phone. Were you able to get things resolved? If not, let us know in a DM how we can help, as well as what was happening with your charger. We'll continue there. https://t.co/GDrqU22YpT"
208242,@AppleSupport When i open my WhatsApp directly then my phone 📞 show a black screen,"@605755 Thanks for reaching out. Let's start by trying these steps: https://t.co/3WF5Z1DBGa If the issue persists, let us know by DM. https://t.co/nYknMGviju"
1291164,"11 mins later, on 31%
@AppleSupport wtf bruh.",@421939 Let's look into this together. Are you using the USB cable and adapter that came with your iPhone or a different one?
2468124,@AppleSupport I was able to turn off the phone by holding the side button. But my iPhone 7 doesn’t restart by holding the side and home button,"@568492 When you use the side button, are you holding it long enough to see the ""Slide to Power off"" screen?"
810817,Ayoooo I lost all my messages 😭@AppleSupport,@313194 Thanks for reaching out. We're here to help. DM us so we can look into this further with you. https://t.co/GDrqU22YpT
1302833,@AppleSupport Why I can't see my already placed order?,"@393551 Thank you for reaching out to us. We'd like to get you in touch with our Sales Support, see this link:  https://t.co/8yjRd1Xo0i"
483198,Someone help pls lmao I changed my Apple ID weeks ago and it won't let me sign out w/o entering the password which doesn't work bc different email 🙃 @AppleSupport https://t.co/HsLIUskQEa,@229928 Thanks for reaching out. We can definitely look into this further with you. Send us a DM and we'll go from there. https://t.co/GDrqU22YpT
1332735,@AppleSupport iOS 11 keeps freezing my phone and makes apps unresponsive... fix the bug soon,@430902 We want to help. Reach out via DM using the link below. https://t.co/GDrqU22YpT
857948,Please @AppleSupport I really need to stop saying the celebrity borefests and casual sexism of The Sun in my top or trending stories.,@323734 Let's help. Check out: https://t.co/oTuaMqVI3r for ways to control the content from your sources.
1053695,#iOS11 'Reduce Motion' doesn't really reduce the animation. It just make them go slower huh? @AppleSupport,@368974 Excellent question. You can get a rundown of what that feature does and changes from this link here: https://t.co/P2Obw7hkfD
1122193,@AppleSupport Plz the clear  this solution or if not possible  then change my iphone its up to yu,"@384682 We'd be glad to look into this with you further. Meet us in DM with your iPhone model and iOS version, and we'll get started. https://t.co/GDrqU22YpT"
596847,@115858 @AppleSupport @115948 I updated my phone and now Apple Music doesn’t work 😡,@261482 Let's get that music back so you can continue to enjoy it. What happens when you go to your Music app? Do you see any songs? Is iCloud Music Library enabled: https://t.co/9VQ9VywZJ2?
2041356,Yep gotta go to @AppleSupport because my phone won't update😡🙄😒,@603581 Let’s team up on this situation. Could you let us know more details via a DM? We’ll keep moving forward from there. https://t.co/GDrqU22YpT
2282267,Dear @AppleSupport. “Texians” is a real word. Thank you. https://t.co/AiLKELYZJ7,"@663358 We thank you for connecting with us here. For this concern, you can update us via our feedback site here: https://t.co/oWzjJxkvlC"
2277609,@451763 @115858 @YahooCare I had the same problem. I deleted the Mail app altogether then reinstalled. Back to normal.,@662964 We'd like to look into this with you. Send us some details about what you're seeing and we'll go from there.
1659262,@AppleSupport Correct. I’ve restarted my phone when I had that issue prior and it worked. Any other ideas?,@506241 What version of iOS are you running currently?
2205905,@115858 can u hurry up and fix the I️ problem pls thanks,"@644969 This issue was fixed in iOS 11.1.1. To update to the latest version of iOS, go to Settings &gt; General &gt; Software Update and tap Download and Install. Make sure to back up your iPhone first: https://t.co/4f8hwT5to6"
1718435,"@AppleSupport I can’t log onto my mac, every time I enter my password it goes to log in but takes me back to the log in page. Please help:)","@520312 We'd love to help. Have you tried restarting your Mac? Also, do you have other user account you can sign in with?"
2350808,"@AppleSupport Yes, I took a special trip to the Apple store to buy 2. chargers the extension one and the regular.. I have used both.. but my phone will not hold that charge","@679455 Thank you for letting us know. To be clear, is your iPhone charging and draining quickly, or is your iPhone not charging at all?"
2429370,@AppleSupport I’ve restarted about 40000000 times 🤦‍♂️🤦‍♂️🤦‍♂️🤦‍♂️ iPhone 7+ and latest iOS,@561618 Thanks for confirming. Please DM us details on how long you've been experiencing this issue and we'll work with you towards a resolution there. https://t.co/GDrqU22YpT
812219,"@AppleSupport 11.0.2 is killing my battery. I’m limiting use as much as possible, but the battery just doesn’t last. Please advise.",@313542 We’ve got just what you need. Let’s start by following these steps: https://t.co/bivpdfBNJ6
1014407,@AppleSupport when I walk into the house it turns it on after I have turned it off https://t.co/8vuYuB1nPL,"@360032 We’ll be happy to help further. To start, send us a DM. https://t.co/GDrqU22YpT"
1743625,"@AppleSupport WHAT IS THIS  
I️ I️ I️ I️ I️ I️",@525913 Here’s what you can do to work around the issue until it’s fixed in a future software update: https://t.co/uQeXsrrlXJ
2500862,@118845 hey my headphones are really quiet. I turn it all the way up and they still are quiet. Please help me!!!!!,"@713422 Let's figure that out so you can get back to enjoying those beats. Do you know which model Beats you are using? Once we identify the model, we can provide you the best assistance."
1458979,Help- “No Caller ID” on my #iPhone call after call. Is there a way to block them? @AppleSupport,@458638 We're happy to help. DM us at the link below for further assistance. https://t.co/GDrqU22YpT
665799,@AppleSupport Apple'ının şanlı yöneticileri  bizim telefon 5aydır onarım merkezinde halen gelmedi her aradığımda stok sıkıntısı yaşıyoruz doğrumu,@656929 We offer support via Twitter in English. Contact us for help in your preferred language here: https://t.co/IBIY3vMgPj
2872572,can i know @AppleSupport why this thing come out when im try to Update my Application?? https://t.co/KoCk0GAW6d,"@797556 Thanks for reaching out. Are you signed in with an already existing account, or trying to create a new iCloud account?"
1632122,Why is my brand new iPhone 8 crackling when I play music @115858 🙃🙃🙃🙃,@499447 We want your iPhone working great and we're happy to help. DM us if this happens with all songs or only certain ones. https://t.co/GDrqU22YpT
359849,@AppleSupport if I manually adjust the screen brightness for a little will it go back to auto brightness on its own?,"@201233 Let's figure this out. Just to be clear, you've turned off auto-brightness in Settings, then it shows on when you go back?"
307957,@115858 can y’all please make an update that WORKS my maps keep crashing i’m trying to find the most efficient way to get to a d*ck APPT!!!!!,@155815 Hi there. We'd like to help. What version of iOS are you running under Settings &gt; General &gt; About?
2311867,"#ios11 has completely ruined the iphone experience we got, always. Phone’s lagging more with utterly horrendous battery time. I feel bad being an iphone user feeling it better to use a Samsung S8
@AppleSupport @90501",@670457 We received your DM and we'll continue with you there shortly.
1773388,@115858  @AppleSupport you need to get this “i” situation handled because even creating a shortcut isn’t helping 🤦🏻‍♂️,@532987 We'd love to help. Reach us via DM to continue. https://t.co/GDrqU22YpT
2372260,@AppleSupport   My iMac computer screen showed an update for Mac Sierra something.  I️ was updating it and now computer don’t work what’s going on,@253198 Let's figure this out. Are you seeing anything on your screen now? Tell us more about what happened during the process.
1646143,@115858 every time i️ type i️ it does some stupid shit with a question mark &amp; an A. get your shit together &amp; fix it before i️ get an android,@502983 Here’s what you can do to work around the issue until it’s fixed in a future software update: https://t.co/xXaXeeSRt9
1354520,@AppleSupport iPhone 6+ both connection modes...,@435872 We’d to learn more. Please meet us in DM to continue. https://t.co/GDrqU22YpT
2360405,"@AppleSupport Sure. So when I type or click on something (like the keyboard, emoji keyboard, text box, etc) the response time is much slower. It stops for a bit then responds. It was not like this before iOS 11.1.1. I’ve not done anything to try to fix it.",@678365 Let's take a closer look. Here's a link to DM us. https://t.co/GDrqU22YpT
1091348,@AppleSupport a few days ago,@377495 We'd like to dig further into this with you. DM us and we'll continue from there. https://t.co/GDrqU2kzhr
2750501,@AppleSupport I tried the classic turn it off and turn it back on. The dock has returned. But it never should have left!,"@770052 That is completely understandable. We are just glad the issue is resolved. If it does happen again, please send us a DM. https://t.co/GDrqU22YpT"
939555,@AppleSupport A 30 min call and my battery went from 100% to 65%. Please acknowledge this issue. This is a throwback to 1989 car phones.,@342718 We'd like to look into this with you. What is your current iOS version? What kind of iPhone are you using?
375567,"Hmm, @AppleSupport, might want to check on Siri. She reads this out loud as the ""10th of September,"" even as it's correctly marked tomorrow. https://t.co/tUW58sSrLI",@205064 We're here to help. Which iPhone and version of iOS are you using? Can you please message us in DM? https://t.co/GDrqU22YpT
238480,@115858 upgraded to latest update last night. Battery drained 15% within 5 mins of looking at news! #batterydrain #applepleasefix #help,"@172740 We'd like to help. So we are on the same page, which version of iOS do you have installed?"
2045067,"@AppleSupport thanks for the update, now I can’t FaceTime","@604777 We'd be happy to look this over with you. Please meet us in DM so we may gather information, and better assist. https://t.co/GDrqU22YpT"
1154831,"@12195 @16201 @115858 Interesting conundrum. How do you get a refund @AppleSupport for a film that doesn't load, despite other streaming services working?",@391676 We're happy to help. For assistance with a refund visit our iTunes Team here: https://t.co/SDIe7UiyJN
2944538,@115858 I reluctantly updated the new OS and all my files from the past 5 years are gone now. How am I supposed to go on?,@813412 We are here for you. Which device did you update? Where were the missing files stored? Do you have a backup of your device?
52309,@AppleSupport 11.1,"@127766 Go ahead and DM us your country, and we'll continue working there. https://t.co/GDrqU22YpT"
1813700,"@AppleSupport 
But i didnt request anything more. I press the link in the e.mail and it want the credit card informaion! Can u help me plz",@544870 Great catch! Did you provide any other personal details when you went to this page? Please tell us more in Direct Message: https://t.co/GDrqU22YpT
37649,@124173 @115858 Can I update my iPad or wait till next update? Update size also above 1GB..,@124172 It's always good to install current updates. Check out this article for ways to make more space for it: https://t.co/GfczciMZXW
262591,"@AppleSupport Again, all of the support people are extremely helpful, but it's just not going anywhere.",@169838 We'd like to look into our options. DM us and we'll continue there. https://t.co/GDrqU22YpT
1033021,.@AppleSupport Can I still make calls on the Apple Watch 3 when I am in WIFI without the LTE Version? #AskingForaFriend,@364413 We're happy to get you pointed in the right direction. Contact us here: https://t.co/8yjRd1Xo0i
1905951,The battery drain of my #IPhone7 since the #iOS11 update is scandalous. It’s less than 50% its duration two months ago @115858 @AppleSupport,@567933 Please DM and tell us what version of iOS 11 you see under Settings &gt; General &gt; About &gt; Version. We'll meet you there to help out. https://t.co/GDrqU22YpT
2113838,@AppleSupport My old messages do.,@623246 We would like to take a look at your voicemail issue more. Let's continue the conversation in DM. https://t.co/GDrqU22YpT
491508,"Why is it that iPhones last for years, but the damn chargers break in a month? @115858 #iphonechargerssuck","@232110 If you're having issues with your charging cable, we'd like to help. Please DM us which device you have and we'll go from there. https://t.co/GDrqU22YpT"
118111,@AppleSupport Well my battery doesn’t last. I have a permanent mophie attached. All my apps crash and take over 30seconds to load consistently,@142194 So we can better assist we'd like to ask a few questions. Do all your apps have this issue or are some more affected than others? Which iOS version are you currently running? DM us and we'll go from there. https://t.co/GDrqU22YpT
2076419,"@614107 @115858 Literally! My phone keeps freezing and I have to keep hard resetting it, proper annoying","@614106  If you are having issues with your iPhone, we'd love to help. Please let us know in DM which iOS version you have installed. https://t.co/GDrqU22YpT"
333216,@AppleSupport Sometimes it’s recording fine. And sometimes it records screen but not audio. And I experienced a couple of times it wasn’t saved in gallery,@195366 Thank you for keeping us updated. Check out this great article: https://t.co/3AvFrytbBb  Let us know if this helps!
2710491,What are the @115858 shops like for returning other brands’ accessories? Bought a @181575 iPhone X case that blocks the microphone and everyone complains that they struggle to hear me. 🙄 #blogger #retweet #tech,@761071 We may be able to offer some guidance here. Products made by a 3rd party but purchased at an Apple Store can be returned there subject to the standard 14-day time limit.
674663,"I hate this new update my phone doesn’t even last half a day fully charged !! 😡😡😡 , mmg @115858",@123589 Battery life is essential; we'll do all we can to help. Let's connect in DM to get started: https://t.co/GDrqU22YpT
1291182,@AppleSupport Tried it numerous times &amp; the backlight comes on nothing else! Only had the phone a few month &amp; no I have not done a recent back up which makes the matter worse.,"@421947 Thank you for letting us know. We'll do all we can to help. Please send us a DM, so we can take a closer look. https://t.co/GDrqU22YpT"
181431,I want to break my phone because of the new IOS 🤦🏻‍♀️🤦🏻‍♀️🤦🏻‍♀️ everything is so slow and my battery life sucks @115858 what’re u doing. 😭,@158622 Let's look into this performance issue for you. Send us a DM with your exact iOS version and when you first started noticing these issues. https://t.co/GDrqU22YpT
1220453,"@AppleSupport yes. That’s where I reinstalled the os from. It won’t let me load a recovery from time machine though. It’s on a network hd, but it just errors out.",@406343 Can you let us know the error you're getting?
897670,"It’s not even 12 and my iPhone died twice today once it said 60% and the other at a whopping 91, what’s going on bruh @AppleSupport",@333180 Thanks for reaching out. We would love to help you. Can you please tell us which version of iOS you are currently running?
1772149,@AppleSupport this is me waiting on ya to fix the bug with the I️ until then its text replacement i suppose!!! https://t.co/blijRifUUM,@532641 Let's look at this together. Send us a DM and we'll go from there. https://t.co/GDrqU22YpT
1364807,@AppleSupport my iPhone 8plus keeps disconnecting from my Bluetooth speaker,"@437766 We'd like to help with this Bluetooth issue. Are there any other Bluetooth devices you use? If so, does the same happen?"
2520730,@AppleSupport why will my iphone 7 not connect to wifi anymore since ios11??,"@717981 Thanks for reaching out. We know how important it is to be able to connect to Wi-Fi, so we'd be happy to look into what's going on. To start, can you let us know which version of iOS 11 you're using, as well as what happens when you try to connect to a Wi-Fi network?"
2628954,How come my debit card was added smoothly to Apple Pay on my watch but not my phone @AppleSupport it keeps saying invalid card but all the information is correct,"@742480 Hey, there. If you're experiencing difficulties adding a card to Apple Pay, let's first check out this article: https://t.co/Saz92f9xOE Let us know if that helps."
2525542,"@AppleSupport Hello. I'm on iOS 11.1.1. This happens with all audio (Music app, Podcasts, Safari audio. Dropbox audio etc). Only on the lock screen though. The scrubber is frozen and so is the time duration and time remaining. But I can play, pause and skip as usual.",@324976 Let's take a closer look together. Please DM us when you first experienced this behavior and we can go from there. https://t.co/GDrqU22YpT
480569,What is the problem with @115858 why do my texts always seem to read that “ I️ love I.T”,@229208 It's important that all features of your iPhone work great and we're happy to help. Would you please let us know which version of iOS version you currently have installed? This is located in Settings &gt; General &gt; About.
1548842,@287836 Same problem! That question mark for “I️”. @AppleSupport what is happening?,@479457 Things like this are never convenient. Take a look at our article here: https://t.co/xU1AGHStV6
543643,@AppleSupport https://t.co/8nlHMnzgx0,@246272 Hi. we'd love to help you get this resolved. Please follow the steps listed in this article: https://t.co/osZOKKTalm
820693,@AppleSupport Updated the morning it was released.  No specific app. Lockup today was leaving Messages.,@315483 Are you having to fully restart the iPhone when this happens or does it free up eventually? DM us and we'll continue from there. https://t.co/GDrqU22YpT
764866,"@AppleSupport I have the 6S, if I 📱 a 7 and can’t hear them but I can hear my keynotes when pressing the #’s, is that the 7 flaw B4 1103 UD",@302808 We're here to help. Let's take this to DM so we can better assist you. https://t.co/GDrqU22YpT
2440851,@115858 if y’all don’t fix this fucking I️ problem I’m switching to Samsung,@700025 We've recently released an update to fix this. We do recommend creating a current backup of the data on your device before updating. Here's more about the new update: https://t.co/xU1AGHStV6 Let us know if this helps. https://t.co/GDrqU22YpT
1717607,@AppleSupport Yes because I have tried changing it with an adapter and the battery depleted,@520092 Do you have another charger you could try with? DM us and let us know. https://t.co/GDrqU22YpT
1680727,@AppleSupport I need some help with setting up family sharing and changing from a USA to Uk account please,"@511046 We can help out! First, you'll need to update your store. Check out https://t.co/R7Ig2tFP0R for details on that process."
152801,@115858 fix this now! https://t.co/8Yf4gqL1Tm,"@150947 An update has been released to assist with this issue. If you haven’t yet, please back up your device and update it to iOS 11.1.2. For more info, check out: https://t.co/4f8hwT5to6"
1509405,@AppleSupport Only chrome. Since latest ios update.,@470356 No worries. Let's work on this together in DM. https://t.co/GDrqU22YpT
52302,"@AppleSupport the new IOS software has completely screwed my phone up - slow, crashes, calls don't get recognised...","@127764 We'd like to look into this with you. Did you already complete the update that was just released, iOS 11.1?"
1219239,@115858 switching to @125607 becoz ur new update keeps on turning my wifi on even when i dont want it. Its very irritating.,@406062 We'd like to help. Are you disconnecting Wi-Fi through the Control Center or disabling it through Settings?
2787865,uh hey @AppleSupport  my gifs aren’t working they just show as grey squares and I’m trying to send my girlfriend funny gifs so please help 👍🏻,"@778267 Thanks for reaching out about this behavior. Are you using Messages to send those gifs, or are you using a different app? How long have you been experiencing this behavior? Also, which device are you using?"
595790,I legitimately bought my new iPhone X 24 hours ago and now the display is showing this bright light purple line and the colours are glitching! I haven’t dropped it damaged it or anything! @AppleSupport https://t.co/i6su9sduJr,"@261180 Thanks for reaching out to us today. We understand your concern with this issue, and would be happy to look into the best options with you. To start, can you DM us where you're currently located, and where you purchased your iPhone from? https://t.co/GDrqU22YpT"
1019336,"@AppleSupport is there a problem with accepting/making phone calls after the latest software update, my phones having issues with this",@361194 We'd like to work with you. What happens when you try to make a call?
2595537,@AppleSupport itunes on windows or MacOS. The Save to Playlist option is gone from the sharing widget. It's still there in iOS.,@289166 We'd like to work on this with you further in DM. You can use the following link to meet us there. https://t.co/GDrqU22YpT
1933835,@115858 ...unless I turn off the phone and turn it back on. Which that has become hard to do as well now! Very disappointed at this update.,@575443 This is certainly not an experience we want you to have. We'd like to gather some info. Please meet us in DM. https://t.co/GDrqU22YpT
2690865,"Hey , why am I getting prompts to install macOS High Sierra, onto a late-2015 i7 3TB Fusion iMac—which isn’t yet compatible? @AppleSupport https://t.co/DK8PkwjFZC",@756470 Let’s take a closer look into this. Send us a DM to continue. https://t.co/GDrqU22YpT
564045,"Yo @AppleSupport it would be nice if you'd send out an alert about this problem, which has been driving me crazy all day and last night. https://t.co/BvX4Rp2E3U","@252092 If you're experiencing this issue, you can refer to this article for support: https://t.co/osZOKKTalm"
1648447,@AppleSupport why does this keep happening? I️,@503597 Here’s what you can do to work around the issue until it’s fixed in a future software update: https://t.co/xXaXeeSRt9
256737,@115858 why the fuck my phone start freezing every time the new one come out,@177052 We’d be glad to look into this further with you. Can you start by confirming more about the issue via DM? https://t.co/GDrqU22YpT
1956089,Swear Apple fucks up these phones on purpose when a new phone comes out to make me buy it. Why my home button and Touch ID not work @115858,@580527 We want to look into this with you. DM us using the link below and let us know details of what's happening with your iPhone. https://t.co/GDrqU22YpT
1745972,Dear @115858 why can’t i type the letter I without it changing .. it is now also doing it when i write I’m !! Fix it!!,@526411 Here’s what you can do to work around the issue until it’s fixed in a future software update: https://t.co/xXaXeeSRt9
1626178,@AppleSupport Upgraded to 11.0.3 and old notifications still appear. This is such a silly issue created by iOS 11. Fix this issue https://t.co/kC1hZifzcL,"@289239 We want to help! If you use 3D Touch on the (X) button, does it give you the option to ""Clear All Notifications""? https://t.co/GDrqU22YpT"
2353638,@115858 fix this https://t.co/gaqCsHGHrj,@680092 We want to help. Have you updated to the latest version of iOS? You can check in Settings &gt; General &gt; Software Update.
1795703,@AppleSupport I was on face time my battery at the start was 42% I was on the call 9 minutes and my battery dropped to 14%! Outrageous!,@399151 Happy to help. Is this the first time you have seen this issue with your device?  We'll get information here to figure this out.
2130334,Anyone else having issues with the messages app crashing when opening it? @115858 #apple #iphone #helpmeLord,@627034 Let's help with your Messages. Which iOS version are you running? Any other apps crashing upon launch? Does restarting help?
1850847,"@AppleSupport Also, when I use certain charger cables, my screen goes utterly bats***, typing and tapping by itself. Not cool, guys. Knock it off.",@554044 Thanks for keeping us updated. Which device are we working with today? Let us know in DM and we'll continue there. https://t.co/GDrqU22YpT
2690867,"Hey @115858, why won't my iPad stay alive for 30 seconds even when plugged in??","@756471 We're happy to help. Are you charging using a computer, or a wall outlet? Let's try following this article and see if it helps: https://t.co/uqxquyfdn0"
374198,The iOS 11 point whatever does nothing but suck the life out of my battery. Way to go @115858. #fb,@204718 Thanks for reaching out to us. Please let us know which device you are using and when you updated your device. Thanks.
503657,"No matter how many country songs I dislike in my @115948 New Music Mix, it keeps including them. I’ve disliked the genre and even reset my profile. What gives @AppleSupport?",@235370 We definitely want you to enjoy your Apple Music as expected. May sure you are following the steps here to manage your Apple Music suggestions: https://t.co/zrXCbURjiu  DM us if you run into any trouble: https://t.co/GDrqU22YpT
627888,Updated my 6s to IOS 11.1.2 during the night. This morning my phone died with 64% battery. No @115858 I'm not paying 1000$ for your new iPhone X.,@268708 We want to help with your battery life. Have you checked our steps here? https://t.co/bivpdfBNJ6
1674761,"@AppleSupport I’ve already done this. However, this still poses an issue on certain platforms.",@509565 We're glad you had the chance to review that article. Select the following link to join us in a DM and we'll continue there. https://t.co/GDrqU22YpT
2723082,@AppleSupport i am having some issues on my iphoneX while using keyboard!,@763896 We're here to help you get back to enjoying your new iPhone X. What issues are you having?
689370,Is anyone else’s Touch ID not working after iOS 11.1.2 update? #apple #iphone #update @AppleSupport,@284730 Let's look into this Touch ID issue for you. This page can provide some guidance: https://t.co/xqiXha6yeB DM us if you are still experiencing issues. https://t.co/GDrqU22YpT
2005435,@AppleSupport can you please help me with my autocorrect issue like you helped @592259 I’m out here strugglinggg,@593043 We can help you out. Take a gander at the following article and DM us with any questions. Thanks. https://t.co/xXaXeeSRt9 https://t.co/GDrqU22YpT
748819,@AppleSupport Voicemail transcripts don’t seem to be working after upgrading to iOS 11... is this a known issue? Is there a manual fix?,@299005 Let's look into this together. What happens when you try to us Voicemail transcription? Is there an error message?
1950733,@115858 Was trying to teeet but my phone shut down on its own for no reason. Any thoughts? 🙋🏻I have one! Fix the update!,@579377 We'd love to help! Certainly not what we want you to experience. Please DM us about the issues you're seeing. https://t.co/GDrqU22YpT
1787359,"@AppleSupport so no, no help with this one?","@536967 We'd be happy to look this Apple Music issue over with you. Please meet us in DM so we may gather info, and better assist. https://t.co/GDrqU22YpT"
519199,"@AppleSupport My phone freezes, I can tap on the screen and nothing will happen. Sometimes I have to wait it out or click the home button repeatedly. If I swipe up my phone swipes right on occasion. Sometimes it goes completely dark.","@239807 When you see the phone go completely dark, how long does that last? What do you see when that ends? Does that show a spinning gear, or go back to the home screen? Let us know in DM to continue. https://t.co/GDrqU2kzhr"
1595049,.@115858 I️ can’t use the letter “eye” on my phone. How do I️ fix this?!?,@490114 We've got steps that can solve that. Check those out here: https://t.co/xU1AGHStV6 and let us know if that doesn't help.
1598593,"Apple has really been slacking lately with these updates! First my phone’s freezing and stuff. Now, wth is an I️? @AppleSupport","@490989 Try out the steps in this article: https://t.co/xU1AGHStV6
Let us know if that works for you in DM. https://t.co/GDrqU22YpT"
938200,@AppleSupport @325308 I’m having a problem with my gmail notifications not updating. It’s always wrong. Tells me I have new emails when I don’t.,@342404 Let's look at this together. Which device and software version are you using? DM us. https://t.co/GDrqU22YpT
59599,@AppleSupport my mac is stuck on mute.. please help me,@129595 We want to help. What type of Mac computer do you have? Have you tried re-starting?
179052,The new update made Siri stop working :/ @115858,@158222 Let's see what's going on. What happens when you try to use Siri?
2021768,Phone battery draining and texts from people not appearing for hours after being sent. Please fix @115858 support,"@597934 Let's tackle all of your iPhone's issues together, starting with when this started? Also, which model do you have and iOS?"
556055,@AppleSupport my phone keeps restarting every 2 minutes. What’s going on?!,@249889 Let's see about getting your iPhone running more smoothly. Start by taking the steps listed in this support article: https://t.co/osZOKKTalm Be sure to follow the steps as listed for the best experience. Let us know if that helps please.
416668,@AppleSupport Yes. But Even after I turn it off in settings it comes back on the next day. I NEVER USE WIFI ON PHONE. I have to turn it off every morning!,@214404 Let's have a look at this together. Please DM us. https://t.co/GDrqU22YpT
936788,@AppleSupport your new IOS update is garbage. All Apps are messed up. Screen keeps freezing up. Podcast App doesn't work correctly.,@342074 We want to help. What device are you having issues with and what version of iOS are you running?
689339,@AppleSupport I have problem with my iPhone like this. just see (apple) without working. I am from Saudi Arabia. https://t.co/tORS6ToBYt,"@284719 We're happy to help with this. To start, check out these steps: https://t.co/8MvHMFZ83h Keep us posted on the results."
2128178,#ios11 is way too big for my #iPhone5s. Serious slowdown and many flaws make it unusable. Very unhappy with the update @115858.,@626530 We certainly want you to be able to use your phone. Click here to connect with us in DM. We'll pick up there: https://t.co/GDrqU22YpT
1763,"@AppleSupport Thanks, thing is I still have like 81 cents in credit and won't let me do that until I have zero credit",@116100 Try contacting our iTunes Store team here for more help: https://t.co/SDIe7UiyJN
1211071,Thinking to switch to @125607 next time! @AppleSupport Is there a way to reverse the software update? Phones a nightmare to use now!,@404268 Let's look into this together. Could you tell us which iPhone and iOS version you're using?
699590,Why the fuck can’t @115858 get the keyboard together? Stop trying to make it to I.T. I don’t want to use I.T. I want to use it!,@286898 Let's have a look at this together. Can you please DM us? https://t.co/GDrqU22YpT
2913291,@AppleSupport I tried to do that. Didnt help. The screen continued to be on the apple logo,@806472 OK.  At this point we recommend updating via recovery mode using iTunes.  This article explains how:  https://t.co/iYLZzFD8qZ
2078239,iOS11 is the buggiest piece of crap I've ever had on my phone. @115858 should be ashamed.,"@217285 Let us know via DM the issues that you're experiencing, and then we can work together on resolving this. https://t.co/GDrqU22YpT"
55110,@AppleSupport why is my phone acting up saying im out of storage? How do I go from 60gb then delete Spotify(3gb) and end up with 59gb,"@128495 Let's work on this together. When you get the message about storage, is it referring to your iCloud Storage?"
1746914,"@AppleSupport No, because I am beta tester, and I have the latest beta release https://t.co/g7iKuMvOey",@526651 Thanks! Let's meet up in DM to check further into this. https://t.co/GDrqU22YpT
325508,@115858 fix my battery life,@193541 We'd like to work with you to find the best solution. What type of device are you using? Tell us via DM. https://t.co/GDrqU22YpT
2526281,@115858 come on now i updated my phone what’s going on with this?? https://t.co/Yj0Yo6Jspe,@719323 We're here to assist. Please meet us in DM and we'll take a further look at this together. https://t.co/GDrqU22YpT
2893380,Hey @118721 @AppleSupport is this legit or spam? Should I follow the instructions? https://t.co/59w7cCMohS,@801935 Hello there. Check this link for tips to identify Phishing emails https://t.co/6Ye6EtSytB Questions? Let us know. https://t.co/GDrqU22YpT
2373308,"A bateria do meu iPhone está ""estufando"" ,entrei no site da @AppleSupport dizia pra eu ir na loja,na loja falaram que não sabem o que fazer!! Oiii Apple ajuda aí vai","@684685 Since our Twitter support is available in English, get help at https://t.co/IBIY3w3RGR or join https://t.co/pvaOFg6Mb1"
2298283,Dear @115948 @AppleSupport @115858 if I’m paying for Apple Music monthly why some of my songs is unavailable 🙄🤔,@667145 We'll be happy to help. Let us know which songs you're having trouble with in a DM and we'll take a closer look. https://t.co/GDrqU22YpT
2349378,@AppleSupport Had been no movement for 30 minutes. Then started moving and has progressed.,@679109 Great! We’re glad to hear that it’s progressing now. Let us know if the issue persists or what happens after that finishes progressing.
2492408,@AppleSupport still no reply waiting reply from apple support?????,@711549 Hey there! We've received your DM and will join you there shortly. Thanks!
2117839,@115858 why did this update turn my letter I️ into an emoji... as well as force me to spell out eye as a replacement for this letter... I️ want my letter back. I️ swear if this tweet shows an A and a question box😤,@624175 Here’s what you can do to work around the issue until it’s fixed in a future software update: https://t.co/xXaXeeSRt9
114457,@AppleSupport My brand new iPhone X won’t connect to ANY of my devices over bluetooth.,@141446 We'd like to help. Let's take this to DM and we'll explore ways to provide you assistance. https://t.co/GDrqU22YpT
2476131,Hey @115858 can you please get your shit together🙃 my phone won't stop crashing every 2 min &amp; has like a 15 second delay on everything. Thxxx,"@707819 Hey Megan. We're happy to lend a hand, and get your iPhone back up and running for you.
When you say it's crashing, is this happening when opening or using apps, or is it at random? What's the current iOS version you have installed in Settings &gt; General &gt; About?"
2321172,@AppleSupport I might be 🤔. Explain,"@672657 If you're testing beta, then feedback is usually requested and recommended as this helps with the release of the next iOS update."
1623388,sick @115858 great update! always know exactly what i️ want to say “!?”,@497287 Thanks for reaching out to us for support. Please check out this link for help with your issue: https://t.co/gKAEL4wRnw
1615433,"@AppleSupport Thanks! I dont care what @1066 says about you, you guys are fantastic.","@495459 You're so welcome! If any other issues arise, just get back in touch. Have yourself a terrific day."
1336351,"Also @115858, might be helpful to have a chat and phone lines that work for help in ordering. #iphoneX",@431735 Our Apple Online Sales Support team is here for assisting you with any orders. Reach out to them here: https://t.co/8yjRd1Xo0i
1598102,"bro, @115858 ... wassup with these question mark boxes. my pockets cant afford that X rn, yall gotta fix this.",@490873 Visit this link for steps regarding this issue:  https://t.co/xXaXeeSRt9 DM us any questions. https://t.co/GDrqU22YpT
768175,@AppleSupport I did that ..I recommend you fixing the update,@303467 Thanks for checking out that article. Let's look into this a bit closer by joining us in DM. Use this link to get started: https://t.co/GDrqU22YpT
550794,@AppleSupport Apple cash not appearing after recent iOS 11.2 update.  Any help would be appreciated.,@248321 We've received your DM. Let's continue the conversation there.
1648372,Got my phone “fixed” yesterday at @115858 to get my alarm to work/go off with sound and wake me up on time. Guess who’s late again today!!!!,@503574 We're here to help. Let's take this to DM so we can better assist you. https://t.co/GDrqU22YpT
148181,"@AppleSupport my iPhone 6s seems to be losing battery VERY quickly. (Gone from 30% to 9% in about 20 mins) is it worth taking to a Genius Bar, can they check battery function?","@149706 We'd love to look into this with you. DM us which version of the operating system your iPhone is running and the country you're in (as support options vary by location), and we'll get started. https://t.co/GDrqU2kzhr"
1368856,@AppleSupport Hi. How to watch TV show I purchased in iTunes Store if I do not have TV provider?,@270253 Thanks for contacting us. We know it's important to enjoy purchases. We recommend checking out this link: https://t.co/TdyX7Tixpt
2291585,"@AppleSupport hello. I am so annoyed at the new updates on iPhone. It’s literally has ruined my phone from function normally to very slow, is this a scam for people to buy new phones wtf",@665538 That’s not the experience we want you to have. Send us a DM and let us know which country you are located in to get started. https://t.co/GDrqU22YpT
48041,Hey @AppleSupport how does your operating system occupy almost 50% of my phone’s storage? https://t.co/yM3WDFCMD1,@126742 Let's look into this for you. Send us a DM with your current iOS version to get started. https://t.co/GDrqU22YpT
1159157,This iOS update got my phone dying fast as fuck wtf @115858,@392684 What version of iOS 11 are you running? Find that in Settings&gt;General&gt;About.
2143299,Until @115858 fixes this “I️” glitch. l’m usuing a lowercase “L”,@630144 Here’s what you can do to work around the issue until it’s fixed in a future software update: https://t.co/xXaXeeSRt9
703072,"@AppleSupport
Cleaned iphone 7 with wet tissue and service centre told me that it is liquid damage. 😡😡😡😡#Iphone7NotAWaterResistance",@287947 Thanks for reaching out. We're here to help. DM us so we can look into this further with you. https://t.co/GDrqU22YpT
554846,@AppleSupport USA and problem solved via genius bar,@249514 We're glad you were able to solve the issue. Have a great night.
2116302,@AppleSupport can y’all please fix this annoying bug??? https://t.co/VRGhe6SIr8,@623841 Here’s what you can do to work around the issue until it’s fixed in a future software update: https://t.co/xXaXeeSRt9
756514,@AppleSupport I wish you guys would bring back the old music watch Os app! I loved browsing my entire phone’s music library on my watch and controlling it,@357355 We love to hear how our customers wish to use our products. You can tell us more about this here: https://t.co/ODFtc9V7Tq
617111,@115858 @AppleSupport latest update on the #apple #podcastapplication destroyed my complete usability AND the order i had for my channels. also it keeps shutting down. it is the WORST. i am so pissed and this is for every single moment i am using it.,@266409 We’re here to help. Please DM us the device model you’re using so we can better assist you. https://t.co/GDrqU22YpT
991780,@AppleSupport Fixed it. Found out about the repair library option.,@354926 Glad to hear that. We're here for you if you need us in the future. Have a great rest of your day.
1232223,"Dear @115858,

Please fix this crazy screen orientation so it will work properly!

Sincerely,
All iPhone users",@408997 We'd be happy to look into this. Can you DM us the model and version of OS we are working with? https://t.co/GDrqU2kzhr
441355,@219683 @AppleSupport That crap started with my 6+ in JULY!!!!!,@484717 We can help. Let us know in DM more about what you're experiencing. We'll go from there. https://t.co/GDrqU2kzhr
388878,@AppleSupport Why have a large number of my contact pictures vanished on iPhone? I noticed on the message app and checked contacts as well!,@208016 We want to help. Which iOS version is your phone currently running?
2114802,@AppleSupport the App Store shows some apps need to be updated and when i try to update them it just gives me a blank page. What can I do? https://t.co/YulU45ZmlC,"@623496 We’d love to help. To start, which iOS version are you using? Have you had a chance to restart the iPhone?"
29553,Since the newest update my MAC won't stay connected to my mouse &amp; kb (bluetooth). Help @AppleSupport !?!,"@122490 We know how essential Bluetooth is to using wireless devices. We'll be happy to work with you to get to the bottom of this. To confirm, you updated to macOS 10.13.1, correct? Have you tried unpairing and repairing your Bluetooth devices?"
1121688,"@AppleSupport Anything that brings up the keyboard for you to type. As I said, it’s not all the time just some of the time. Has anyone else reported this?",@384582 Let's move into Direct Message and we'll look into this further with you. https://t.co/GDrqU22YpT
2001699,"@115858 11.1 has too many issues , when will fix be released?","@591894 While we’re unable to speculate on when the next update will be released, we’d like to help. Meet us in DM to continue. https://t.co/GDrqU22YpT"
1556369,@AppleSupport I have 11.1 on my 6S,@481194 Got it. It appears you are activating the Reachability feature. Read more here: https://t.co/eYFO74gRXj
235263,@AppleSupport 11.0.2 version is not properly work in iPhone 6 and not work Facebook app properly,@279774 We’d be glad to look into this further. Send us a DM and let us know exactly what's happening. https://t.co/GDrqU22YpT
2345958,@AppleSupport how do I️ prevent the question mark from typing in place of the capital I️? #iphone8s,"@678356 To help resolve this issue we recommend backing up your iPhone, and updating to iOS 11.1.1. More information on this issue, and updating, can be found here: https://t.co/xXaXeeSRt9 https://t.co/GDrqU22YpT"
1266502,@115858 because this makes sense right? How do I have one app over a gig and almost 6-7 just missing???? You guys suck https://t.co/hzMBHynKcy,@289445 We'd be happy to see what's taking up your storage. Which iPhone and iOS version are you using?
1743650,@AppleSupport why can’t we type “I” ? Why does it come up as I️ ???,@525921 Here’s what you can do to work around the issue until it’s fixed in a future software update: https://t.co/xXaXeeSRt9
2202130,@AppleSupport When the screen is off automatically or locked the airplay on Apple TV stops and make me unlock the phone and play again,@643970 Got it. We'll want to get the Apple TV experts involved on this. Reach them direct here: https://t.co/IBIY3vMgPj
1484858,"Hey @applesupport can you help me?
https://t.co/eFMPy1bQkd",@464822 We are here to help with your Apple products or features. What seems to be going on?
2520769,"-can’t change songs from lock screen anymore
-can’t use airpod volume or pause controls unless spotify is open
-youTube videos freeze but sound plays
-apps crash
-speakerphone doesn’t work on calls

iOS 11 is fucking trash!! Fix this shit @115858 @AppleSupport @115888",@717992 We’d like to look into this. Send us a DM and tell us which iOS version the iPhone is running at this time. https://t.co/GDrqU22YpT
336608,@AppleSupport Is possible to add GPS tracking to the peddling workout?  Would be very useful for our practices.,@306394 We always accept feedback to help improve our products! Please visit our Feedback page: https://t.co/oWzjJxkvlC
2699053,Why is it that when a new Iphone is released or soon to be released my current iPhone starts slowing down or malfunctioning! Hmmm sounds suspicious....@AppleSupport #TeenMomOG,@758303 We'd like to see what's going on with your iPhone. DM us which device you have and the iOS version you have currently installed. We'll start working with you there. https://t.co/GDrqU22YpT
125013,Machine Gun Kelly - Fuck Life ( News Songs 2017 ) https://t.co/gDKLuDgVia via @126972 @5515. Where is this song at? I can’t find it on @115858 music???? Thanks!!!,@144019 Hey. Thanks for your interest. Check out which Apple Music songs are available in your region with this link: https://t.co/GD3awecJOw
123090,@AppleSupport Is there something I need to do to get my mail on Mac (High Sierra) to synch with mail on iPad Pro/iPhone running latest 11 software?,@143490 Hi. We'd be happy to help. Do you have the same email accounts set up on all your devices?
1760288,Oh hey @115858 can we fix this fun I i A? Thing. It’s driving me crazy!,@217059 We'll be happy to help. DM us and we'll get started. https://t.co/GDrqU22YpT
2549525,"@AppleSupport No, I'm not. It asks for the verification code and I don't have that phone number anymore.","@724385 Take a look at the following article, it has a lot of information that may assist you: https://t.co/l8JQi8VV5d"
1766748,Dear @115858 me don’t like taking like this so me would like you to fix the bug that’s making the “eye” letter not work me thank you,@531289 Here’s what you can do to work around the issue until it’s fixed in a future software update: https://t.co/xXaXeeSRt9
1909633,Relax @115858 @AppleSupport cause my battery never used to die this quick,@568877 We want to help. DM us details on which device you're using when your seeing this power issue and we'll continue there. https://t.co/GDrqU2kzhr
2134870,@115858 literally is gonna get hit. Like i have notes i can’t even find anymore. like wtf there was important shit on them,@628087 We'd like to get caught up on the issue. Please DM us so we can gather further details. https://t.co/GDrqU22YpT
2633175,"@AppleSupport I see the update now.
Thank you!","@743480 You're most welcome. If you have any other issues after updating, don't hesitate to let us know."
2000168,@AppleSupport i updated my phone and it doesn’t fucking work anymore can i have a new one,@591422 Hi. This is not the experience we want you to have. DM us and tell us more about the issue you're having. https://t.co/GDrqU22YpT
832189,Exijo @115858  que soluciones todos los problemas que me ha traído el iOS 11! 😡,@318200 We offer support via Twitter in English. Get help in Spanish here: https://t.co/IBIY3vMgPj or join https://t.co/OczyRx7IOs
1583836,"@AppleSupport My default Pictures location in my @116230 laptop is in @130906 Now, I've changed the uploads and downloads part of iCloud Photo library to personal folder. If i try to change the Shared folder location, it goes back to #OneDrive location. #Help",@487415 Great questions! Let's get you in touch with our Photos specialists for more help here: https://t.co/IBIY3vMgPj
2812643,"@AppleSupport Running on IOS 11.1
This problem always happens it’s a daily thing and has been for months",@784265 Thanks for the information. Let's continue in DM. https://t.co/GDrqU22YpT
1714092,@115858 when are you guys going to fix this I problem?,@519084 Here’s what you can do to work around the issue until it’s fixed in a future software update: https://t.co/xXaXeeSRt9
2193303,@AppleSupport last iPhone update has deleted some of my co facts. iCloud restore did not help. :-(,"@641894 Let's take a look at this together. Have you removed any accounts from your iPhone recently? If you log into the iCloud website, do you see your contacts there? Let us know in DM and we'll get started. https://t.co/GDrqU22YpT"
1350638,#iphone6s has been rendered completely useless with #ios11. Hangs way too often. Get it fixed guys! @115858 @AppleSupport @116333 #apple,"@434938 Meet us in DM and fill us in on what exactly you see occurring, then we can help out from there. https://t.co/GDrqU22YpT"
841873,@AppleSupport from 80% battery to 10% battery in an hour. Not cool. Send help.,@320259 That's certainly unexpected. We'll be happy to assist. When did this start happening and are you up-to-date with 11.0.3?
1588250,Yo @115858 y’all need to fix this bug https://t.co/IRiUbxYjKk,@488459 Hello there. Try out this work around until this issue is fixed in a future update: https://t.co/xU1AGHStV6
2555319,WHY DO I STILL SEE BOXES AFTER I UPDATED MY PHONE @115858,@725620 Are you seeing boxes when you try to type something or are you seeing the boxes in other people’s posts or messages?
817026,@AppleSupport 11.0.3,@314587 We'd like to further review this for you. Please DM us and we'll get started. https://t.co/GDrqU22YpT
304454,"@AppleSupport Im assuming they are because I didn’t see an option to update and it showed at&amp;t next to carrier, but “not available” next to network",@188705 Thanks for those details. Check out this article and let us know if the issue perists: https://t.co/5KootZbxj1
23077,"@115858 ok not sure why this is happening but I need assistance charged my iPhone X (purchased yesterday) wirelessly and reached for it and this was on the screen, I could probably fry an egg https://t.co/WgADbE9263",@121026 We'll be happy to take a look into this with you. Could you please send us a DM with what country you're located in so we can get started? https://t.co/GDrqU22YpT
2261588,"@115858 @AppleSupport @258625 Apple very upset about the last 2 #IOS updates. Battery drain, slow charge, &amp; broken/slow messages #Sucks!😡",@658465 We want to help! What model of iOS device are you using? Do you have the most recent version of iOS 11.1.1 downloaded? DM us and let us know. https://t.co/GDrqU22YpT
2487252,"@AppleSupport Okay listen here Apple I just did a damn test now fix this, microphone audio is on and you can’t hear the device audio nor my beautiful commentary over it https://t.co/48mH2ImAvy",@710399 We'd like to look into this with you further. Could you Direct Message us and let us know what iOS version you're currently using? https://t.co/GDrqU22YpT
2012124,@AppleSupport I requested an account recover on Sunday. How long does this take exactly?,@594974 Thanks for reaching out! This article will explain more about the account recovery process: https://t.co/nXAGZj0EE7
2341908,For some reason my watch @AppleSupport has decided to stop receiving notifications. Eveything seems to be on and correct ?,"@221762 Thanks for reaching out to us. We are always happy to help. Have you tried restarting the Apple Watch to see if the issue persists? If so, send us a DM so we can look into this with you there. https://t.co/GDrqU22YpT"
2892100,"@AppleSupport I keep getting a message saying mobile data off, I know it’s off but the message is annoying how do it stop this?","@556642 This message will appear if there is no connection type available. To avoid this message, be sure you're connected to Wi-Fi if available."
1005012,@115858 WHAT THE FUDGE IS WRONG WITH MY MF PHONE?! IM GETTING MAD HERE @115858 @AppleSupport,@357873 We're happy to help. Tell us more about the issues you're experiencing with the via DM. We'll go from there. https://t.co/GDrqU22YpT
2001620,@AppleSupport I had thousands of offline @115948 songs on my phone and now they're all gone 😭 what happened???,"@591865 Let's look into this together. DM us and let us know the type of iPhone you're using, the iOS version, and we will go from there. https://t.co/GDrqU22YpT"
1673611,Can we get this bug fixed so i can write something without these weird characters? Highly annoying. ( I️ ) @AppleSupport @115858,@330060 Here’s what you can do to work around the issue until it’s fixed in a future software update: https://t.co/xXaXeeSRt9
2299374,"I️ hate this stupid update, these I️ look like a mf A and a question mark. @115858 wassup?????",@191596 That's not the experience we want you to have.  We want to help.  What version of iOS is on this device?  Go to Settings &gt; General &gt; About.  What do you see there?
1405510,@AppleSupport Found a visual glitch that won’t go away even after restarting. It shows the numbers in the animation but goes away when done https://t.co/uT5ekYralk,"@446722 We’d love to help. To start, send us a DM with which device and exact software version you’re using. https://t.co/GDrqU22YpT"
867468,@AppleSupport the home screen control panel should CONTROL... not disconnect (for it to re connect 30 seconds later on its own) fix it,@325981 Thanks for reaching out. We're happy to explain. You can learn more here: https://t.co/Ikfbnj28qe
90641,So my IPhone 6s was on 100% at 10:00am. It’s 10:37am. I’ve been listening Spotify. It’s gone from 100% to 15% in 37 minutes. Surely that’s not normal @115858 @AppleSupport,"@135621 We can help out with battery life. Do you know what version of the iOS is on the device?  If not, you can check under Settings &gt; General &gt; About &gt; Version."
1852009,Mid-2010 MacBook Pro stopped powering on. Battery indicator doesn't work and doesn't charge. Tried resetting SMC to no avail. @AppleSupport,@554289 Let's try to revive your Macbook Pro. Try the steps here: https://t.co/RqWW0duJ0U Do you have another power cord to try?
540996,@AppleSupport Hello. Will this work in Mexico?,@734134 Thanks for reaching out. This article provides additional information about counties and regions that support Apple Pay: https://t.co/z8jcDwhby1 Let us know if you have any additional questions.
1762158,@70035 @AppleSupport @115858 the glitch that changes I️ to random symbol isn’t from ios11.1. I️ haven’t updated to that.,@530217 Here’s what you can do to work around the issue until it’s fixed in a future software update: https://t.co/xXaXeeSRt9
1418601,@115858 @AppleSupport something is wrong with this update “eye” cannot type the letter “eye” with the box with a question mark in it. Ex. I️,@449732 We'd like to look into this with you! Join us in DM with the version of iOS installed. Found in Settings &gt; General &gt; About.
1752070,@AppleSupport Using 6s and since software update on Sunday to 11.0.3,"@527850 Thanks for that. Next, we'd like to see if you have a recent backup of your iPhone: https://t.co/zv4Y31qcjn"
489683,@AppleSupport one-time issue,@231630 We're glad to hear it cleared up. Let us know if you continue to have issues or have any questions in the future and we'll do all we can to assist.
2681375,@115858 I got my phone a year ago and the component inside the iphone is not working. this is the 3rd Iphone I got with this issue! #upset,@754324 We want to look into this. Can you tell us more about the issue? https://t.co/GDrqU22YpT
1889770,"Control center not matching now playing, dictation doesn’t work, camera fails to open, photos not saving screen shots @AppleSupport",@563559 We want to help you get your iPhone back to working properly.  Please respond in DM with which iPhone you’re using. https://t.co/GDrqU22YpT
2683829,"@AppleSupport I have rebooted it twice since the green line appeared, most recently 1 hour ago.",@754857 Was your iPhone dropped?  Exposed to extreme temperatures or liquid?  Please let us know in DM. https://t.co/GDrqU22YpT
2981642,@AppleSupport still no haptic feedback on iPhone keyboard 📱 after new update. ??? Has this been disabled.,@578440 Let's have a closer look. Please DM us. https://t.co/GDrqU22YpT
1674054,@AppleSupport The letter i doesn’t work anymore lol,@509370 Hello! Here’s what you can do to work around the issue until it’s fixed in a future software update: https://t.co/uQeXsrrlXJ
587040,"@AppleSupport how come features that my Watch had in earlier software releases are now gone? Eg browse iPhone's music library from Watch, add to Up Next queue using Siri on Watch. These were features I used all the time, doesn't seem right that functionality gets removed.",@258643 Those are wonderful features and we’ll be happy to look into this with you today. Let’s begin by getting a little info on the watch and your iPhone. What are the current watchOS and iOS versions displaying?
1709209,@AppleSupport Thanks,@517908 You're very welcome. Feel free to reach out to us if you need anything in the future.
1541100,@AppleSupport trying to activate my verizon iPhone X for nearly a half hour with no luck…just keep clicking try again,@302776 Let's work on this together. Send us a DM. https://t.co/GDrqU22YpT
1393153,@AppleSupport you need a new version of ios 11 i can’t call people anymore,@444015 We can assist you. Which device model do you own?
2427347,"@AppleSupport @115858 why am I forced to keep itunes/ stock/ apple weather/ wallet/maps on my phone? I don’t use your apps and I know I am not the only one, but I don’t want them on there anymore. They are buggy and cause issues on the phone and take up space. #iphoneapp #iphone",@531982 Thanks for reaching out. You can delete some built-in apps with iOS 11. This article has the information and steps to further assist: https://t.co/Dj4QS7mYwr
2255513,@AppleSupport Has anyone else been reporting issues with iPhone sound since upgrading to iOS 11.1.1? My phone speaker stopped working. Thx,"@656943 We want to help you make sure your speakers are giving you the rich sound experience you expect from iPhone. Send us a DM and tell us which iPhone you have, and we'll help. https://t.co/GDrqU22YpT"
2056412,"@115858 @AppleSupport, you might as well shut down my iPhone instead of making it super slow if you want me to buy a new one. 🙄","@608165 Let's take a look at this together. Is your iPhone slow while using a particular app, or is it random? Let us know in DM. https://t.co/GDrqU2kzhr"
889070,@AppleSupport hi! What’s the problem with ur ios? Home button and touch screen is not as fluid as before? Help please tnx,@331075 Hey there. We'd like to look into this with you. Let us know which device you're using and the version of iOS installed to get started.
1151006,@AppleSupport Le capteur de proximité ne marche pas sur l'iPhone lorsqu'on récupère un appel initié depuis l'#AppleWatch,@390859 We offer support via Twitter in English. Contact us for help in your preferred language here: https://t.co/IBIY3vMgPj
2835852,@AppleSupport @153604 the update/open button is #Spinning endles #CyberMonday2017 ? https://t.co/E1CvprLgFr,"@789347 Having your apps up to date is important and we're happy to help. When updating, are you selecting Update All or choosing only the one app to update? Have you tried any actions such as restarting your iPhone?"
2305502,"@115858, fix the I️ issue and release an emoji for “:’)” pls &amp; thank u","@668893 We recently released iOS Version 11.1.1 as an update that fixes the issues you're having with autocorrect. Please make sure you have a backup, and update. Here are the steps you can follow: https://t.co/ahjigcvFRG"
2526372,@115858 It took me 3 hard restarts and Twitter crashing 15+ times just for me to write this tweet. Your new iOS is making me hate you and my phone. I’m not going to upgrade because you’ll keep doing this. Time to try out other smartphones...,@719355 Let's take things to DM so we can check into the issues you are seeing with your iPhone. https://t.co/GDrqU22YpT
2001818,@AppleSupport what’s the deal with my phone autocorrecting “I” into I️,@591929 Let’s look into this for you. Send us a DM with which device you are using and the iOS version it's running. https://t.co/GDrqU22YpT
1823873,@AppleSupport iPhone 7 can’t make or receive calls. Camera doesn’t work. Anytime I reset it takes an hour to turn back on. Any idea?,@547495 Let's take a look to see what may be causing this to happen. Join us in DM with more detail about when this started. https://t.co/GDrqU22YpT
1644621,@AppleSupport Thanks @AppleSupport,@502582 You're most welcome. Enjoy your day!
589507,"@AppleSupport When using Google Map, the bottom banner is in the same space as App Swith. https://t.co/xG0ulV22qA","@259379 Thank you for the screenshots. To clarify, is this only occurring when using Google Maps or are you having issues within other applications as well? DM us and let us know. https://t.co/GDrqU22YpT"
1009311,"@applesupport You are good stacking money, not updating IOS's. Thanks for ruining my ""premium"" phone.",@358824 We'd like to help. What problem are you having?
1641991,hey @AppleSupport actual recommendation: please add a quick crop feature? Or maybe I’ve just not seen it idk https://t.co/X1cNfVeej9,@501937 We always appreciate hearing from our customers. Feel free to submit your suggestions to us here: https://t.co/eTPVYVFyd8
1990413,My phone has been complete shit since the iOS 11 update....@115858 please stop fuckin up a good thing,@589054 Let us know exactly what's going on! We'd love help sort this out together.
2321343,"@AppleSupport I can’t be sure, I only FaceTime 1 person.","@672691 OK, let's go ahead and restart your iPhone then we'll test it again. This will help us to isolate the issue."
327085,@AppleSupport Thanks!!! Restart did the trick!,"@193948 Awesome, we're glad to hear that. Please reach out if you need help in the future."
302262,@AppleSupport tryin 2 remove friends from activity app th@ no longer use  watch. Every time I delete them I get failure to delete. Any fix?,@188122 We're here to help! Let's restart the Apple Watch and try again: https://t.co/gZrStAoDfj
1734378,Literally just updated to iOS 11.1 to see if it would fix my phone from freezing but it made it worse like wtf @115858,"@523742 We're happy to look into this with you. To clarify, is your device running slowly, completely unresponsive, or both?"
998967,Is it safe to electrical tape over a slightly frayed iPhone charger cord or should I toss it? @115858 #notdurable,@356536 Thanks for reaching out to us. We recommend getting a new cable. DM us so we can provide options. https://t.co/GDrqU22YpT
2524594,Bro we pay so much for these phones and y’all can’t even have the letters working properly? @115858,"@718907 An update has been released to assist with this issue. If you haven’t yet, please back up your device and update it to the latest version iOS 11.1.1. For more info, check out: https://t.co/G4q0hxzVXF"
1623811,@AppleSupport @115858 i’ve done everything possible but my iphone 6 cannot support ios11- please help me get back to ios10 🙏🏾 mercy,@497380 Let's see what we can do to help. DM us with more details about what you are experiencing with iOS 11. https://t.co/GDrqU22YpT
1086093,I’ve done the iPhone update and it’s just made everything fucking slow . SHIT MATE @AppleSupport,@376193 Thanks for reaching out. DM which iPhone and specific iOS version you are using to get started. https://t.co/GDrqU22YpT
2675764,Help! @AppleSupport #iphone keeps crashing in every app https://t.co/MFphxUSbsT,"@753158 We've got steps to solve that issue on your iPhone. Let's use the steps here: https://t.co/osZOKKTalm to update your iPhone to iOS 11.2, and let us know if you in DM if that doesn't help. https://t.co/GDrqU22YpT"
155964,@AppleSupport The check come up then they go away and it’s not downloaded,@151805 Have you tried a normal restart of the device? This simple step can resolve download issues like this. This article explains how to do a normal restart: https://t.co/OWRDHWSt4h
1716667,"So ever since I️ updates my phone, it dies contantly when I’m not even using it. What the hell @115858 ?!?","@519843 Let's get to the bottom of this together. Which iPhone model are you using, and what's the version number of iOS installed?"
2123897,@115858 needs to hurry up and fix this i problem 🙄,@625620 Here’s what you can do to work around the issue until it’s fixed in a future software update: https://t.co/xXaXeeSRt9
2010660,Does anybody accidentally spend $55 while playing a game cause of Touch ID? Nope just me.. ok. @AppleSupport help me,@594563 Was it an In-App purchase that used your Touch ID to verify the payment? Let us know in DM. We'll form a plan there. https://t.co/GDrqU22YpT
1136343,@AppleSupport MacBook Pro 2017 with high sierra in French,@387699 Do you see this anywhere else on the computer?
2309371,Why the fuck do all my I️’s turn into exclamation points and boxes with question marks in them @AppleSupport it’s annoying as fuck,@669810 Here’s what you can do to work around the issue until it’s fixed in a future software update: https://t.co/xXaXeeSRt9
2624910,@AppleSupport why is the Apple Music app not user friendly and why can’t I reset or change settings? I haven’t been able to make playlists,@741481 DM us using the link below and let us know which device you're using with Apple Music. We're glad to help. https://t.co/GDrqU22YpT
2398085,I swear to god my phone keeps tweakinnnnnnggggg @115858 fix this 💩,"@690154 We know it's important for your iPhone to work the way you expect, and we're here for you. Tell us more about what's going on with your iPhone in DM, and we'll continue from there. https://t.co/GDrqU22YpT"
1975081,I’m so sick of this iOS update. Killing my fucking battery @115858,"@584892 Let us know, in DM, your iPhone model and your current iOS version shown in Settings &gt; General &gt; About to get started. https://t.co/GDrqU22YpT"
739125,"@296769 @AppleSupport Me too am suffering , hope the can find a solution",@536362 We can help. Which version of iOS are you on? You can find that in Settings &gt; General &gt; About. Reply in DM. https://t.co/GDrqU22YpT
2293513,@AppleSupport Would a magnetic car holder affect my iphone?,@265429 That’s a wonderful question! Meet us in DM and we’ll discuss your specific accessory. https://t.co/GDrqU22YpT
1754141,"Also if @115858 could fix this “I️” nonsense, that’d be just wonderful...",@528340 Here’s what you can do to work around the issue until it’s fixed in a future software update: https://t.co/xXaXeeSRt9
1010038,@4305 Notifcstions aren’t being sent on the latest @AppleSupport update 🤷🏻‍♀️ #whatisgoingon? #eversofrustrating #ios11.0.3ispants,@358993 We're here to help. Send us a DM and we'll take a closer look at the issue together. https://t.co/GDrqU22YpT
2207439,my laptop is broken 😰 and i need it for school tomorrow HELP  @115858,@645378 We can help. Can you tell us what you're experiencing?
2009241,Hey @115858 @AppleSupport — fix this I️ shit. It’s annoying.,"@594136 If you're on iOS 11.1, here's a workaround. https://t.co/xXaXeeSRt9 Send us a DM if you have questions. https://t.co/GDrqU22YpT"
2867250,"@AppleSupport 11.1.2, Apple Music/Podcasts app. Both have the bug",@796312 Can you tell us anything you've attempted so far to fix this?
2944502,"@AppleSupport why is SIRI so confused?
Or should I say useless(I am saying this after using Google Assistant and Bixby. If Bixby and Google Assistant are 8 out of 10, SIRI is 4)

(P.S- After 'JUST A SECOND...' it stuck there. Didn't call) https://t.co/5QYAxoZWs5","@258351 Let's look into this together. Send us a DM with the iOS version your iPhone is running, and we'll get started. https://t.co/GDrqU22YpT"
763672,@AppleSupport Installed yes but didn’t work. I see now that 11.0.3 is out. Hopefully that fixes the problems. Thanks,"@302498 Once you try that update, let us know in DM what you see, and we'll go from there. https://t.co/GDrqU22YpT"
2077740,@614496 @115858 Yups. It sucks. Apps are crashing in this update. :(,@614495 Let's get your device working like it should. DM us which apps seem to crash most often and we'll continue from there. https://t.co/GDrqU22YpT
1637078,"first, the letter “I.” now, they’re cutting off tweets. BRO WHAT THE HECK @AppleSupport @115858 https://t.co/j6R6OAiqJA",@500690 Here’s what you can do to work around the issue until it’s fixed in a future software update: https://t.co/xXaXeeSRt9
304068,Thanks @115858 I would never have thought that Socrates was born in 1988.      #Apple #Socrates https://t.co/2tVAtorI3y,@188599 We'd like to help you out and figure out what's going on. Send us a DM and we'll get started. Thanks. https://t.co/GDrqU22YpT
2113938,@AppleSupport Don’t do this y’all know exactly what issues people are having when they type in I️.,@623268 Here’s what you can do to work around the issue until it’s fixed in a future software update: https://t.co/xXaXeeSRt9
1656651,"@115858  @AppleSupport  what the fuck do I do, it's driving me up a wall. (4of 4 )","@505518 We'd like to help with what's happening. To start, DM us with the country where you're located. https://t.co/GDrqU22YpT"
588089,"@AppleSupport there needs to be a bug fix. Whenever I’m listening to music, it’ll randomly stop multiple times during the song and that’s obnoxious",@211455 We want to help you enjoy your music. Reach out via DM using the link below and let us know what app you're using to listen to your music. https://t.co/GDrqU22YpT
1420123,@AppleSupport I managed to re-add but the issue persists. It does not show any email. I'm on iPhone 6 iOS 11.1,@450139 You mentioned that this issue had been going on for a while; do you recall when it initially began? Did it happen before iOS 11?
427828,#ios11 glitch! No clock on lockscreen 👇 @115858 @AppleSupport need updates soon to get rid of the glitches 😓 https://t.co/ipaw24Y1f2,@216739 We're here to help. Have you performed any troubleshooting steps such as restarting your device?
873881,"@AppleSupport There’s a song I really want to buy, but it’s somehow only available from the Ireland store
Anything I can do to buy it myself",@327465 We'd love to help answer your questions. Shoot us over a Direct Message and we'll see how we can assist. https://t.co/GDrqU22YpT
2639683,@AppleSupport Need to chat about icloud but no chat costumer service😡! Incredible!,"@744959 We'd like to help in any way possible with your iCloud account. Please send us a DM with more details on your issue, so we can help to isolate the issue, and find you the information you need. https://t.co/GDrqU22YpT"
2728282,@AppleSupport I am getting a 'your payment method was declined' pop up. I can't even update my apps. It was working fine when I purchased an app a few weeks back. Please help me out.,@764996 We're glad to help. Let's try following this article and see if it helps: https://t.co/U96y4MTG7k
2309869,i can’t download any apps from the app store ever since i downloaded ios 11 @AppleSupport,@669928 We're here for you and this issue. What happens when you try to download an app?
770956,what happened???did I buy anything?????unsafe🌚🌚🌚@AppleSupport @118936 https://t.co/YDP7rRBvMC,@304126 Help is on the way. This article has more info on what to do if you see an unfamiliar charge: https://t.co/8sHmV9bTIS
237348,"update .. was slow catching, definitely @115858 missed a lot !! help me @AppleSupport #ios11 #iosfail #AppleSupport #wherearemyiphone",@172523 We'd love to help with any issues or questions you have about the latest update. Please let us know exactly what's going on.
426157,@AppleSupport I literally have had my computer less than two weeks and now several letters on my keyboard are not working.,@216362 We want your computer to work just as you expect. Check out this article for next steps to help: https://t.co/59OXeh3YgB
1753284,Yo mah doods @115858 @AppleSupport fix the shitty glitch that turns the “I” into [?]. Shit’s annoying man.,@528128 Here’s what you can do to work around the issue until it’s fixed in a future software update: https://t.co/xXaXeeSRt9
2300403,what the hell @AppleSupport https://t.co/CVwA4deArv,@667671 We have some great steps to help resolve this kind of issue: https://t.co/0Q3JN1oSAv Let us know how it goes.
2401268,@115858 decides to update my iOS and now idk where TF my music went?! https://t.co/CVZN7TbO3W,@690892 We don't want you to be without your favorite music. We can help! Are you an Apple Music subscriber?
643266,"#applemaps #siri says I'm on the ""North J Turnpike"" Oof. https://t.co/34fo5j7nX8","@272718 Hey Tom, we'd like to take a closer look at this with you. Send us a DM and we'll continue there. https://t.co/GDrqU22YpT"
2044848,Phone legit just broke when it was just sitting on my desk... well @115858 I'll be giving you some more damn money now 😤🖕🏽,@394820 We'd like to look at options for your current iPhone. Send us a DM and let us know what happened. We'll work together there. https://t.co/GDrqU22YpT
2742990,@AppleSupport Ios11.1.2 kilo my batterie ? Help me,@768321 We'd be happy to help.  Please let us know which device you're using and what specific battery issues you're experiencing.
2478961,@115858 since doing the recent update my battery is drained so so much quicker. Your way of forcing us to upgrade phones #fraud,@708457 We understand how important good battery life can be. We'd like to assist. Please meet us in DM and we'll work towards a resolution together. https://t.co/GDrqU22YpT
1895686,@115858 the 11.0.3 update to iOS is making my iPhone 6 useless! Super laggy on every aspect! #IOS11TH,@565026 Having a reliable iPhone is important! Let us help you with yours. DM us which iPhone you have to proceed. https://t.co/GDrqU22YpT
1748661,Hey @115858 @AppleSupport thanks for ? all the timeeeee “I️”,@527082 Here’s what you can do to work around the issue until it’s fixed in a future software update: https://t.co/xXaXeeSRt9
1689433,@AppleSupport Ima need you all to fix this “I” glitch you all have going on!,@512955 Here’s what you can do to work around the issue until it’s fixed in a future software update: https://t.co/xXaXeeSRt9
333246,When I'm sending text messages half the time it won't let me scroll down to see the new message. The keyboard is in the way. WTF @115858 ?,@195374 We'd like to work with you on this. Could you confirm what type of device you're using?
2031582,@AppleSupport I'm having the hardest time setting up my iPhone 10 because of updates to software,"@255170 We want to help get your iPhone up and running. Let us know what you're experiencing in DM, and we'll take it from there. https://t.co/GDrqU22YpT"
242496,"@AppleSupport I really dislike this new update, it keeps freezing my phone. And the music app doesn’t show the music on my phone",@173603 Let's see what could be causing this. Is your iPhone unresponsive when using or opening any particular applications?
2332388,"@AppleSupport I am not a subscriber. When I tap the plus sign, nothing happens.",@675116 Does this occur with any playlist you try to add songs to? Let us know in DM. https://t.co/GDrqU22YpT
1156090,"@AppleSupport My apple music isn’t working properly, it keeps skipping itself back to the very first song on my playlist... wont let me listen to any song",@391958 We've got your DM and will continue with you there.
1770817,@115858 why have an update if all it’s going to do is give issues?! I can’t connect to WiFi. Thanks a lot.,@532333 We know how essential Wi-Fi is to surfing the web. We'd love to help. What device and version of OS are we working with?
1350604,My iPhone 6's screen stopped working just in time to buy the new iPhone! @115858 #RottenApple #Plannedobsolescence #Heartpatientwithnophone,"@434930 We've got you covered. Please check out this article:
https://t.co/8MvHMFZ83h"
1989689,Hello @AppleSupport Why is the keyboard working so slow in iOS 11?,@588831 Let's take a look at this together. Have you already updated to iOS 11.1? Let us know in DM and we'll get started. https://t.co/GDrqU22YpT
2487206,"@AppleSupport the control center, it’s a discontrol center 🤦🏻‍♀️ whenerver you do, the wifi turns on by itself, the light, bluetooh...why? When are you going to fix it?",@710387 This is expected behavior for Control Center. For more information visit: https://t.co/Ikfbnj28qe
2302346,"Dear @115858 your newest update didn’t fix any of the issues I’ve had since 11, including the “I” issue. So frustrating.",@668133 We'd like to help! Send us a DM to proceed. https://t.co/GDrqU22YpT
2284291,@115858 this shit still ain’t fixed my nigga ? What are y’all doing ? https://t.co/kFpGJD4RzH,"@663814 We recently released an iOS update, 11.1.1, that contains a fix for autocorrect issues. Let’s be sure to back up your device prior to updating. How to back up: https://t.co/4f8hwT5to6"
1147936,"@390160 @AppleSupport It seems it is randomly impacted words: for me it is mostly Work, Not, New, Now.  It is driving me insane! @AppleSupport what’s going on?!","@390159 We'd love to help. Have you updated to iOS 11.0.3 since these issues began? If not, follow this: https://t.co/ahjigcvFRG"
2433680,"I’M Experiencing Home Button Issue On my iPad Mini 2. I am sure that is software bug. @AppleSupport Fix This
@157399 
@128100",@698384 We can help! DM us what's going on with your Home button and we'll take a look. https://t.co/GDrqU22YpT
1637162,@AppleSupport My phone shows the “ I “ as a question mark with a box.,@500720 Here’s what you can do to work around the issue until it’s fixed in a future software update: https://t.co/xXaXeeSRt9
2795476,Updated my IPhone 7 and now all of my apps are freezing up on me. @AppleSupport,"@780071 We're here to help! Send us DM, and we'll take a closer look at your iPhone 7 together there. https://t.co/GDrqU2kzhr"
1899959,all my pictures just got deleted off my phone :-) thanks @115858 for the new update 😇😇😇,@566212 Your photos are very important to us. We'd like to look into this with you. Restart your phone and DM us if it doesn't work. https://t.co/GDrqU2kzhr
2410318,Funny how my phone was working fine then apple drop 2 new phones and mine decides to be a cunt... I see you @115858 👀,@693001 We'd like to see if we can't help make sure your iPhone is working as best as possible. DM us details on what you're seeing happen and we'll do what we can to assist. https://t.co/GDrqU22YpT
1132624,@AppleSupport iPhone X lock screen goes blank; can only be fixed with reboot. Known issue on your boards. Fix coming soon?,@386894 We'd like to take a closer look into this with you. DM us and we can get started. https://t.co/GDrqU22YpT
661579,@AppleSupport My daughter has updated her IPad mini to iOS 11 and now is not starting not even with the hard rest. You have to give my daughter new IPad.,@740648 We can certainly help with your daughter's iPad.  What does the iPad currently show on the screen?
1465096,@460071 @115858 Did the iPhone update - now cannot access my contacts/emails as I have to verify via an email I cannot access!  Hopefully can at work...,"@460070 Let's take a look. Are you experiencing this with your Apple ID/iCloud mail account? Let us know more in DM, please. https://t.co/GDrqU22YpT"
1707716,Can someone explain why my I️ is showing up like this? @AppleSupport https://t.co/WXGRroQyy5,@517503 Here’s what you can do to work around that issue until it’s fixed in a future software update: https://t.co/xXaXeeSRt9
1849106,(cc: @AppleSupport),@553656 Thanks for reaching out to us. We'll be glad to help. DM us &amp; let us know which version of iOS is installed. https://t.co/GDrqU22YpT
1759682,It’s 9am and my iPhone X is at 45%. @115858 PLEASE fix this! I took it off charger at 100% at 6am. https://t.co/EIZPFKgE93,@529644 We can help. DM us the iOS version you're using to get started. https://t.co/GDrqU22YpT
543723,@AppleSupport my phone keeps going black with a spinning wheel and then taking me to the lock screen pls can u sort it out thanks,"@246301 We're happy to help out. Are you running the latest iOS 11.2 version? If not, let's create a backup and update the version of iOS. Take a look: https://t.co/osZOKKTalm"
1851539,hey @AppleSupport Ever since the new iphones came out my iphone 6s+ acts weird. It wont even let me get ios 11.,@320641 We're here to help. What happens when you try to update?
146730,@AppleSupport Using iPhone 6. Nothing I do fixes the music app crash since iOS 11 update. Cannot use it. Help plse. 😡,@149313 We don't want you to miss out on your favorite music! We can help you. Can you tell us what steps you've taken to resolve this? We don't want to ask you to repeat any steps. Send us a DM and let us know. https://t.co/GDrqU22YpT
2406516,@AppleSupport My iPhone 7Plus with iOS 11.1.1 keeps adjusting the screen brightness on its own. Very annoying.,"@692099 Great question! We're happy to explain. This is a feature called auto-brightness that adjusts your display brightness using ambient light sensors. You can learn more about the feature here: https://t.co/bkqEVCrK2l

If you have further questions, DM us. https://t.co/GDrqU22YpT"
2377066,@115858 Fix this shit. We literally pay an arm and a leg for these phones that cost you $10 to make. https://t.co/XsTWl9WtFc,"@296084 We recently released an iOS update, 11.1.1, that contains a fix for autocorrect issues. Let’s be sure to back up your device prior to updating. Here's a great resource for both steps: https://https://t.co/ahjigcvFRG DM us if you have any questions. https://t.co/GDrqU22YpT"
172966,"@115858 ever since I️ updated my phone its Xtra slow, dies fast asf &amp; glitches whenever it gets the chance, but yall cant do group ft? Wow",@156469 We can certainly take a look at this with you. Send us a DM with more details on what apps are having this problem. https://t.co/GDrqU22YpT
1991412,@AppleSupport And now the music app is completely not working as well :( what’s a girl to do?,@589356 Thanks for reaching out about your Podcast and Music apps. DM us which iOS version and iPhone you're using. We can help: https://t.co/GDrqU22YpT
95786,@AppleSupport It is version 11.1.2,@136854 Got it! Let's try the steps listed here: https://t.co/sXbhzfS2lM Let us know if the issue persists once completed.
2002928,"@AppleSupport Help!!! Keep getting ""activation server is temporarily unavailable"" Trying to set up iPhoneX. Is there another way??",@592264 Thanks for reaching out. Try following these steps and DM us if you still have issues: https://t.co/Mhw9pFAK08 https://t.co/GDrqU22YpT
2706819,@AppleSupport Yes,@760176 Have you seen any error messages on the device? Please DM us so we can gather further details. https://t.co/GDrqU22YpT
1681691,@AppleSupport why am I being charged for Apple Music when I’m on a 3 month student trial which started September?,@511278 We'd recommend reaching out to our experts here: https://t.co/SDIe7UiyJN for further assistance.
1342803,@AppleSupport please fix 11.0.3 as my wifi keeps disconnecting. Not cool,@433176 We'd be happy to help!  Is this happening with multiple networks or just one?  Which  device are you using currently?
720893,"@AppleSupport restarting does not fix.  An hour ago I was able to DL an update, but now another one sits on 0% progress.",@292545 Are you choosing Update All or pressing each app individually? Have you tried to connect to a different Wi-Fi network?
2889405,"@AppleSupport What happened was I spent a little over an hour but everything is sync'ed.  Had to do the old school way, manual via iTunes, &amp; upgrade iOS on new phone first.",@427006 Could you please DM us with what exactly you were seeing when attempting to move your data so we can look into this? https://t.co/GDrqU22YpT
2295821,"@AppleSupport it’d be great if my phone would actually work with an aux cord with the adapter, not run out of battery within 3-4 hours, and if it didnt goddamn boot-loop for an hour or longer, overall, very pissed with ios 11 in general.","@691101 If you're experiencing issues with your iPhone, we can work together to see what's going on. DM us the exact iOS version, and we'll continue from there. https://t.co/GDrqU22YpT"
857952,Esse #ios11.0.3 ainda está bugadão. Acabou de dar problema nas pastas. Não abriam. Precisei reiniciar. @115858,"@323737 Since our Twitter support is available in English, get help at https://t.co/IBIY3vMgPj or join https://t.co/pvaOFfPbjt"
1585426,Alright so why tf does it say I️ but I typed I @115858  fix this https://t.co/nRkjlaelq7,@487806 Hi there! This should help you out: https://t.co/xU1AGHStV6
511145,Is the new @AppleSupport @115858 glitch changing the word it to I.T ? Anyone else?,@237479 Happy to help you here. Let's move to DM to assist you further. https://t.co/GDrqU22YpT
1354546,"@AppleSupport if I preorder the iPhone X now, can I cancel the preorder before the phone ships? I may not have Verizon then.","@435880 If you have questions about the pre-order process, please reach out to our Sales team so they can help. https://t.co/8yjRd1Xo0i"
1727705,@142102 @115858 I have been using my iPhone to host a live radio show but noticed this year service has been failing and STRESSFUL,@522466 We're here for you. Can you tell us what you're having difficulty with? Thanks.
2547279,"iOS 11 has been awful. Apps hanging, OS freezing, bugs galore. @115858 needs to get it together.",@723941 We want your iOS device to perform optimally. Meet us in DM and we'll work towards a resolution together. https://t.co/GDrqU22YpT
856388,@AppleSupport I need help on activating my iphone after updating ios whereI can’t remember my apple ID nor password. What can I do?,"@323368 If you forgot your Apple ID and password, use the steps in this link to reset it and regain access. https://t.co/fJnZYmbI9N"
540002,"@115858 with this new iOS update, it still disconnects WiFi &amp; Bluetooth till morning. We want it to TURN OFF from control center, make it happen. That was the old way, that should work. @116333",@245245 Let your voice be heard.  Leave feedback here: https://t.co/J46COPJzUo
437415,@AppleSupport I cleared the hard drive and reinstalled the OS. Seems to have resolved the issue for the mean time. Thanks anyways,@218879 We're glad to hear it's working now. Please don't hesitate to reach out with any questions or concerns for us. We're here to help.
394549,@115858 No more updates for the iPad? Mine is still at 9.3.5 #apple #ipad,"@209476 Hello! Updates depend on the model you have. If you aren't able to update to iOS 10, you wouldn't be able to update past 9.3.5."
2771798,what my apple@music still isn’t back. @AppleSupport wtf wrong w my phone,@774789 We'd like to help. Let's take this to DM and we'll explore ways to provide you assistance. https://t.co/GDrqU22YpT
966327,I been trying to fix it all day😭 @AppleSupport  please help https://t.co/odrrPZYhi1,@349332 We are here to help. DM us your exact iOS version and we can take a look. https://t.co/GDrqU22YpT
2274036,@89529 @115858 I am going to end you for this update please fix it NOW because I am trying to BE CUTE ON THE INTERNET,@661440 We'd be happy to look into this with you. Can you provide us what you're experiencing?
1470863,yo @115858 fix your fucking update.,@461414 We're here to help. Tell us what issue you're having with your device. We can work together on this.
438028,@219064 @219065 @219066 @115858 My headphone jack/charger is super spotty,@219063 We'll be glad to investigate this further. Which device are you using? Have you updated to iOS 11.0.2?
1413829,@AppleSupport Yes it does,@448571 Thanks. We've got a great guide to share with you. Let us know if this helps connect to the iTunes Store: https://t.co/yoNhV7Et2A
2012627,@AppleSupport when I️ write sentences. Is it a glitch? Also..... my phone is way slower since this update,@595123 We're happy to help you with both of these problems you're experiencing. Join us in DM with the iPhone model you're using. https://t.co/GDrqU22YpT
656657,@AppleSupport It started happening after the ios11 update. This is the second or third time it’s happened and it won’t open any apps during it messing up,@276256  We'd like to help! Send us a DM with the country that you are located in to continue. https://t.co/GDrqU2kzhr
1934133,@AppleSupport why am I suddenly getting this when I try to download or update apps? This only started today. Is it legit? https://t.co/4H5qtmRNPt,@459903 We're glad to look into this with you! Please DM us and let us know what happens if you press the Home button when it's on screen. https://t.co/GDrqU22YpT
824719,@AppleSupport @115858 @2310 this new iOS 11 update is killing me. It’s horrible. Fix it please.,"@316415 We’re here for you. What’s happening with your device? Also, which iOS 11 version are you using; 11.0.2 is the current version."
33402,@AppleSupport iPhone 6s iOS 11,"@123387 We’d love to help further. To start, please send us a DM. https://t.co/GDrqU22YpT"
1962774,@500337 @AppleSupport Happening to me as well!! I’m so confused.,"@272418 We want to take a look into what’s happening with you. Send us your current iOS version in DM, and we’ll get started. https://t.co/GDrqU22YpT"
32387,@123177 @115858 🙋🏻 it doesn’t do it too often but it has started randomly restarting and it’s brand new.. maybe a problem with the update..,@123176 We'd like to take a closer look at what's happening. DM us with what type of iPhone you're using. https://t.co/GDrqU22YpT
2280912,@AppleSupport iOS 11.0.3 on iPhone 7plus. Battery life is HORRIBLE. Much worse than on iOS 10.x. Fix this!,@663032 Let us help you get this sorted out. DM us so we can better assist you: https://t.co/GDrqU22YpT
905226,My iPhone 📱 7 has basically been unusable since the update #superweak @115858,@334900 We'd be happy to look into this. Please DM us. https://t.co/GDrqU22YpT
1406892,@AppleSupport Yes I am,"@447008 OK, great. Let's take a closer look at this battery issue together. Please DM us and we'll continue working together there. https://t.co/GDrqU22YpT"
1235639,@AppleSupport what does this mean? https://t.co/MZAh6bCuHh,@299299 This is a phishing email. To identify and report these types of emails check out this article: https://t.co/LNMCdqt6fD
1738824,Hi there. My friends phone has been like this for 4 hours. We have tried charging it but it still won’t turn on. Help? @AppleSupport https://t.co/NPvbruT1kT,@262089 We're here for you. Check out this article for help with your friends iPhone: https://t.co/8MvHMFZ83h
939094,@AppleSupport I have a 6s so it’s the iOS 11.1.2 update no I haven’t restarted it but I’ll try that! Thanks,@342618 Please keep us posted.
1142040,@AppleSupport is this real or a scam? Why did it come up on my iPhone? https://t.co/IuZZ3pJB3Y,@388812 This looks like a phishing pop-up. Direct Message us and we can help out. https://t.co/GDrqU22YpT
518369,@AppleSupport seems latest MacOs version breaks iTunes being able to find Photos. Photos also removed from my iPhone as had wifi sync on… https://t.co/UaMCqHF91f,"@239562 Let’s take a closer look into this. First, do you see all of your missing iCloud photos at https://t.co/9bUADNZWPX?"
2512768,"iphone having ISSUES after updating to ios 11. Eg. freezing, needing to be restarted CONSTANTLY. vol not working @AppleSupport pls help.","@716129 We want you to enjoy your iPhone; we'll do all we can to help. To start, let us know what type of iPhone you have in DM: https://t.co/GDrqU22YpT"
1572259,@AppleSupport 6+ and 11.1. Every time I type “I” it comes out as I️,@484682 Got it. Thank you for keeping us updated. Let us know if this article helps: https://t.co/sDSg93LaFu
1673550,@AppleSupport How can I prevent my iPhone7 from dying during cold weather runs?!!Was at 92% battery level.After a half hour at 35 degrees!,@509247 We can help with some info on iPhone operating temperatures. Check this article for more info. https://t.co/otCvUAaFQq
1633043,@AppleSupport @115858 y’all do realise we can’t even use the letter I️ !?!?!?!?!?,@499662 Thanks for reaching out. We have a workaround for this here: https://t.co/xXaXeeSRt9 DM us if you still need help.
36670,"Disappointed with @115858 - phone that is only 1 1/2 years old dying for no reason...want to charge for a repair, shocking.",@123993 We want to help. Tell us more about what's happening in DM. https://t.co/GDrqU22YpT
2146547,@AppleSupport I bought my iPhone 7 last week and it won’t stop freezing I’ve had to reset it about 6 times today already,@631000 We want you to get the most out of your new iPhone's performance. We can help. Send us a DM and we'll take it from there. https://t.co/GDrqU22YpT
1621218,@115858 @AppleSupport we need an update bc this “I️” thing is getting out of hand,@496802 Check out this workaround for the issue. You'll find it here: https://t.co/xXaXeeSRt9 DM us if you need us. https://t.co/GDrqU22YpT
1900959,"@AppleSupport should my iPhone be constantly “running”? The little circle icon keeps spinning
It didn’t used to do that","@566507 We'd be happy to look this over with you. Please meet us in DM so we may gather information, and better assist. https://t.co/GDrqU22YpT"
409395,@AppleSupport Just the wifi option getting stuck on verifying update... Tried now 3 times still same issue,@212610 Got it. Are you able to try the update from the alternative method?
2004707,@AppleSupport why is IOS 11.1 doing this now ? https://t.co/urPtqZsG4Z,"@592816 Thanks for reaching out. If you're on iOS 11.1, try this: https://t.co/xU1AGHStV6 Questions? Feel free to send us a DM. https://t.co/GDrqU22YpT"
1783246,@AppleSupport can you explain to me why I can’t send pictures to people who don’t have iPhones? 🤔. It’s really annoying,"@535788 We'd like to help you resolve this. DM us the iPhone model, your iOS, and your country, so we can find out support options. https://t.co/GDrqU22YpT"
2287222,@AppleSupport Thank you. The screen remains black with absolutely no change in brightness. The only signs of life are the cooling fan turning on and the sleep indicator light which holds as a solid white,@664541 Have you checked your brightness? Please use the brightness keys on your keyboard to see if the display brightens. Do you see a cursor on the black screen or is that not showing either?
2279800,@115858 you forgot to fix the I.T glitch. Fix I.T. Please. I need I.T to sound smarter.,@662788 Let's look into this together. Send us a DM including the exact iOS version installed. You can locate this under Settings &gt; General &gt; About. https://t.co/GDrqU22YpT
1975411,"@AppleSupport Took to store. Had 11.0.3, now 11.1 iPhone 7",@584999 Let's take a deeper look into your concerns. Send us a few details about the issues in DM. We'll continue there. https://t.co/GDrqU22YpT
2249969,@AppleSupport I'm trying to upgrade my iCloud packed but I can't remember my password when I click change by email no email comes through!,@628116 We'd like to help. You can change your password by answering security questions as well as by email: https://t.co/fJnZYmbI9N
1449183,Why tf am I seeing boxes on the tl like I legit updated this shit last night. Cmon @115858 I’m fed tf up,@396500 We'd like to help. DM us a screenshot of what you see. https://t.co/GDrqU22YpT
446517,@AppleSupport anyway to check my battery health?,@220769 We can help out. Are you experiencing battery issues? Let us know in DM. We'll go from there. https://t.co/GDrqU22YpT
2422430,"@AppleSupport Thanks, but it turns out the cable wasn't the problem. My battery won't charge. This is the second issue I've had with iPhone 6s battery after I had it replaced due to manufacturing error in the series.","@695763 We'd like to take a closer look into this with you. If you still need assistance with your battery, please let us know in DM, your model iPhone and the iOS version installed. We'll be happy to help. https://t.co/GDrqU22YpT"
869483,@AppleSupport why i have this simbol in my photos? Pictures dont loading https://t.co/fCAwyc6QMw,@326456 We're here to help. Let's take this to DM so we can better assist you. https://t.co/GDrqU22YpT
1366391,@AppleSupport Not working https://t.co/qpnrayKWPH,"@438082 Great screen recording. Try adjusting the 3D Touch sensitivity settings: https://t.co/HPdMsOTaB3

If the issue persists, DM us: https://t.co/GDrqU22YpT"
588147,@AppleSupport 11.2 says it’s the latest update. It’s my Microsoft account which also covers Hotmail. It’s when I try to login on Safari keeps telling me the password is wrong.,@134431 Did you recently change the password for your account?
2476224,@AppleSupport  https://t.co/SRqvJVwOti,"@707851 Are you able to send a DM using Twitter's website? If not, you can connect with us via phone or chat here: https://t.co/IBIY3vMgPj"
1117113,@AppleSupport  https://t.co/gipNEeBt9D,@383591 Thank you for this screenshot. Let's toggle Vibrate on Ring and Vibrate on Silent off and on. Let us know in DM if it works. https://t.co/GDrqU22YpT
1678542,K I️m really tired of iPhone doing that stupid thing. Get your shit together @115858,@510536 Here’s what you can do to work around the issue until it’s fixed in a future software update: https://t.co/xXaXeeSRt9
1645448,@AppleSupport Thank you very much.,@502799 You're very welcome. Please DM us if you have any additional questions. Have a great week! https://t.co/GDrqU22YpT
554794,Okay this I.T autocorrect needs to go the fuck away it’s the most annoying thing in the fucking world. @AppleSupport,@249498 We are here to help. DM us your iOS version and we can take a look at this for you. https://t.co/GDrqU22YpT
1117152,@AppleSupport  I downloaded ios 11.0.3 and now I can’t buy on iTunes when purchase a song it says done then I have to enter my acct info the,@221513 We've received your DM and will continue from there.
1527678,@115858 I'm not the only one.  https://t.co/lm3ALscoF2,@474337 We'd like to see what you're experiencing. Are you able to capture the blur with a screen recording? https://t.co/iOka2N34Y3
2814797,@115858 your products are junk. My headphones broke within 3 months of purchase with my iPhone 7. I've barely even used it and I'm in a temperate climate. What excuse do you have for such a short lived trash product for that price?!,"@784751 That's definitely not the type of experience we want you to have. We'd like to know more to see if we can help. DM us with what type of headphones you have, along with what country you're currently located in. We'll meet you there. https://t.co/GDrqU22YpT"
681996,"@AppleSupport iOS 11.1, calls, message, fb messenger, even I can say most of the functions are getting hang",@282753 Thanks.  When did you first notice this? Was it after the 11.1 update?
2349352,@115858 your update sucks and i’m tired of my i changing to i️,"@679102 We understand the concern. iOS 11.1.1 has been released and addresses those issues. We'd recommend backing up and updating to the latest version: https://t.co/ahjigcvFRG
After updating, let us know if the issue persists."
2004971,@AppleSupport I forgot my iPhone passcode... How can I reset my phone?,@592898 This is a great guide that speaks directly to that issue: https://t.co/F1QfwW1u1N Let us know if that helped. https://t.co/GDrqU22YpT
1570342,"@115858 is just confused with all these updates!!

Do they think data is free??",@484270 We're here to help! You can update your iOS devices through iTunes on a computer: https://t.co/80YRnjDFDk
1823263,@AppleSupport my iPhone7 Plus keeps freezing since I’ve updated to ios11 + music can’t be changed on lock screen. Plz send virtual help,@547336 Let's take a closer look at this together. Have you updated to iOS 11.0.3? Send us a DM with more info. https://t.co/GDrqU22YpT
666241,"Has @115858 fixed the problem with the ""I"" yet?  I'm avoiding upgrading to the new iOS until they've done so.",@278722 We have more information about this here: https://t.co/xXaXeeSRt9 Please reach out if you need any more help going forward and have a good one!
1767393,@115858 on god there better be an update that fixes this “i” bs on my desk by tomorrow morning,@460304 Here’s what you can do to work around the issue until it’s fixed in a future software update: https://t.co/uQeXsr9Kz9
1898361,Siri is fucking tweaking @115858 https://t.co/K8MzjH2aax,@565778 Siri is an important part of the iPhone. We'll do all we can to help. Let us know your type of iPhone and iOS version in DM. https://t.co/GDrqU22YpT
2889447,"@AppleSupport My Mac Mini hard disk has crashed thrice in 4 yrs.  Machine Serial no. C07JX1WRDWYM, Mumbai, India. Several calls made to help desk to no avail. No escalation available. Can you help me find a permanent solution pls ? in anticipation.",@801123 We want to help. Would you tell us more about what's going on via DM? https://t.co/GDrqU22YpT
1828577,Dear @AppleSupport why does using emojis slow my phone down? Every update you give out is buggy and it’s annoying.,"@548776 It's important for your iPhone to work the way you expect. We'd like to see how we can help. To start, DM us with more info. https://t.co/GDrqU22YpT"
2016395,So you’re just gonna leave me on read? I️ NEED ANSWERS @115858 @AppleSupport https://t.co/PUfkwfxaH6,@596290 Thanks for reaching out. We have a workaround for this here: https://t.co/xXaXeeSRt9 DM us if you still need help. https://t.co/GDrqU22YpT
2451350,@AppleSupport It was this way before the iOS 11 update,@479138 Got it. Thank you for bringing this to our attention. We encourage you to leave feedback about this.
2285614,"@AppleSupport v11.1
Iphone 7+
Details are here: https://t.co/vr5sJAMnvx","@664171 Thanks for providing that. Please send us a DM with the symptoms you're experiencing on your iPhone 7 Plus, and we'll continue there. https://t.co/GDrqU22YpT"
1420618,@185947 @115858 Mine freezes when a youtube video ends and it’s annoying,@460065 We'd be happy to work with you to figure out what's happening. Send us a DM with what type of device you're using. https://t.co/GDrqU22YpT
1773938,@AppleSupport Why won’t my Music shuffle from the Now Playing screen? This is a serious issue. #ios11,@533138 We're happy to help. Take a look here and let us know if you're still having problems: https://t.co/LWDZtdP0u7
395525,@115858 why are you making everyone’s phone act stupid with the new updates.,@209614 Thanks for reaching out! What kind of issues are you having with the iPhone since updating? We’d be happy to help you with it.
292366,"@AppleSupport love lots of great iOS 11 improvements on iPhone 6, awesome control center, but battery life is disastrous!","@185630 Let’s look into what you’re noticing with battery life. To start, let us know the exact version of iOS 11 your iPhone is on."
1573668,@AppleSupport https://t.co/81BiJDbIfd,@192879 We can help out. Check this article for some steps on taking care of this text replacement issue. https://t.co/xU1AGIa4ME
1544122,@AppleSupport my phone is still messing up my I’s soooo when y’all going to fix it? It’s been 3 days....,@478319 We're happy to help. Check out our article here: https://t.co/xU1AGHStV6 DM us any other questions. https://t.co/GDrqU22YpT
1071224,"That was for sure my last @115858 MacBook I bought. High price, bad build quality (""b"" key almost not working anymore after 4 months),...",@129182 We want to help.  Send us a DM letting us know which country you are located in to start. https://t.co/GDrqU22YpT
2336139,Come on @AppleSupport 1+ hours since my app updates is stuck. Can’t use apps nor update. #WTF. Worst #iOS ever. #apple #fail,@675928 Let's look at these issues together. Send us a DM; we've got you covered: https://t.co/GDrqU22YpT
105356,"@AppleSupport Hi Apple, anything I can do to increase battery life after your software upgrades to my iPhone 6s. I’m truly concerned that I have to charge it fully twice a day just to make it on a daily basis. Thank you!","@139268 We know how vital the battery is. Please check out this article: https://t.co/TpjqFp3jxD  

DM us the result. https://t.co/GDrqU22YpT"
589499,"@AppleSupport And what if my wife is of another nationality than me and uses another country setting in itunes? Is family sharing for ""international"" families not available? My wife is going to loose all her purchases if she switches stores, is she? That would not be acceptable.","@259377 Check out this article, it will walk you through changing regions: https://t.co/usOJWy6ChP
Please DM us with any questions. https://t.co/GDrqU22YpT"
2676894,@AppleSupport I can no longer control iPhone alarms from my Apple Watch. Push alerts is on for alarms. What do I do? #AppleWatch,@753404 We’d like to help with you alarms.  Are you wishing to set and stop iPhone alarms from the watch? Which iPhone and watch?
2422413,@115858 fix your shit. why does Bluetooth automatically come on when I reboot my phone?,"@695760 We’d love to team up to see why this is happening. To begin, which iPhone model and iOS version are you using? Also, do you have Bluetooth turned on in Settings &gt; Bluetooth?"
1963953,@AppleSupport thanks #apple for that great #iphone IOS update. Now I get to carry around my charger so I can change my phone 5 times a day 😡,"@582281 Having a charger handy is good, but we don't intend for you to have issues with charging or power. DM us the device model. https://t.co/GDrqU22YpT"
1982300,Remarkable number of sites I use are suddenly inaccessible via my browsers. Coincidentally I downloaded the latest IOS update from @115858.,"@586769 If you're having trouble with your Apple product, we'd be happy to help. Send us a DM explaining the issue further. https://t.co/GDrqU22YpT"
644114,@AppleSupport This morning and no I haven’t.,"@272892 Got it. Give restarting the iPhone a try, and DM us the results. We'll pick up from there. https://t.co/GDrqU22YpT"
1800249,"can my phone not start beeping like a smoke detector for no apparent reason, thanks @115858",@540888 We'd like to look into this behavior with you. Let us know in DM if anything appears on the screen when this happens. https://t.co/GDrqU22YpT
1682634,"Hey @AppleSupport fully charged iPhone 7 with new iOS11.1. Took some photos, opened FB and down to 64% already. What gives?!",@251547 We're here to help. Let's take this to DM so we can better assist you. https://t.co/GDrqU22YpT
2028212,@115858 Y’all need to fix these damn boxes.,"@599772 Are you having an issue with predictive text on a device? DM us with details, and we'll see how we can help. https://t.co/GDrqU22YpT"
592210,"Dear @AppleSupport why aren’t any of your video products working in any sane way? FCP X 10.3, iMovie… both turn my machine into sludge.",@260149 We'd like to help. Which device and software version are you using? Are you having issues with any other apps?
1954402,"@AppleSupport Nothing, it just takes me to this screen but there’s no options to create a new note or see my existing notes 😞 https://t.co/RImtWf1tuE",@580160 Which version are you running in Settings &gt; General &gt; About &gt; Version? Have you restarted the Notes app and your iPhone?
252768,Ok but seriously.... how do I️ get my #iphone to stop turning all my “i “s into this I️ @115858 #Help,@176066 We would be glad to help. Are you using a third-party keyboard in Settings &gt; General &gt; Keyboard? Let us know in DM. https://t.co/GDrqU22YpT
2210696,@AppleSupport Update: Finally updated the iOS to 11.1.2 but podcasts and app updates still take over an hour to download or they jus fail to start. Any ideas why?,@136482 Thanks for the update. DM the country or region where you are currently located to continue. https://t.co/GDrqU22YpT
2800596,"@applesupport our case has been going for almost 3 months with no solution!  Getting little reply with problem. People trying, but can't fix",@781299 We'd like to help. Send us a DM with details and we can start there. https://t.co/GDrqU2kzhr
2249899,@AppleSupport Vot iz Zis? https://t.co/YJTng3umqj,@655550 We'll be glad to help. What device are you using to try to access iCloud or where are you seeing this message?
1818064,@AppleSupport fix your stupid updates my alarm didn’t go off because my volume was down??? Blato not p.s SICK OF MY PHONE FREEZING☹️,"@546109 We'd like to see how we can help with your iPhone. To get started, DM us more info about what's going on. We'll meet you there. https://t.co/GDrqU22YpT"
129638,@AppleSupport I talk to our carrier partners he say its ok call to Apple support,"@145221 It's great you've spoken with your carrier. After you submit the request, it might take a few days to complete. After your carrier confirms that they unlocked your iPhone, follow the steps outlined in the article. Let us know if anything changes."
446449,@AppleSupport @115858  I'm a British citizen currently in India. My iphone was lost/stolen and I want to buy a replacement. Will the one year warranty work back in the U.K. The same as it would if I purchased it in London?,@220747 Let's take a look at this together. Go ahead and reach out to us in DM and let us know which iPhone you're looking at purchasing and we can look into the options together. We look forward to helping out! https://t.co/GDrqU22YpT
2278505,That new @122986 pixel 2 looks real good right about now the way my iPhone is tripping. @AppleSupport #FixTheGlitch,@662499 We'd like to help with any issues you're experiencing. Please let us know a bit more about what's going on.
9184,@AppleSupport I️ have 11.0.3,"@117650 The first step we want to take is to back it up, then update it to iOS 11.1 to rule that out: https://t.co/80YRnjDFDk"
1344599,Also dieser iOS Bug ist schon irgendwie witzig. Aber auch nervig @115858 @AppleSupport https://t.co/UXJn4J2nfG,@433557 We offer support via Twitter in English. Contact us for help in your preferred language here: https://t.co/IBIY3vMgPj.
888133,@115858 literally I can’t control my music through my car anymore... FIX IOS 11 please! #fixios11,@330883 We're more than happy to help you. Join us in DM so we may better assist you: https://t.co/GDrqU22YpT
2438561,"@AppleSupport High Sierra 10.13.1
Happens randomly as I move around in different programs. Sometimes if there is any stylization on text this also causes issues with pasting. Computer is a late 2015 mac book pro. If its just me let me know, but looks like an issue according to google search","@531982 Just to be clear, you're now having issues with High Sierra copy and paste? As in, the copied text does not retain its formatting? What applications are copying from and to?"
1592370,@115858 - Apple watches are crashing and restarting when you ask Siri for the weather. What gives? #AppleWatch #Apple @AppleSupport,@489466 We'd like to look into this with you. Send us a DM including watchOS version and we'll continue there. https://t.co/GDrqU22YpT
1747996,@AppleSupport look I’m not usually one to complain but y’all working on that major “i” glitch yeah?,@526931 Here’s what you can do to work around the issue until it’s fixed in a future software update: https://t.co/xXaXeeSRt9
1921872,"@AppleSupport I hate the 11.0.3 update how do I remove it?
This sucks!!!!!",@572128 We'd be more than happy to look into any issues you're having. Please meet with us in DM to discuss it. https://t.co/GDrqU22YpT
2949589,@814571 @AppleSupport please update the published date of Security Update 2017-001.  Unless you have a time machine this date is incorrect and manual downloaders may be confused about whether its the right patch. https://t.co/gutki0WsMH,"@814570 We are seeing todays date at this link: https://t.co/B5dcmAftzp If you are seeing a different date, please reach out in DM. https://t.co/GDrqU22YpT"
162833,@AppleSupport it is just so pathetic the colour of iPhone 7 Plus starts fading within one month inspite of using cover. For what the heck do you guys charge 55k. Shame on you local Indian brands also don’t give such quality!!!,@153618 We'd like to look into this with you. Could you Direct Message us and let us know if this was an Apple case you were using? https://t.co/GDrqU22YpT
1765883,"HI @AppleSupport please can you fix my phone cos my screenshots aren’t saving and my apps keep closing themselves, thanks ttyl xox","@531071 Thank you for reaching out to us. We're here to help. To start, what device model and iOS version are you using?"
1543327,@AppleSupport why is cant I️ type the letter “I️” without I️t being replaced to a # and a question mark box https://t.co/cHnRFoNZuF,"@234918 Hi. We are here to help. Send us a DM, and we'll help out from there. https://t.co/GDrqU22YpT"
2497123,@AppleSupport When I change my calendars in the Watch app it doesn't save.,@6880 We'd be happy to help. Send us a DM with a few details and we can start there. https://t.co/GDrqU22YpT
334528,@AppleSupport Btw it was one of your engineers who set-up a workaround on my account that triggered the double charging to begin with. SAD https://t.co/Rb4ZoxLxu1,@195716 We'd like to look into this. Please click the link below to join us in DM. We'll continue there: https://t.co/GDrqU22YpT
2076145,@AppleSupport after I updated my iPad my apps keep crashing,@614023 We'd like to work with you to get your iPad working well again. DM us and let us know which apps you're having issues with. https://t.co/GDrqU22YpT
652210,I wish you could set a battery percentage on apple devices so they bleeped when charging reached the limit you set @115858,@275091 Thanks for reaching out. You can let us know more about your suggestions and recommendations here: https://t.co/oWzjJxkvlC
550635,@115858 @AppleSupport what the hell is this 😡😡😡 https://t.co/AkhD8retFi,@248271 Let's look here together about this warning: https://t.co/otCvUAaFQq
1837474,"This @115858 iOS update is awful, I hate how literally EVERYTHING looks and I want to cry… #givememyoldiOSback 💔😭","@550864 We understand that when your device is not responding, it's not a good experience. Please DM your iOS version and device model. https://t.co/GDrqU22YpT"
1618264,@AppleSupport I tried every tip I found to get back notifications for Skype for iPhone with no success. Any additional tip? iOS 11.1 iPhon8,@496164 Let's see what we can find out. Are you only having issues with Skype notifications or other notifications as well?
2242011,"Hey @115858, I shouldn’t have to trick my phone into recognizing an “I” as A FUCKING “I” (not I️)
This update is 🗑 #fixyourshit","@653651 Hi there. We recently released an iOS update, 11.1.1, that contains a fix for autocorrect issues. Let’s be sure to back up your device prior to updating. How to back up: https://t.co/4f8hwT5to6"
682092,@AppleSupport what’s the deal with ? In a box glitch it’s crazy annoying plz fix this mess,"@282788 Hi there! Please let us know where you're seeing this question mark in a box. Also, what type of device are we working with?"
2121638,hey @AppleSupport my phone is still crying SOS https://t.co/lhmYNYxeJL,@595336 Here’s what you can do to work around the issue until it’s fixed in a future software update: https://t.co/xXaXeeSRt9
208228,@AppleSupport I've had to do it multiple times when I reset my device and how do I change trusted device from old phone to new phone?,"@165258 We're happy to help. Check out the ""View and manage your trusted devices"" section in this article: https://t.co/dSCGMB4BU5"
1999023,@515508 @123765 @115858 @AppleSupport You gonna fix this soon orrrrrrrr,@583112 DM us which type of iPhone you're using and version of iOS from Settings &gt; General &gt; About. We'd like to look into this: https://t.co/GDrqU22YpT
1824387,@AppleSupport my iPhone 6s crashes every day since I downloaded IOS11... I downloaded iOS 11.0.3 today and now it’s every 10 minutes,@547656 That is not how you're iPhone should be performing. We're here to help. Meet us in DM and we'll take a look at this together. https://t.co/GDrqU22YpT
2412987,@AppleSupport I have AirPods and the sound keeps dropping out if I’m in a busy populated area. They also occasionally lose connection (but appear connected) and I have to ‘disconnect’ them in the Bluetooth seetings and reconnect to get them working again.,"@258312 Hi there. We want to be sure you get the most out of your AirPods. We can definitely look into this with you. 
Which device are you using with your AirPods?"
2279239,"@AppleSupport my watch S2 is out of free support, but is it normal? https://t.co/uq3tyaZp77",@662666 We'll be glad to investigate this with you. Have you updated your iPhone and watchOS to the latest software versions? Let us know in a DM. https://t.co/GDrqU22YpT
1931176,@115858 @AppleSupport What have you done to our phones. Battery life plummets (I’ve been on a flight on airplane mode!) contact list’s a mess,@574667 Let’s team up on this situation. Could you let us know more details via a DM? We’ll keep moving forward from there. https://t.co/GDrqU22YpT
2008117,"@AppleSupport I’m trying to update my series 2 watch, keeps saying error occurred. 1st time it started working but didn’t finish I think.",@593799 Thanks for reaching out to us. Can you DM us the exact error messages you are receiving when attempting to update? https://t.co/GDrqU22YpT
2497693,"@AppleSupport Hi. I can’t able to reduce the volume in WhatsApp video calls, even my volume is mute. This happen after I updated my iOS11.","@712728 We'd like to help. To start, DM us with the device model and exact iOS 11 version you're using. https://t.co/GDrqU22YpT"
2969020,When is @115858 gonna FIX this issue when I️ type my Iiiiis?! #techproblems,@818986 Can you confirm what version of iOS you are running?
2031565,Will there be another update @115858 soon? It would be nice if my phone could relay all vowels.,@600719 Thanks for reaching out. We have a workaround for this here: https://t.co/xXaXeeSRt9 DM us if you still need help. https://t.co/GDrqU22YpT
2031573,@AppleSupport my i phone 7 screen is splitting into two halves right before my eyes could this be you sabotaging my phone so i buy a new one,@600722 That is never what we want to hear. Reach out to us in DM and we’ll go over the options to get this fixed. https://t.co/GDrqU22YpT
2255382,@AppleSupport I️ already did that and you had no solution,"@533207 An update has been released to assist with this issue. If you haven’t yet, please back up your device and update it to the latest version iOS 11.1.1. For more info, check out: https://t.co/xXaXeeSRt9. We're happy to continue in DM if you have any trouble. https://t.co/GDrqU22YpT"
2179570,"@AppleSupport 
Hello 
I got this error message, could you help me to fix it please. https://t.co/6D8FgYUAYu","@638735 Hello, let's get this figured out together. Try removing the downloaded update and then installing it again. From your Home screen tap Settings &gt; General &gt; Storage &amp; iCloud Usage &gt; Manage Storage (under Storage) &gt; Tap on the iOS Update file and then tap on ""Delete""."
32405,Can y’all fix the I character please?! I️m tired of seeing this I️ @AppleSupport,@123182 We'd like to work on this with you. Which device are you using and which iOS are you on? Check here: Settings &gt; General &gt; About.
333273,@115858 what’s up with iOS11 my battery life sucks butt now smh,@195383 Hi there! Can you give us an example of what's going on?
1753272,"@AppleSupport what’s going on with  the letter( I️ )issue? I️ hope it gets corrected bc it’s become a problem, smh.",@528125  Here’s what you can do to work around the issue until it’s fixed in a future software update: https://t.co/xXaXeeSRt9
1120553,@AppleSupport Do you know why a screen recording video in iOS 11 would upload to YouTube video without sound?  when mic recording was on?,@474969 That's interesting. Is there any sound when playing the screen recording back locally on your device? DM us back to continue. https://t.co/GDrqU22YpT
496856,"@115858 @applesupport Your iCloud recovery has been broken for me for months, your support staff stonewalled me after taking my private data and did nothing.  All of this started because your iOS 11 upgrade nuked my data.",@233551 We’d like to understand more about this. Please DM us some details and we’ll take it from there. https://t.co/GDrqU22YpT
1517843,@AppleSupport why won’t my I️ work,"@472148 We're here for you. Shoot us a DM when you have a chance, and we'll go from there. https://t.co/GDrqU22YpT"
1586849,My phone has been on the charger for like 45 minutes and it's only on 5% wtf @115858,@488164 Let's work on this together in DM. Follow us there using the link below: https://t.co/GDrqU22YpT
2894705,"@AppleSupport Newest update, with no new notification, shuts off randomly for no reason especially at night, woke up at 7:30 with an 8AM alarm and it was on so I went back to sleep for the remaining 30 minutes and then it never went off because the phone turned off. I demand a replacement ASAP",@802213 Let's move to DM for a closer look. What country are you located in? https://t.co/GDrqU22YpT
1784560,"even my Mac is doing the weird shit with the letter ""I"" @115858 y'all need to get ur shit together",@536183 Let's take a look into what's going on with your Mac. Send us a DM with your macOS version to get started. https://t.co/GDrqU22YpT
1986574,@AppleSupport Am seeing both -104 and -128.,@588051 Thank you for those details. Please DM us via the following link and we'll help you further from there. https://t.co/GDrqU22YpT
1575071,This question mark box every time I️ try to say I️ is really annoying @AppleSupport,@485375 Here's an article for some help. If you type the letter “i” &amp; it autocorrects to an “A” with a symbol: https://t.co/xXaXefaskH
388057,"hey @AppleSupport why remove nightshift from the bottom menu, i used that feature all the time and now i have to fuck with the parameters just to find it","@207843 We're happy to help. Are you attempting to access Night Shift from Control Center? If so, try this: https://t.co/NBE76DOiEM"
508243,@AppleSupport how do you type a £ sign on a Norwegian keyboard?,@236693 We are here to help. Which device are you using the keyboard on? Send us a DM to continue. https://t.co/GDrqU22YpT
2940418,ASAP!!!⚠️⚠️⚠️🚨🚨🚨Since there’s a problem about ROOT... how can I uninstall MAC OS HIGH SIEERA and go back to my old MAC OS???? @AppleSupport @116333,@812666 We want to help. Join us in DM so we may continue assisting. https://t.co/GDrqU22YpT
1674679,"@AppleSupport I keep getting this message popping out every time I unlock my iPhone 7 Plus, Build no 11.2 (15C5092B). Pls help. https://t.co/mLEzhxYLeW",@509536 Send us a DM and we'll provide additional guidance there. https://t.co/GDrqU22YpT
2814606,@AppleSupport can I use the Apple 12w charger to charge my iPhone 📱 6 on a regular basis?,@136095 That's a great question and we're glad you reached out. You can charge your iPhone with an Apple 12W power adapter. Here's more information about it: https://t.co/AfYCHTdmCs Let us know if you have any additional questions.
2406580,@AppleSupport Yep,@692113 Let’s take a look at this further for you. Reach out to us in DM. https://t.co/GDrqU22YpT
1658681,HEY @115858 CAN YOU FIX THIS I️ I️ I️ I️,@506068 Here’s what you can do to work around the issue until it’s fixed in a future software update: https://t.co/qODbOsp4wz
2043342,@AppleSupport Help! Where do I find my account balance for the App Store? Can’t find it since the iOS update...,@604250 Hey there! Are you signed in to your account? Click your profile icon and you'll be able to see your account balance. https://t.co/GDrqU22YpT
2023164,@AppleSupport Went for MONTHS wo reboot until ios11. Touching the screen a certain way when opening (any) app causes it.,@598345 Got it. Let's move to DM using the link below. See you there. https://t.co/GDrqU22YpT
262243,"Yo @115858 my phone is SO fucking slow ,ever since you guys released new phones and this update !! Y’all always fuck over everyone !!",@178466 We'd be happy to assist with your phone today. Send us a DM to get started. https://t.co/GDrqU22YpT
1786318,the new ios bullshitting on everyone smh my phones slower and lags LAGS ffs @115858 y u do dis to us,@536679 Let's team up to figure out what's happening. DM us with what type of iPhone you're using and we'll go from there. https://t.co/GDrqU22YpT
2146539,@AppleSupport try everything bt want solve it sos https://t.co/wDH5o6msBO,@630998 We certainly want you to be able to activate your iPad. Have you tried another network?
550796,@AppleSupport Are there any Prepaid/Gift Cards that are compatible with Apple pay?,@248322 We'd like to help answer your question. Currently the only participating banks can be found here. https://t.co/qpnZf9J6gs
1213653,@AppleSupport how do I have literally no storage even after I've deleted all my photos and almost all my apps?,@404849 We're here to help. Can you please tell us how much storage space you have remaining on your device?
1804287,"Dear @115858 , I’ve recently updated to the newest update iOS11.0.3 &amp; MY PHONE STILL GLITCHING &amp; FREEZING! 👎🏼

✍🏼signed, aggravated customer",@542124 We'd love to gather more details about these issues since updating. Meet us over in DM with which model iPhone you have. https://t.co/GDrqU22YpT
2077895,@4305 @AppleSupport what’s with the notifications or lack thereof? I’ve missed maybe 100 messages across different groups this weekend!!,@614545 We'd be happy to assist with your notifications. Can you DM us the device and version of iOS we are working with? https://t.co/GDrqU22YpT
612935,@AppleSupport i am seeing fast battery drain still iphone 6  ios 11.1.1 .        fix the issue please on next build,@663911 We definitely understand how battery issues could keep you from using your iPhone as you'd expect to. We have some great optimization steps you can take. Complete each step here and let us know the result: https://t.co/BGb00taxed
549639,@AppleSupport why does my iPhone keep shutting off and restarting every minute after new software update? Advise please? Thank you,"@247989 Hey there! Thanks for reaching out to us about your iPhone restarting. iOS 11.2 should resolve this for you. Make sure you backup before updating, then follow these steps: https://t.co/osZOKKTalm"
1990435,"Dear @AppleSupport @115858 why is the letter 👁 trippin? 

See: I️ need answers. 

Please fix, thanks.",@589062 Thanks for reaching out to us for support. We would love to help you. Please DM us so that we can look into this together. https://t.co/GDrqU22YpT
335780,Quit it with the tricks @115858 why is my brand new iPhone 7 slower than a dead snail after this new update?,"@196060 What's the exact iOS this is occurring on? Let us know in a DM, we'd like some details to assist. https://t.co/GDrqU22YpT"
2762013,"@AppleSupport figured out i could hold sleep/wake button and side volume button to bypass the slide to restart. thank god im a genius,","@175619 We've received your DM, and we'll continue with you there. Be on the lookout for a reply."
2858348,@AppleSupport Thank you. I’m on iOS 11.1.2  Events are syncing from a Gmail calendar,"@794343 You're most welcome! Send us a DM, and we'll get started there: https://t.co/GDrqU22YpT"
2544012,Hello? Anyone out there...?! @115858 @AppleSupport @122427 https://t.co/aj6l6rjZiZ,@723192 We'd love to look into any issues you're experiencing. Could you please provide a few details?
1040158,@AppleSupport notification sounds don’t work (even camera doesn’t click) after iOS 11 upgrade to iPod (newest ver). Battery life=awful too.,"@366087 We'd love to help out with these concerns.  Do any sounds work on your iPod now, or is the issue with just those?"
2241238,So is @115858 going to fix this I️t problem ???,"@653454 Thanks for reaching out to us. Let's work to resolve this. An update has been released to assist with this issue. If you haven’t yet, please back up your device and update it to iOS 11.1.1. For more info, check out: https://t.co/4f8hwT5to6"
1744830,@115858 why is the letter “I️” a question mark in a cube and a letter A? #applebroken,@526151 Here’s what you can do to work around the issue until it’s fixed in a future software update: https://t.co/xXaXeeSRt9
1188342,"Hey @115858 ... fix your stuff. 
Had 100% at game time...now look
8% 😡
You should be embarrassed over #iOS11 updates
https://t.co/IJzhsLE8Cl https://t.co/T02mbnkvyG",@347517 Send us a DM and we can take a look. https://t.co/GDrqU22YpT
596852,@AppleSupport why do I have to put in my card information for a free app?,@261483 We can help out. If there's a change to your account or device you may need to verify your payment method before updating or downloading new apps. You can find more information here: https://t.co/Y0YoIRcZa7
448361,"@AppleSupport I’ve been trying to connect my work iPhone and iPad however, phoned technical support (very helpful) however it’s still not connecting text messages. Both are update on same software",@221218 Thanks for reaching out to us. We know it's important to stay connected. We'd like to help. Let's meet in DM and troubleshoot together. https://t.co/GDrqU22YpT
2688217,"@AppleSupport Yes &amp; my iPad 2 air duplicates my apps every time I open one, it lost half my contacts, I have had so many problems. I think they know I just paid it off &amp; but a bug in it 2 make me buy a new one! Not happy! https://t.co/D5QqNY39Vj",@755867 We'd love to look into this with you and help with any issues you're experiencing on your iPad and iPhone. Please DM us and let us know all about what's going on. We're here for you. https://t.co/GDrqU22YpT
1605564,I️ just want to have a normal conversation. Why does my phone keep doing that shit. I️ don’t get it. @115858 what is going on,@492514 Let's see what we can do. We have something you can try that may resolve it for you; give it a go: https://t.co/uQeXsrrlXJ
433127,@AppleSupport Also what happened to auto play to next episode? Changes to Searching and browsing has become cumbersome.,@218014 Let's meet up in DM so we can take a closer look at it. Thanks! https://t.co/GDrqU22YpT
1476985,@AppleSupport get it together plz. I️ can’t live like this 😭😭😭😩😩😩,@462939 We're here for you. DM us the iOS version you're running using the link below and we'll go from there. https://t.co/GDrqU22YpT
2121105,"@AppleSupport any idea why since the new iOS has came out airdrop is basically not working anymore (doesn’t find contacts) and camera app is so damn slow to open? Also, why is it so difficult to turn airdrop on now?",@624950 We'd be happy to assist.  Please reach out to us via DM and we'll get started. https://t.co/GDrqU22YpT
2475001,Hey @AppleSupport please fix my iPhone so I️ can type “I” instead of “I️”,"@707568 We released iOS 11.1.1  to help assist with this auto-correct issue. Have you had a chance to update yet? If not, go ahead and create a back up first, then update your iOS. Let us know if that fixes it."
1840197,@AppleSupport 6s,@551501 Thanks for confirming that. Go ahead and DM us your country to continue. https://t.co/GDrqU22YpT
1203520,@AppleSupport Is this fake?? https://t.co/mb8Z9nP3pn,"@402734 That is likely a phishing email. To learn more about phishing, &amp; how to report it, check out this link: 
https://t.co/6Ye6EtSytB"
59606,"Uhhhh @AppleSupport , this you? 🤔 why is it saying my Apple ID will be disabled? https://t.co/onVhJjkYAU","@129598 This isn't us, and we'd love to see it. You can forward it to the address in this article: https://t.co/LNMCdqt6fD"
1305196,@AppleSupport I have iPhone 7 but when I opens the App Store show me this message and I wanna to make the upgrade for the new phone from the app https://t.co/KzHyHDTBbf,@424988 We'd like to look into this further. Please DM us to continue working on this. https://t.co/GDrqU22YpT
1533079,"Had a terrible experience at @3073. Bought an iPhone 8 &amp; when asked to open the phone box, it turned out to be a fake piece @115858",@475496 We’d like to learn more about your experience. Please meet us in DM to continue. https://t.co/GDrqU22YpT
2313501,"After updating to ios 11.1.1 , My 5s is not charging with it's charger and restart randomly. please help me
@AppleSupport","@670868 Thanks for reaching out. We've got your back and we're happy to help. 

To start, are you using the charger that came with your iPhone? Also when it restarts, does it show a spinning wheel or the Apple?"
186217,"@115858 please fix iOS for the iPhone 7s. After I updated to iOS 11, and so on, my phone is nearly un-useable. Thanks.",@159750 Let's get your iPhone working properly with iOS 11. Have you backed up and updated to iOS 11.0.2 yet?
1146691,@AppleSupport  https://t.co/y3DXT6prdD,@257658 Got it. Do you have any external devices connected to your MacBook Pro? Let us know via a DM. We’ll keep moving from there. https://t.co/GDrqU22YpT
898615,@115858 @AppleSupport I️ I️ I️ I️ I️ I️ I️ I️ I️ I️ I️ I️ I️ I️ I️ I️ I️ nice update I️ I️ I️ I️ I️ I️ I️ I️ I️ I️ I️ I️ I️ I️ I️,@333377 Here’s what you can do to work around the issue until it’s fixed in a future software update: https://t.co/xXaXeeSRt9
553541,"Whenever I get into my car, it automatically turns ON the Bluetooth of my phone. I don’t want it to be that smart. Possible? @AppleSupport #iOS11",@249102 Hey there! We appreciate you taking the time to reach out to us. Can you let us know if you're using CarPlay? Let's meet up in DM to continue: https://t.co/GDrqU22YpT
328544,@AppleSupport i absolutely hate the volume control with the new IOS is is completely unresponsive. How donyou fix this? It doesnt work!!!,@194336 We'd like to help. Which device and iOS version are you experiencing this issue on?
87136,@AppleSupport Got it! Thanks for your concern and reply.,@135065 You're very welcome. We're happy to do everything we can to make sure you enjoy every feature on your iPhone. Have a great night! https://t.co/GDrqU22YpT
2487092,my phone has been HOT GARBAGE since the new update I hate y’all @115858,"@710359 That's not the experience we want for you, and we'd like to see if we can help with your iPhone. Send us a DM with more information about what's going on, and we'll get started. https://t.co/GDrqU22YpT"
2484244,Any one good with iPhones that can help me with a frustrating issue !? #iphone #technology @115858 @AppleSupport,@709700 We can assist with an iPhone. DM us the issue you're having. We'd be happy to help. https://t.co/GDrqU22YpT
40532,"@AppleSupport Nothing recently, i suspected uBlock but tried after disabling that.",@124894 Are there any other extensions that you tried disabling?
2641037,What is this blinking box when I open iTunes? @AppleSupport Bueller? Anyone? https://t.co/2XJ9ZyQfiz,@407702 We're happy to help. What type of device are you using? Do you get the same results after closing and re opening iTunes? Let us know to continue.
239809,@AppleSupport I use an iphone 6 16go with ios 11.0.2 (15A421),@172965 Thanks for that information. As this is expected behavior we'd recommend submitting feedback here: https://t.co/eTPVYVFyd8
1846922,"Hello @AppleSupport ! Since the update of iOS, my Deezer app isn’t working on my iPad. Please solve the issue quickly !","@553186 Please complete the steps shown in the following article, and send us a DM if the issue persists: https://t.co/fUZ0NRJxcn https://t.co/GDrqU22YpT"
1261369,@AppleSupport No!,@415489 It's hard for us to say exactly why they may have disappeared temporarily. Please DM us if the issue returns. https://t.co/GDrqU22YpT
1974728,@AppleSupport i wonder how come every time a new i phone come out we get updates to our old phone the make  it slower and full of problems 🤔,"@584790 If you're having issues with your iPhone, we'd love to help. DM us with what version of iOS is currently installed. https://t.co/GDrqU22YpT"
566810,@AppleSupport who do i talk to about an itunes bill im not happy with? Either you have over charged me or some tosser is using my card to buy things!,@252891 We'd like to see what we can figure out. Would you DM us more details on what you're seeing and we'll continue from there? https://t.co/GDrqU22YpT
1761128,@AppleSupport Yep. Is and always has been. https://t.co/nzH2NK2XnW,@524086 Are you signed into iCloud with the same Apple ID as you are on the iPhone? Are both devices connected to the internet?
1269555,@133941 @AppleSupport this bug won’t fix? I’ve uninstalled the app etc. Constant refreshing doesn’t fix it. Can you help? https://t.co/T0bPVzDEc0,@351306 We'd like to look into this with you. Send us a DM using the link below. https://t.co/GDrqU22YpT
489698,"@AppleSupport I’m sorted now, thanks for getting back to me",@231633 Brilliant. Let us know if we can ever be of further service.
215354,This is my iPhone after the upgrade. SLOW AND TERRIBLE!!!  @115858 https://t.co/nntLS1XCPH,"@167168 We're here to help. DM us, and we can help you get your iPhone working perfectly. https://t.co/GDrqU22YpT"
1525193,"Dear @115858 , we still have a bug after update iOS 11.0.3 https://t.co/eXhMJphKK3",@473748 Let's see what we can do to help. Send us a DM and we can check on available options. https://t.co/GDrqU22YpT
1232922,@AppleSupport It is not on iOS 11.0.3 yet,"@409165 Was the previous device on iOS 11.0.3? If so, update and test restoring the backup again. Let us know the results in a DM. https://t.co/GDrqU22YpT"
2397966,@AppleSupport why does my i️ keep going this,"@690114 We want your keyboard working for you; we'll do all we can to help. To start, we released iOS 11.1.1 which is meant to address this issue. If you haven't already, let's back up and update with these steps: https://t.co/ahjigcvFRG"
2081972,". @AppleSupport really guys my phone is brick now! Constant freezing. Can’t control music from the lock screen at all, pwr cycles on its own",@615717 We're dedicated to helping with these issues and work towards a resolution. Join us in a DM selecting the following link. https://t.co/GDrqU22YpT
1620561,@AppleSupport @115858 I’m not entirely sure what’s going on? I managed to go through the reservation now it’s reverted back to this?? https://t.co/DcBhDI2Y2q,@496665 Let's see if we can help you get in touch with our Sales Support Team: https://t.co/8yjRd1Xo0i
1432467,@AppleSupport @190922 Having the same issue.,@452621 Thanks for reaching out. DM us which device and software version you're using and we'll continue from there. https://t.co/GDrqU22YpT
1747985,"@115858 just got this charger with my new iPhone 8..realized it wasn’t charging and tried to unplug it. Not bent at all, very disappointed. https://t.co/wEdXXJFtzc",@526926 We're here to help. Let's take this to DM so we can better assist you. https://t.co/GDrqU22YpT
2567122,@AppleSupport 11.1.1 since moving to 11 it is disaster zone,@728201 We'd like to gather some additional details about exactly what you're experiencing with your phone. Can you please provide this information to us in DM? https://t.co/GDrqU22YpT
589490,@AppleSupport my iPhone 6plus been freezing &amp; turning off since 11.0.3 update what’s happening? This update was supposed to fix the problem,@259375 Let's get to the bottom of this together. Does this happen when using specific apps? DM us with details here: https://t.co/GDrqU22YpT
1898053,@115858 your ios 11.0.3 is really bad. Lots of problem..,@565693 We want you to enjoy the new features from iOS 11. Which device are you using? Please tell us more about what you're experiencing.
824757,@AppleSupport Home screen staying locked no matter what is done. Can’t turn phone off to restart. Can’t center code vs fingerprint. Nothing,@316426 We definitely want to know what's causing it. Let's look into this closer via DM: https://t.co/GDrqU22YpT
2343789,@AppleSupport Yes,"@200151 Alright, got it. DM us and let us know what country you live in next. We'll be able to help you more after that. https://t.co/GDrqU22YpT"
2621199,@AppleSupport 11.0.3 (15A432),"@740633 Let's go ahead and back up your device and update the iOS to the latest version to see if that helps with the battery life. Here's an article to help you with the backup: https://t.co/4f8hwT5to6 Afterwards, please test out your device and let us know the results."
2246736,@AppleSupport hello Just took my iPhone X out of pocket and friends pointed out the back is cracked . Help,@450358 Hello there and thanks for reaching out. Check out the following link for assisance with repairs as well as pricing: https://t.co/ZBgBzBCj9Z
2146594,@204747 @115858 Did that. I️ guess the world will just have to go without my iMessages screen shots for the time being. 😔,@631012 We'd like to help. Can you tell us which version of iOS you're using and when this issue began for you?
2003153,Hey @115858 I’m sick of seeing I️ when I️ type I️ by itself. Fix it.,"@592339 We're here to help. Let us know which device this is happening with in DM, then we can advise you from there. https://t.co/GDrqU22YpT"
2754761,@AppleSupport how do I attach a pdf in an email that is in iBooks? Does not show up in folders when going to attach in an email. Through email program not directly from iBooks.,"@771057 For help with this, please contact our iBooks department by following this link: https://t.co/IBIY3vMgPj"
2154597,@115858 what is “A &amp; boxed ?” And how do I️ get rid of it on my phone? #annoying https://t.co/9XPFeqN0To,@633011 Here’s what you can do to work around the issue until it’s fixed in a future software update: https://t.co/xXaXeeSRt9
2487111,@AppleSupport  I’m having difficulty updating my apps help!!! https://t.co/Vc1pjVvhTS,@710366 We're happy to assist. Which iOS version are you currently running? Go to Settings &gt; General &gt; About for the version.
1476932,@115858 so is there an update coming to fix the keyboard? Some letters don’t work.,@462924 We'd love to talk to you about this. Let's go into DM. https://t.co/GDrqU22YpT
188346,@AppleSupport iOS 11,@160194 We recently released iOS 11.0.2. Would you make sure you have the most current version? Check here: https://t.co/80YRnjDFDk
1773672,Is Apple planning on fixing their keyboard bug? This one 👉 I️   @115858 —seriously.,@533067 Here’s what you can do to work around the issue until it’s fixed in a future software update: https://t.co/xXaXeeSRt9
1680848,"@AppleSupport, halfway through Monday morning &amp; battery at 50%. iPhone 6S + iOS 11.1 ruining what was a perfectly good iPhone. #iOS111",@511083 We're here to help. Let's take this to DM so we can better assist you. https://t.co/GDrqU22YpT
2213758,@AppleSupport 11.1.0,@646940 Thanks.  What specific issues are you having?
1762247,"@AppleSupport Hi thanks for your reply, the time thing is I do not have a computer with iTunes on to erase my device, is there another way?",@232287 Great question! You'd need a computer to restore the device. Do you have a friend or family member's to use?
2037433,Wtf up with this @115858 https://t.co/ZGUsNSqsDN,@602424 Here’s what you can do to work around the issue until it’s fixed in a future software update: https://t.co/xXaXeeSRt9 https://t.co/GDrqU22YpT
689392,@115858 needs to get their crap together. my phone glitches so bad and is so slow. crap,@284737 We can assist you. Please DM us via the following link with your device model and current iOS version and we'll help you further. https://t.co/GDrqU22YpT
1329946,@AppleSupport hi! know you are likely swamped with requests but I changed my shipping address in the Apple Store app today and it didn't hold - just preordered iPhone X and is sending to my secondary address. is there a way to change it? thx in advance!,@430298 Congrats on your pre-order! You'll want to reach out to the Online Store team for any questions: https://t.co/8yjRd1Xo0i
1930864,"@115858 @AppleSupport my 6s is acting up to the point that I am switching to android, so someone better fix it without me upgrading 😤😡",@574575 We'd be happy to help with the issues you're experiencing. Please tell us a bit more about what's going on. https://t.co/GDrqU22YpT
2442782,🗣 @115858 FIX THIS “I️” SHIT NOW https://t.co/GulG1BgMUT,"@501993 We recently released an iOS update, 11.1.1, that contains a fix for autocorrect issues. Let’s be sure to back up your device prior to updating. How to back up: https://t.co/4f8hwT5to6"
1172242,@AppleSupport my iPhone is still freezing. Ive had this problem since updating to iOS 11 and now I am on 11.03. I can’t stand this anymore,@395734 We want to help. Meet us in DM and we'll work towards a solution together. https://t.co/GDrqU22YpT
382417,@AppleSupport what is going on with typing the letter I️ and getting A?,@206657 Here’s what you can do to work around the issue until it’s fixed in a future software update: https://t.co/xXaXeeSRt9
2015769,@AppleSupport help,@596077 Thanks for reaching out. We have a workaround for this here: https://t.co/xXaXeeSRt9 DM us if you still need help. https://t.co/GDrqU22YpT
848277,"@AppleSupport me ajuda, minhas Fotos não estão aparecendo no celular 😔","@321592 Since our Twitter support is available in English, get help at https://t.co/IBIY3vMgPj or join https://t.co/pvaOFfPbjt"
1710678,"I updated @118721 this morning and now my podcasts are gone, so thanks, @115858, for the reminder of why I switched to Android.",@518234 Let's look into this for you. Send us a DM and we can help out with your Podcasts. https://t.co/GDrqU22YpT
910520,"@115858 why are my phone calls and texts going to my coworkers Fitbit? Never synced, hell, I haven’t owned I Fitbit since 2012?!",@336265 Thanks for reaching out. Is the Bluetooth enabled on your iPhone? Have you checked to see if your device is paired to theirs?
247069,@AppleSupport I have a problem with my iphone in argentina. Where can I find the address of the official apple support in Buenos Aires?thnks,@174688 This link will help you find service locally: https://t.co/IBIY3vMgPj What's going on? Maybe we can help here!
1643904,Does my tweet look like this to anyone else? Idk what’s wrong with my phone @AppleSupport https://t.co/l4GYZwV1e6,@502401 Here’s what you can do to work around the issue until it’s fixed in a future software update: https://t.co/xXaXeeSRt9
1221901,Has anyone else’s iPhone started randomly beeping? Like a fire alarm type of noise? Mine keeps doing it 😭😭 @AppleSupport,@406716 Thanks for reaching out. We're here to help. DM us so we can look into this further with you. https://t.co/GDrqU22YpT
1635778,Bro fix these boxes @115858,@500356 Here’s what you can do to work around the issue until it’s fixed in a future software update: https://t.co/xXaXeeSRt9
619451,@AppleSupport  IPhone battery in IOS11 is still terrible! When will an update to fix come out? And why is Siri using so much power when I’ve turned it all off!? https://t.co/zlwX7CUA7Y,@266998 Let's follow up in DM. We'll take a closer look with your there. https://t.co/GDrqU22YpT
788842,@AppleSupport this update severely ruined my phone. Help me fix it I am angry.,@308111 We want to help. Reach out to us in DM and let us know what's happening. https://t.co/GDrqU22YpT
412329,Why do u keep automatically turning my WiFi &amp; Bluetooth on ??? @AppleSupport @115858,"@213381 Are you making these changes from Control Center? If so, there have been some changes. Check here: https://t.co/G7BHuQFeJE"
1350526,@115858 @123765 I really hate this “I️.”,@434907 Here’s what you can do to work around the issue until it’s fixed in a future software update: https://t.co/xXaXeeSRt9 https://t.co/GDrqU22YpT
2472903,While using Facebook app on iPhone X this happens... the whole top notch area shifts to the left... i don’t know if it’s the iOS or the app bug... plz rectify... I hope these screenshots can convey the problem... @115858 @AppleSupport @118936 @188 https://t.co/WgGdbElCFE,"@707125 Thanks for reaching out about this. We'd be happy to look into this with you. Is this the only app that this happens with? Have you restarted your iPhone, and the app, since this happened?"
1548799,So none of my music downloaded in the restore?!? #iPhoneX @AppleSupport,"@479443 Let’s investigate this together. To begin isolating the issue, was this music that was purchased from iTunes?"
503583,@AppleSupport why is this coming up as I’ve reset the password twice and still can’t buy anything. I’ve logged out and into my mums account and still having trouble. https://t.co/uve9z3sScV,"@235351 For a disabled Apple ID, you'll want to follow the steps in this article: https://t.co/HH37urdbz9"
998925,Ever since I️ updated my phone it keeps sending question marks in boxes. I️ pay too much $ for this to happen @115858 fix it,@356521 We want to help get things working smoothly for you again. Try giving these steps a try: https://t.co/sDSg93LaFu
1201366,@AppleSupport @AppleSupport after the upgrade to iOS 11 the phone seems to hang and battery drains out faster is it just me. Using a 6S 64GB,@402272 We can help you get this sorted out. Join us in DM so we may better assist you: https://t.co/GDrqU22YpT
643430,@AppleSupport You would have to follow me to do so,"@124307 Don't worry. You can DM us without a follow. Make sure you're using an updated version of the Twitter app, and click this link: https://t.co/GDrqU22YpT"
1742532,"Why did you take away battery %  display options @115858 @116333

It was a useful indicator","@525637 It might just be in a different location, depending on which iPhone you have. Here's some great info: https://t.co/SFmjLOFDei"
1433745,@115858 WHY IS THERE A BUG IN MY PHONE THAT IS CHANGING MY I’S TO QUESTION MARKS,"@175047 Hey, we can look into what's going on. DM us the iOS version of your iPhone and we'll go from there. https://t.co/GDrqU22YpT"
1391868,@115858 Your consumers deserve access to the following:  WATCH: Let us remove the timer from the face.  iOS11: Disable screenshot thumbnails.,@443725 We can help get you to the right place to make your suggestion. Provide your feedback here:  https://t.co/eTPVYVFyd8
869475,@AppleSupport Hi. I keep seeing my old notifications every time I check notification centre. I clear them all. But they keep appearing.,"@326454 Hi. Please DM us, and we'll take a closer look into this. https://t.co/GDrqU22YpT"
1153830,@AppleSupport The maps,@391466 Can you tell us which iOS version you are currently using please?
90310,@135589 @AppleSupport @115858 I can confirm the behavior on my machine running 10.13.1. Absolutely unbelievable!,"@805192 We'd like to take a closer look at what's happening. DM us with more details, including what type of Mac you're using. We'll look forward to chatting with you further. https://t.co/GDrqU22YpT"
909809,@115858 o IOS 11 veio para acabar com o iPhone? Cada dia um problema diferente...,"@336099 Since our Twitter support is available in English, get help at https://t.co/IBIY3vMgPj or join https://t.co/pvaOFfPbjt"
1634096,my phone updated while I️ was SLEEPING and now I️ have question mark boxes everywhere. why @115858 ... tell me why,@499911 Thanks for reaching out. We have a workaround to use until it’s fixed in a future software update: https://t.co/ryJAexrcMg
2300912,@AppleSupport is there a reason when I updated my phone that my whole entire Apple Music download list has been wiped from my phone? I just lost a TON of my music,@667796 We’d be glad to help with this. Can you start by confirming if you are using iCloud Music Library? You can learn more about this here and start with these basic steps: https://t.co/eMSjstcQ7e
2136674,Apple could easily fix the I️ problem within hours if not minutes... this has to be a prank. @115858 what’s your end game here,@628548 Here’s what you can do to work around the issue until it’s fixed in a future software update: https://t.co/xXaXeeSRt9
1466117,This ios update really blowing me 😤 @115858 Why my phone keep freezing????,@460296 We'd like to know more to assist. Does this occur when using a specific app or any? Let us know and we'll continue.
1246420,"@AppleSupport Also, i’ve just ordered W592350604. Hope it will go straight to Malaysia from Singapore",@412427 We're happy to help and point you in the right direction. Our Online Sales Support Team can help you here: https://t.co/8yjRd1Xo0i
1769985,So how come random chunks of my photo library have just disappeared @AppleSupport?!?! This includes the first day’s worth of holiday pics!,@532121 We'd be happy to assist. Are you able to go to a computer to browse to https://t.co/tmRhWEkIq4? Thanks.
2466760,@AppleSupport I want to upgrade my iPhone 6 to IOS 11.0.3 but I'm afraid that will decrease performance and battery life. Any suggestions?,@705836 Hi there. We recommend updating to ensure the latest security updates and features.
354532,@AppleSupport @115858 why is my brightness is going up by itself? explain! https://t.co/tWvY1ivQIl,@200268 Let's take a look at this together. We'll continue in DM. https://t.co/GDrqU22YpT
199445,"@AppleSupport yeah i am, it won’t let me skip or turn up. also it doesn’t show up when i use spotify",@163018 Thanks for verifying. Have you had a chance to test if the behavior persists after backing up and updating to the iOS 11.0.2?
1360145,"@applesupport I got my email that I can proceed with my iPhoneX reservation, but when I enter my info, the reservation isn't found.",@160190 We want to make sure we look into this. Try this link and see if you can find your reservation there: https://t.co/drll0fQgxk
2279246,@AppleSupport iPhone 7 email will receive but won’t send.  Passwords have checked out.,@662669 Thanks for contacting us about your mail. We'd like to look into this with you. Please send us a DM and let us know what steps you've tried. https://t.co/GDrqU22YpT
1656601,"I️ love my iPhone X, but what happened to landscape mode on the main screen... you can’t even do it anymore! @115858 #disappointed",@505507 We want to help! DM us and let us know more about the issues you are having. https://t.co/GDrqU22YpT
960664,Yesterday I learned that @115858 and @118721 are NOT the same thing. ESP when it comes to fraudulent act. chargers. #TheMoreYouKnow,@347970 We'd like to help look into this with you. DM us and tell us more about what's going on. https://t.co/GDrqU22YpT
1757707,really wish i would have never updated my phone to #iOS11 @115858 this software has destroyed my iPhone!!!!!!!!!!!!!!!!!!,@494696 We're here to help with any software issues you may have. Can you provide us with more details?
2064118,"@AppleSupport Thanks, but I already have my settings that way for saving battery life on the old version.",@610474 We'd like to continue looking into your settings with you.  Please reach out to us via DM and we'll get started. https://t.co/GDrqU22YpT
2948283,@AppleSupport Chat support just came back online. Preciate your response,"@814264 You’re welcome! If you have any other issues, let us know. We’re available every day from 5 a.m. to 8 p.m. Pacific time."
145254,"@AppleSupport Already restarted, forced restart and unpaired from phone and all that.","@148923 Good thinking on those steps. When you paired the iPhone and Watch again, did you set it up as new or restore the backup? Which iOS version is on each device? You'll find that on each device in Settings &gt; General &gt; About. Please DM us. https://t.co/GDrqU22YpT"
2068014,Battery draining like crazy after IOS 11 update @115858 🤦🏽‍♂️😪#ios11update #apple https://t.co/PeEAxlfK0u,@611556 Please DM us what type of device we're working with and which iOS version from Settings &gt; General &gt; About. https://t.co/GDrqU22YpT
2454540,@AppleSupport Best app or Website to get live wallpapers from?,@325840 We'd recommend searching the App Store for the app that's best for you. This can help with how to change your iPhone wallpaper: https://t.co/0YaOHJLwdF Please feel free to DM us with any additional questions. https://t.co/GDrqU22YpT
1100846,@AppleSupport I am not sure if I am charged from Apple or iTunes? I’m just searching about the issue. I’ve cancelled my credit card as well. Do you get any complaint about this subject?,"@211150 If you're not sure whom the charge is coming from, we recommend that you continue to work with your bank. You can also use this link to identify and report phishing emails: https://t.co/LNMCdqt6fD"
2309827,Seriously @AppleSupport what have you done to my battery life #iOS11,@669921 We'd like to help out. Have you tried the steps here? https://t.co/bivpdfBNJ6
2749380,My #iphone7plus is eating up battery pretty fast after iOS 11. Please help @AppleSupport,@769791 We'd be more than happy to look into it with you. Please tell us the exact version of iOS 11 you have installed on your device. You'll see this in Settings &gt; General &gt; About.
2208827,"@AppleSupport Since the last update of my iphone, the battery is draining fast (IOS 11.0.3) Help please 🙏🏻",@645705 We can help out. Let's try a few steps here: https://t.co/bivpdfBNJ6 Let us know if those steps help.
328560,Thanks @AppleSupport iOS 11 has turned my iphone6 into a buggy device ... even with the updates. Very poor testing.,@194341 We want to look into this. DM us more detail and we'll go from there. https://t.co/GDrqU22YpT
337010,"@AppleSupport Yeah, not helpful, I can connect it just doesn’t work.  No issues prior to the update.",@196406 Thanks for confirming that. Let's take a closer look. Follow us to DM and we'll continue from there. https://t.co/GDrqU22YpT
753266,"@115858 Comprei um iPhone 7 no dia 21/08/17 deu problema após 05 dias, foi para assistência e retornou03/10/17 e voltou com o mesmo problema","@300038 Since our Twitter support is available in English, get help at https://t.co/IBIY3vMgPj or join https://t.co/pvaOFfPbjt"
1143534,@AppleSupport But this card is not issued by a Danish bank. But an American one.,"@389148 The link also lists cards for the Unites States, but if you are still getting an error, you'll need to reach out to Bank of America."
889181,"I sent my expensive MacBook Pro in for repair with @331101 and they gave it back covered in crap, food crumbs, smear marks and two lovely new DENTS! I hope you’re taking notice @AppleSupport because this is very upsetting! #Apple #MacbookPro #WTF 🤬 https://t.co/3rJbBkprie",@331100 We'd like to hear more about your experience. Reach out to us via DM and we'll meet up with you to continue chatting. https://t.co/GDrqU22YpT
773527,@AppleSupport what does this mean I been trying to update my phone for days ..same message https://t.co/XbAUIg5jYW,@304775 We're here to assist you in updating. Take a look at this article and let us know if it helps: https://t.co/Ui1yTnOCUz
1540581,"@115858 no paran los errores con la última actualización del IPhone, CERO AUTONOMÍA la batería no dura nada ahora. #corrextbugs #11.1sucks",@477453 We offer support via Twitter in English. Get help in Spanish here: https://t.co/IBIY3vMgPj or join https://t.co/OczyRx7IOs
764207,"Hey @AppleSupport, @188 are destroying battery life with unwanted background activity again. https://t.co/fxD2FI4xYt",@302634 We've got your back. Let's pair up in DM to take a closer look at what you are seeing on your iPhone. https://t.co/GDrqU22YpT
2304302,@AppleSupport 11.1.1,@227674 How long (in hours) is the battery lasting on a full charge?
327110,@AppleSupport iOS 11.0.2 is absolutely destroying my battery. Wtf is this shit. I want 10 back.,@193956 We can help with battery life. Have you taken a look here? https://t.co/bivpdfBNJ6
172964,Another dodgy @AppleSupport ?! https://t.co/UgwqWtPjvS,"@156468 Thanks for contacting us, we're here for you. This message isn't from us. Please check out this support article about how to report phishing messages: https://t.co/LNMCdqt6fD"
265653,hey @AppleSupport how come after removing a sticker from my MacBook Pro there is a stain that won’t come out? https://t.co/0dVpmhHKYD,@179287 We certainly want to take a look into this further. Select the following link to join us in a DM and we'll continue there. https://t.co/GDrqU22YpT
1329278,@AppleSupport Is there an option to downgrade or will a version to fix the lagging of the phone be released?,@430149 Let's help take a closer look. Please DM us the version of iOS you're using and we can go from there together. https://t.co/GDrqU22YpT
750051,@299289 @299290 @AppleSupport Same. Typing and autocorrect are both worse.,@299288 We're happy to look into this issue with you. Please DM us the iOS version installed to get started. https://t.co/GDrqU22YpT
345133,"@AppleSupport Any time, even when I get messages, screens stays lit. It’s iOS 11, I have the iPhone 8",@198109 We can definitely look into this further with you. DM the country or region where you are currently located to continue. https://t.co/GDrqU22YpT
942537,"Updated my phone today... now the ""Do Not Disturb"" is not working.  I'm about 10 dings from throwing this #iphone in the damn creek! @115858",@343443 That's not the experience we want for you. What happens when you try to use Do Not Disturb?
1918535,why is my iPhone doing this when it’s the correct password @AppleSupport ?????? https://t.co/3yg2P8aAJ6,"@571376 Hey there! We're happy to help. Have you tried restarting your router? Give that step a try, then join us in DM with the result. https://t.co/GDrqU22YpT"
61326,@AppleSupport No there's not. I'm just saying. It takes almost 20 minutes to get this phone onto a charger. Even more.,@130039 Is this the original charger that came with your iPhone? Let us know in DM. https://t.co/GDrqU22YpT
1451826,"@AppleSupport I have version 11.0.1 installed at the moment, what’s next","@456915 Thank you for that information.  Please backup &amp; update to our latest iOS 11.0.3, and let us know if the issue persists."
1697359,@115858 takes too much of my money to be playing in my face with the Fucking question mark boxes 😒. Fix it jesus,@514858 Here’s what you can do to work around the issue until it’s fixed in a future software update: https://t.co/xXaXeeSRt9
1502024,@AppleSupport why do my calls not go through all the time? Sometimes it’ll ring once and hang up. They aren’t blocked and I updated,@468638 We'll do all we can to help. Is Voice Over LTE enabled?
2432871,"Hey @AppleSupport Think these guys are 'being' you...
#fake #ScamAlert https://t.co/uzc0XoO3td","@202375 Hi there, and thanks for reaching out. You can learn how to avoid and report phishing emails using our article here: https://t.co/LNMCdqt6fD
Let us know if you have any additional questions or concerns."
1857847,"@AppleSupport Oh and the only thing that helps is forcing it to restart, but that only helps for a little while.",@457426 We'll do all we can to help. Sounds like you've done some troubleshooting. Which version of iOS 11? Join us in DM to continue. https://t.co/GDrqU22YpT
612987,@AppleSupport Does it fix all the other f- ed problems too?,"@679106 To confirm, have you had a chance to install iOS version 11.1.1? If you have, and are still noticing an issue, DM us. We’ll take it from there. https://t.co/GDrqU22YpT"
1357278,@AppleSupport Please publish a new update for iOS. I can not deal with the app sticks and crashes. The overall movement of the phone is slow,@436441 We’d like to help however we can. Which device and exact version of iOS are you using?
1159192,@AppleSupport iPhone 7 Plus updated this morning now several apps won’t open phone constantly freezes battery is being drained why????????,@392690 We've received your DM &amp; be on the lookout for our response there. https://t.co/GDrqU22YpT
1484027,@464617 @AppleSupport @115858 Will you look at that I️ still have the problem fix this BS @115858,@464616 We'll be more than happy to continue troubleshooting. Let's keep working in DM. https://t.co/GDrqU22YpT
2237337,@115858 @AppleSupport What’s with this weird animation?? #Apple #AppleWatch #watchOS4.1 https://t.co/d9DsAhlKz2,@652423 Does it only happen with that one action? Let us know.  We'll take a look.
1617204,@AppleSupport PLEASE FIX THE I️ SITUATION. I’M TIRED.,@495890 We'd like to help! Let's try the steps outlined in this article: https://t.co/xXaXeeSRt9
2014749,This ? Thing needs to get handled @115858 do another update this is annoying! 😒 morning! 🤗,@595750 Thanks for reaching out. We have a workaround for this here: https://t.co/xXaXeeSRt9 DM us if you still need help. https://t.co/GDrqU22YpT
2707638,@AppleSupport Normal default keyboard. Latest os on iphone 7.,"@388595 Thanks for confirming that for us. Let’s take a closer look at this in DM. Meet us over there, and we’ll keep working with you. https://t.co/GDrqU22YpT"
2493809,@AppleSupport On other posts. I see it mostly on twitter and Instagram and sometimes Facebook.,"@711872 Thank you. If you are seeing the issue in other posts, this would indicate that they need to update and there is not issue with your device. It is a keyboard issue."
1395684,"@AppleSupport Yes I did, but the problem is still here ☹️ any advise ?",@444556 We know how much you depend on our apps to work as expected. Are you on iOS 11.0.3? Can you provide us details of the issue?
765635,So found out the new iPhone update now doesn’t allow me to connect my phone to the car? @115858 what are you playing at 🙄🙄🙄🙄,@302981 We want you to enjoy your iPhone wherever you're going. We'll do all we can to help. How are you trying to connect to your car?
518330,@AppleSupport Støtter ikke 1gen Appletv to-faktor?,@239546 We offer support via Twitter in English. Contact us for help in your preferred language here: https://t.co/IBIY3w3RGR
1443346,@AppleSupport why haven’t you fixed the keyboard issue?,@454891 We've received your DM as well. Thanks. We'll provide you an update there.
1510835,@AppleSupport hi when are you gonna fix your cloud issue? It keeps deleting all my old pics and i have to restore.,@470678 One of our Photos experts would be glad to assist. Reach out to them here:  https://t.co/IBIY3vMgPj
2705045,@AppleSupport I have a MacBook Air that is unable to update. I have already tried every possible reset and taken it to a licensed service provider and the issue still has not been fixed.,"@759725 We're here for you. What version of macOS is your Macbook Air on currently? 

Let us know in DM. https://t.co/GDrqU22YpT"
307356,@AppleSupport First fix ios11 bugs..it freezes and lags my 7 plus,@192649 We'd like to help. DM us what iOS 11 version you're on. https://t.co/GDrqU22YpT
2279872,"@118936 @AppleSupport Hi, I’m facing an issue with App Update or download new App, it keeps loading/Waiting... it’s been that way since last iOS update.. appreciate your support","@662803 We’d be happy to lend a hand. Which device and iOS version are you using? Your version can be located by navigating to Settings &gt; General &gt; About. Have you attempted to download the apps via Wi-Fi, cellular, or both?"
2029602,@AppleSupport @115858 pretty sure the world is tired of seeing this shit I️,@600178 Thanks for reaching out. We have a workaround for this here: https://t.co/xXaXeeSRt9 DM us if you still need help. https://t.co/GDrqU22YpT
770122,The Apple Pay setting disappear after I upgrade to Mac OS 10.13. I wonder how to fix it. Reinstall system or something else? @AppleSupport,"@303899 For this type of issue, reach out to our Apple Pay specialists here: https://t.co/IBIY3vMgPj"
995578,"@115858 had bought iPhone 6 about 2 m half years but for past one year facing problems like phone getting off suddenly ,battery gets drained",@355819 We're here to help. What do you see on screen when it turns on? Which version of iOS is it running? Let us know in DM. https://t.co/GDrqU22YpT
1923132,@AppleSupport when r u going 2 come up with a fix for those of us who utilized the upgrade?  My phone goes from 100% to 10% with regular use,@184711 We'd love to take a look at this. Which version of iOS 11 are you using? You can find that in Settings &gt; General &gt; About.
1121660,@AppleSupport hola! Las dos últimas actualizaciones no resuelven los mismos problemas en el iphone 5s.,@384573 We offer support via Twitter in English. Get help in Spanish here: https://t.co/IBIY3vMgPj or join https://t.co/OczyRx7IOs
2056484,@AppleSupport ios11 is draining my battery,@302046 We want to be sure you get the most out of your battery life. Which device are you using? We'd like to help. https://t.co/GDrqU22YpT
1062153,Hey @115858 you still haven’t put out a new update to fix the shit battery life and constant freezing on my phone! Joke 😡😡😡,"@370788 Use the link below to send us a Direct Message, and we’ll work towards a resolution together. https://t.co/GDrqU22YpT"
1212301,"Deu o que fazer pra eu recuperar o meu ID Apple com a @AppleSupport e eu já esqueci de novo, palmas pra mim! 👏🏼👏🏼👏🏼","@404538 Since our Twitter support is available in English, get help at https://t.co/IBIY3vMgPj or join https://t.co/pvaOFfPbjt"
1714117,@AppleSupport I’ve tried that as well and it hasn’t fixed the issue.,@519092 Please join us in DM where we can dig in on this issue. https://t.co/GDrqU22YpT
667044,"@115858 you really messed up my phone with these new updates, https://t.co/y2XJiosYlM. 🤕",@278953 We'd be happy to help take a look into this. Send us a DM with a few details. https://t.co/GDrqU22YpT
2703254,@115858 Can I get uhhhh... phone that fucking works?,@759283 What seems to be going on? We understand the importance of your phone working properly. Let us know in DM. https://t.co/GDrqU22YpT
495139,@AppleSupport Tried in safe mode — still black pdf.,@233071 Do you anyone with Safari in High Sierra who is able to open this PDF?
1392071,@115858 @118936  @AppleSupport i don’t know how many people received this kind of email. But i’m sure that this is just another scam. https://t.co/UZmPWNrtVk,@443769 That is a fake email. You can use the steps here to help share it with us and prevent it: https://t.co/LNMCdqt6fD
1570323,@AppleSupport it’s ios11.1 duh,@284502 Try these tips for battery life and let us know in DM if you still have an issue: https://t.co/TpjqFpkUpb https://t.co/GDrqU2kzhr
288350,@AppleSupport I updated my phone last night &amp; now ALL of my music besides purchased music is gone. What happened??,@184684 Thanks for reaching out to us. Please send us a DM and we can chat with you there. https://t.co/GDrqU22YpT
1068904,my phone keep changing “it” into “i.t” what’s good with that @AppleSupport,@372242 We want to be sure that your spell check functions as you'd expect. We can help! Which iOS are you running currently?
770959,@115858 regarding release notes for 11.03: WHEN WILL YOU FIX THE CONSTANT CRASHING APPS AND FREEZING SCREEN? #ihateyou #iphone7plus #angry,@304127 We are happy to assist you here. Please let us know if all of your apps are updated to the latest versions? https://t.co/GDrqU22YpT
2117208,"Mr. @116333 and @115858, I'm not sure what you're doing, but it's simply not acceptable that my #iPhone 6+ slows to a snails  pace after the latest #iOS update. This can't continue. #UnhappyCustomer  #Apple",@622781 We'd like to hear more about what's happening. Are you on iOS 11.1? Have you restarted since updating? DM us to troubleshoot. https://t.co/GDrqU22YpT
233353,@115858 the Bluetooth on my iPhone s/e does not work unable to find any devices.. what do I do?,@171547 We know how important it is it have all features on your device working. We'd be happy to look into this. Which iOS are you using?
1872232,@AppleSupport my iPad Air 2 will not connect to Wifi after I did the update today. It keeps saying wrong password when I try to connect,@559075 Thanks for reaching out. We recommend the steps here: https://t.co/NFSCqJTQ36 If the issue continues DM us with the link below. https://t.co/GDrqU22YpT
2449514,Fucking up my clout @115858,"@510352 iOS 11.1.1 was recently released and it includes a fix for autocorrect issues. Be sure to back up your device prior to updating, and let us know if the issue persists afterwards. How to back up: https://t.co/4f8hwT5to6"
1626538,@AppleSupport So nope it’s not working lol,@448255 Ok. Send us a DM to proceed. https://t.co/GDrqU22YpT
2449507,@AppleSupport I️ am really getting sick of this.. and this is after I️ went into settings to fix this I️ crap!,"@702049 We can understand your frustration, and appreciate you trying to fix it.  We'll do our best to help.  Were you able to update to iOS 11.1.1?  Please answer in DM. https://t.co/GDrqU22YpT"
875919,@115858 Can’t get the 7 plus to work! Going back to android! iPhones are overrated &amp; overpriced.Prepaid phones have less static and clearer sound!,@335459 What kind of issues are you having with your iPhone 7 plus? We'd love to help out.
2029484,@AppleSupport Gave **,"@600150 We're happy to do everything we can to help. To start, please DM us with the country where you're located. https://t.co/GDrqU22YpT"
542324,"@AppleSupport Not an issue but when u put a new SIM, go to settings-&gt;AppleID. It asks you to “Uptade” instead of “Update” your trusted phone.",@245864 Send us a DM please. We'd like to hear more about this. https://t.co/GDrqU22YpT
2152172,@115725 @115858 It’s been glitching through all of my apps and will even call people on its own.,@632420 We'll be happy to assist as best we can. So we can dig fully into this DM us the iOS version you're running currently. https://t.co/GDrqU22YpT
2683645,@AppleSupport Hey there! Can I ask you about AppStore?,"@754815 We'd be happy to answer any questions you have the best we're able to. Send us a DM with the details, and we'll continue together there. https://t.co/GDrqU22YpT"
2284947,@AppleSupport this happens to iPad Air all the time. https://t.co/DvFJ8TI252,@663975 Hello. We are here to help. How long has this been occurring? Have you tried a restart?
2283827,"On iOS 11.2 beta, Apple Pay now has an Apple Pay cash option that’s like Venmo. 
My only question is, why does it say it’s a discover debit card ? I don’t have discover. Guessing this is a temp card that Apple has an agreement with to use ? @AppleSupport",@663701 That's a great question. Apple Pay Cash is only available to beta users at this time. You can learn about this feature here: https://t.co/ix4hDOlt3w
785768,@AppleSupport soo what's the damage (£) I'm looking at for repair?,@307477 Let's look into this. Send us a DM and we'll go from there. https://t.co/GDrqU22YpT
2059838,"@116333 hy, WTF is this? i forgot my apple icloud id so plx help me out i've my phones emei no., lets see how use full you are...","@609203 Thanks for reaching out, we can take a look into this together, meet us in DM and we will proceed from there. https://t.co/GDrqU22YpT"
2751150,@AppleSupport pls fix the glitch,@770216 We want to help. DM us detail on the device and OS version you're having the issue on and details on the issue itself. We'll be glad to work with you on resolving any issues you're having. https://t.co/GDrqU22YpT
2255453,@AppleSupport What about the battery issue with iOS 11?,@123380 We can take a further look. DM us what iOS version. https://t.co/GDrqU22YpT
496875,@AppleSupport 11.1.2 the latest version,"@142740 Which apps do you use for music and TV? When the device freezes, does it unfreeze on its own after some time, or do you have to do something to unfreeze it?"
2569413,Just gave my I.T virus to my producer. What the hell is going on with our phones??? #iphone @115858 @AppleSupport,@728747 Let's work on this together. Join us in DM and we'll get started. https://t.co/GDrqU22YpT
1881887,"Not receiving any new WhatsApp notification!
Don't know whether it's a #WhatsApp or #ios1103 bug @AppleSupport @115858
Where's #ios11.1 ?",@216739 We know how important it is to receive notifications from our favorite apps. Let's look into this in DM here: https://t.co/GDrqU22YpT
484457,@223536 @115858 @AppleSupport Mines got to pot since the iPhone X came out!,"@230281 We'd love to help you with your iPhone! What's going on with it? DM us as much detail as possible, including which model of iPhone and which exact version of the operating system it's running, and we'll get started. https://t.co/GDrqU22YpT"
1677054,@AppleSupport I️ swear to god if y’all don’t fix this i bullshit,@510121 Here’s what you can do to work around the issue until it’s fixed in a future software update: https://t.co/xXaXeeSRt9
1592390,"@AppleSupport I synced it up with my iPhone X, reset it and did it again. It’s upgraded with the latest apple watch upgrade as well",@181107 Did you reset your watch or iPhone or both?
661504,My phone would mess up around this time smh @AppleSupport,"@277616 We're here for you. What's happening with your iPhone? Which iPhone do you have, and what's the iOS version you're running in Settings &gt; General &gt; About &gt; Version?"
246491,My phone started lagging as soon as i updated it 😡😡😡 i see what ur doing @115858,@174545 We're here to help. DM us what country or region you're located in. https://t.co/GDrqU22YpT
1537625,@476677 @476678 I️ just noticed that WHAT THE FUCK @AppleSupport,"@476676 Let us know in DM which device you're having this happen on, then we can help out from there. https://t.co/GDrqU22YpT"
187460,"Oh my god @115858 my phone has been freezing and not working since the ios11 update, even with the bug fixes it’s NOT WORKING! Get it 2gether",@159991 We'd love to help you with your iPhone! Which iOS version did you update to? What kind of trouble are you having? DM us. https://t.co/GDrqU22YpT
701640,"@287504 @AppleSupport My phone just randomly keeps re starting tho, and my pictures keep deleting and coming back!","@285569 Meet us in DM, then we can help out from there. https://t.co/GDrqU22YpT"
2137224,How long until the @115858 and @12317 Bluetooth bug gets fixed? Tired of restarting my iPhone every day to reset working link. #ios11bug #inconvenient,@520539 We certainly want to help you with your Bluetooth connection. Let us know if this helps: https://t.co/JMbUWh4fsj
1762145,My text notifications STILL aren’t popping up 😒 and fix the “I️” issue already @AppleSupport @115858,@530214 Here’s what you can do to work around the issue until it’s fixed in a future software update: https://t.co/xXaXeeSRt9
595827,"Could you all please [try to] put the Sister Act II version of Joyful, Joyful w/Lauryn Hill on iTunes please? :) @115948 @AppleSupport","@261191 We appreciate your suggestion! If you'd like to, you can submit requests for iTunes Store content using the following link: https://t.co/vcSzj5tstI"
1753275,@115858 They can’t even fix this stupid I️ problem...,@528126 Here’s what you can do to work around the issue until it’s fixed in a future software update: https://t.co/xXaXeeSRt9
2042580,@AppleSupport Calender is appearing like this. https://t.co/fvw4jzhl4o,@604008 We'd be happy to look into this with you more in detail. Please reach out to us via DM and we'll get started. https://t.co/GDrqU22YpT
1434468,@AppleSupport @115858 massive battery drainage lag while using phone hangs. Problem with ios11 Pl help serious issues with batter drainage,@453053 Send us a DM and let us know what version of iOS 11 you're running. We'll get started there. https://t.co/GDrqU22YpT
2119436,Hey @AppleSupport fix this https://t.co/YbXSAs96gb,@624587 Here’s what you can do to work around the issue until it’s fixed in a future software update: https://t.co/xXaXeeSRt9
43377,@AppleSupport 11.0.3 https://t.co/d7fsU9eKd9,@125618 Let's get your iOS updated. Remember to create a backup first. You can find instructions here: https://t.co/80YRnjDFDk
407523,@115858 what’s this shit https://t.co/bqphbIHCHG,@212140 We're happy to help out. Can you regain control by doing a forced restart as outlined here? https://t.co/o7nB3pXfMv
1329285,@AppleSupport my iPhone is completely frozen and i can't turn it off either... i hate iOS 11.0.3,"@430151 We're happy to help with your iPhone. To start, check out the steps here: https://t.co/8MvHMFZ83h Keep us posted on the results."
415488,@AppleSupport I'm having a problem with my payment information and I can't update or download apps until it's fixed so kinda need help rn,"@214073 We'd love to help! This article goes over how to change it, and what to do if you run into trouble: https://t.co/Y0YoIRcZa7"
97024,"@AppleSupport Well I have iTunes open but it doesn’t work. The buttons were working in safari when I had a video open, but then I closed it. Currently iTunes is the only window with media playing.",@137179 Do the media keys work if you have iTunes open and on screen (rather than minimized)?
1526949,@232096 @AppleSupport I thought we were in 2017?? What’s happening?? 🤣,"@474153 Let's look into this with you. Which iOS version do you have installed, and what is requiring you to reset the iPhone?"
868212,"@AppleSupport I tried all options, still the problem exists...","@326144 OK, we can look into further options to get that fixed. Send us a DM to continue. https://t.co/GDrqU22YpT"
1698530,ima need @115858 to go ahead and fix the I️ glitch,@515164 Here’s what you can do to work around the issue until it’s fixed in a future software update: https://t.co/xXaXeeSRt9
1850446,"On iPhone, i see all my music. On iPad, only iTunes store purchases show as in my library. WTF. I have so had it with @115858‘s ecosystem...",@224182 We'd want to make sure you're able to access all your music across your devices. Send us a DM and we'll go from there. https://t.co/GDrqU22YpT
2677431,@AppleSupport I am fully up to date now. What’s next?,"@244392 If there are no more updates in Settings &gt; General &gt; Software Update, the next step is to see if the battery works properly."
1371865,"My phone is on charge but the battery % is actually dropping, what the hell is going on with iOS 11? @AppleSupport","@142400 That's certainly unusual, let's look into this. What model iPhone do you have? And is this the charger that came with it?"
2731442,@AppleSupport yes. let me send y’all these busted ones for a new one. 🤙🏼,"@765714 To gather more specific details and to protect your privacy, we'd like to meet in DM. Thanks! https://t.co/GDrqU22YpT"
1575874,Why those my music stop when I open Snapchat???@115858 @115948,@485566 This can happen in an app when the app has audio/videos. The iPhone will turn off the audio you're currently using to allow you to listen to what the app has available. Are you noticing it in other social media apps? Please DM us. https://t.co/GDrqU22YpT
1103696,"@115858 super cool that all my apps crash, camera won’t open, can’t change volume, &amp; phone randomly restarts since the new update. Nice one.",@380445 Let's take a look at this together. We'd like to continue the conversation in DM. https://t.co/GDrqU22YpT
453884,@AppleSupport keep having issue with my video settings reverting to 1080 when I want to keep it ready to shoot at 4K 60. I keep missing moments because I have to go into settings and revert it every time to my liking.,"@222712 We know how important it is to have your camera ready to capture those video moments. Let’s look into this further together. When you’ve made the change to the video resolution, have you also gone to Settings &gt; Camera &gt; Preserve Settings and turned it on?"
1587435,"Good call on the software update @115858 ....I’m barely able to send this disgruntled tweet because my phone is shot, thanks",@488290 Tell us what you're experiencing and we'll work together to find a working solution.
599076,"I upgraded to iOS 11.2 because I got hit by @115858's notifications bug (disabling app notifications between crashes was fun), and now my phone won't start, won't hard reset, won't DFU, nothing. It just displays the red battery icon. @AppleSupport I can't be the only one, right?",@262084 We'd be happy to help. Check out this link to see if it helps: https://t.co/8MvHMFZ83h
2915986,@AppleSupport https://t.co/PEzlnDowce,"@807131 DM us using the link below, and we'll continue from there. https://t.co/GDrqU22YpT"
1588158,@115858 Is this just a me problem? Am I️ the only one that sees a god damn question mark every time I️ type the letter “I️”?,@488450 We want to help make sure things are working smoothly for you. Try giving these steps a try: https://t.co/sDSg93LaFu
1954088,New update on iPhone from @115858 and now my phone is buggy and slow. Classic Apple move.,@580070 We'd like to look into your iPhone and the issues you've had since the update. DM us which iOS version you have installed. https://t.co/GDrqU22YpT
1988386,@AppleSupport care to explain why my phone crashes every 30 minutes ever since I updated it?,@588511 Let’s team up to get this addressed. Does your iPhone become completely unresponsive when it crashes? Let us know in DM. https://t.co/GDrqU22YpT
2516055,@AppleSupport my cell just began to do this I have done a hard reset and still doing it I can’t call any one https://t.co/pii3Ug2Kj6,@188650 Thanks for reaching out.  We know how important it is to be able to make calls and we'll do everything we can to assist.  Does this issue happen if you manually dial the number also?  Let us know in DM. https://t.co/GDrqU22YpT
2261504,"@AppleSupport Running on iOS 11.1.1 on an iPhone 6s. There was a carrier update. 

I can tell when the phone won’t place a call as my volume control buttons on the side stop responding. 

A hard reset fixes it until it happens randomly again. Phone will get extremely warm. 
No damage/water",@658440 That seems like it can be frustrating. Let's try and find a solution together. Please send us a DM and we will go from there. https://t.co/GDrqU22YpT
707439,"@AppleSupport Ah! I can't recall if I had named a workout before, but I guess I did. I'll make sure to check this out next time I'm in the gym. Thanks!",@252093 You're welcome.
599081,@AppleSupport Hi there! One of my iTunes movies isn't showing up on my new iPhone X despite it showing up on my MacBook Pro and my old iPhone 6S Plus. Can you help?,"@262085 We'd be happy to look into why this is happening. To verify, if you go to the purchased section of the iTunes Store app, do you see your movie listed there? Check out this article for info on how to do this: https://t.co/FRtPzkHz0K"
1875550,@AppleSupport How come I can’t update my phone to 11.0.3 with a iPhone 6s?,@559908 We're here to help. Are you updating via Wi-Fi or iTunes? Are you receiving any error messages? DM us to continue. https://t.co/GDrqU22YpT
1113184,"@115858, I’m trying to subscribe for Apple Music but my college is not an option. Help? 🤔 https://t.co/RkUApqS0Ww",@382715 Hi. Let's get you connected with UNiDAYS for help with setting up your Apple Music student membership: https://t.co/YDOBln8OX9
2753676,"@AppleSupport Please let us downgrade to Ios 10 again, updated to 11.1.2 on my iPad mini 4 and having issues","@770791 Thanks for reaching out to us for support. When you have a free moment, please tell us the issues that you are experiencing with your iPad mini 4."
114459,A recent upgrade to iOS 11.1.2 has made my phone so so slow . I hate it. It’s so laggy now @AppleSupport,@141447 You've come to the right place for help. We can definitely look into this with you. Send us a DM and we'll go from there. https://t.co/GDrqU22YpT
1533054,Hey @AppleSupport I’m having issues with something on my new iPhone X. Can you help?,@475487 We'd like to help. Send us a DM with your question to continue. https://t.co/GDrqU22YpT
2305838,Thanks a lot @AppleSupport for the constant reminder to update my OS for the latest Numbers. Now allow my MacPro to update to the latest OS.,@173687 Let's take a look at this together. What happens when you try to update macOS?
2852284,"@AppleSupport My iPhone is the SE, the IOS version is 11.1.2 and the symbol on my photos look like this. Thank you for getting back to me. https://t.co/btOdrBerOc",@793018 Thanks. Let's get you in touch with our Photos experts. They'll be the best equipped team to help answer any questions you have. Reach out to them here: https://t.co/IBIY3vMgPj
2278835,"Hey @AppleSupport this new option of not being able to send outgoing email with IOS 11.1.1 is super awesome! Thankfully @123765 expanded to 280 so I can properly express my joy! Well at least the echo option in iMessage is working because that super handy!
#frustrated https://t.co/VbSGaRt1Rg",@662577 Hey there! We'd like to see how we can help. Have you had the opportunity to check out these steps for if you can't send mail from your iPhone? https://t.co/Jpr0POLgCg
2016987,"@AppleSupport I'm not too sure whether this is a scam email as it replaces letters with characters that look similar to the letters, I thought this a safer way to respond as the activity in Russia wasn't me but this email is quite suspect. https://t.co/dBovnWzNgk",@596482 We'd be happy to look into this with you. Check out: https://t.co/LNMCdqt6fD Please DM us here for more: https://t.co/GDrqU22YpT
908947,Am I the only one experiencing problem with iPhone speaker when calling? No sound at all. @AppleSupport,@335887 We want to help.  What type of iPhone are you using?  Are you updated to iOS 11.0.2?
1925138,@115858 what’s wrong with the store app?,"@573016 If you're still having issues with your Apple device or service, we'd like to know more. Reach out to us via DM with the details. https://t.co/GDrqU22YpT"
1169550,@115858 @AppleSupport issue wid #iPhone5s on iOS11:ringer vol control frm 'Control Center' or physicl buttns doesn't effect settings changes. https://t.co/pvW3CfUQTZ,"@301385 We can help you with that. From the recording you sent us, it looks like ""Change with Buttons"" is disabled, let's enable that."
2987501,"anyone having issues with #osx #HighSierra and #Slack, #zoom or Multiple monitors? Getting major lag. @115858  @118190  @172377 #DevLife","@823737 We're happy to help out with your concerns. To begin, have you made sure that all apps are up-to-date via the App Store &gt; Updates tab? 
Does the slower performance happen with a specific pattern?
Send us a DM and we'll work on this together. https://t.co/GDrqU22YpT"
1734479,Yo @115858 fix I️ this,@523783 Here’s what you can do to work around the issue until it’s fixed in a future software update: https://t.co/xXaXeeSRt9
2048942,"@AppleSupport why is iOS11 making my 7p slow as hell?
Frequent freezing and apps not responding is like a feature for this update.. fix it??",@570706 We are here to help whenever possible. DM the specific iOS version you are using currently to get started. https://t.co/GDrqU22YpT
1896080,"@115858 @AppleSupport Please FIX the constant freezing, battery drain, and disappearing photos in IOS 11!!!!",@161532 We'd like to help with the issues you're experiencing. Tell us what type of device you're using via DM to begin. https://t.co/GDrqU22YpT
2517150,"@AppleSupport Can’t receive calls, I’m on iOS 11.1.1","@717034 We are here to help. Let's go into Settings &gt; General &gt; About. If you are prompted for a carrier update, please apply and restart. If the issue persists, or no carrier update is available then remove and reinsert your SIM card. We look forward to your reply."
1680006,The question mark boxes are annoying but I️ know @115858 hears us &amp;&amp;’ will fix it soon,@510879 Here’s what you can do to work around the issue until it’s fixed in a future software update: https://t.co/xXaXeeSRt9
2280234,iOS 11.2 Beta 2 deja la batería totalmente frita en un par de horas cc @AppleSupport,@662876 We offer support via Twitter in English. Get help in Spanish here: https://t.co/IBIY3vMgPj or join https://t.co/OczyRx7IOs
2371256,.@TwitterSupport @AppleSupport what's the fix to stop iPad running 10.3 iOS dropping wifi ? Only happens using twitter app ? Safari is fine ..re-installed system etc .. no different . Please help ?,"@684218 We want to help with your iPad's Wi-Fi connection. To verify, does it drop any Wi-Fi connection when on Twitter? DM us the answers to these questions and we'll continue there. https://t.co/GDrqU22YpT"
1954523,@AppleSupport what should i do?. https://t.co/CfQfc1386K,@580189 We can help. It appears you've started the account recovery process &amp; it will take about 5 days to complete. DM us any questions. https://t.co/GDrqU22YpT
2835856,@AppleSupport reserved iPhone X 3 times. Had to cancel reservation each time. Now unable to reserve - limit reached. Can you help?,"@789348 We're happy to get you pointed in the right direction. For help with reservation requests, reach out to our Online Sales Team here: https://t.co/8yjRd1Xo0i"
1949242,"@AppleSupport when is there going to be another update? Nothing but problems since updating to IOS 11.0.03, constantly freezing and dying","@579071 Hey, we want to work with you to get everything sorted. DM us the device you're experiencing this on. We'll go from there. https://t.co/GDrqU22YpT"
954535,"@AppleSupport this is ridiculous, my phones been completely frozen for the past hour because of the damn IOS 11.0.2",@218000 Let's get back into DM and try some additional troubleshooting steps. We'll help. https://t.co/GDrqU22YpT
1725667,@115858 @AppleSupport hey guys. been sitting at you apple store in spokane WA for over 8 hours with no resolve. They lack customer care.,@521907 We'd like to hear more about your experience. Send us a DM and we'll look into this. https://t.co/GDrqU22YpT
2571375,@AppleSupport  https://t.co/0tYBCiK1Bm,@729183 How long ago did you update?  Do you have any available updates for apps in the App Store?  DM us back. https://t.co/GDrqU22YpT
114491,@AppleSupport 11.1.1,"@141456 The latest version of iOS is 11.1.2. Let's go ahead and update following these steps: https://t.co/ahjigcvFRG Let us know if the issue persists afterward, and we'll continue from there."
2078921,@AppleSupport my iPhone 7 has deleted my contacts twice in the last week. How can I retrieve them and prevent this?,@614845 We'd like to help you get this resolved. Tell us which version of iOS you're running via DM. We'll go from there. https://t.co/GDrqU22YpT
2263489,@AppleSupport I am using Cellular data - no low power mode enabled and yes i can see them on the computer.,"@658940 Let's connect to a reliable Wi-Fi network at this time, then allow those images a bit of time to download again. DM us if you're seeing them clearly. https://t.co/GDrqU22YpT"
1564047,Why is the letter “I” being replaced when used by itself with a capital A and a question mark?!?!?!? @AppleSupport,@482968 Let's get that autocorrect issue resolved. Take these steps here: https://t.co/xXaXefaskH Did that help correct it?
208201,Did blocking calls from #iPhone contacts stop working with #iOS11 upgrade? @AppleSupport,@165252 Numbers can be blocked by accessing contacts directly from the Phone app. You can see how at this link: https://t.co/eXOsiiLMs2
1306075,@AppleSupport will I need to enter a drivers license when upgrading to the x tonight?,@425212 Great question! Please reach out to our Apple Online Store Support team for assistance here: https://t.co/8yjRd1Xo0i
2508177,"Ever since the most recent iOS update, my iPhone 8 has been hella glitchy.  Any reason for that?  and is there an update to fix it? @115858","@715055 You've reached the right place for support. We know how important it is for your iPhone 8 to perform as expected and we're happy to help. To start, can you tell us more about what your iPhone is doing? The more details we have, the better we can recommend a solution."
2276384,@AppleSupport How can I fix this? It turns into numbers like I don't even know how. It happens when I connect my iPhone on iTunes. https://t.co/TE1qjq0caS,@662073 Let's get this to show properly. Are you an Apple Music member? Is this music that was imported to your library or purchased via iTunes?
523001,@115858 Crashing everytime. Help me please,@173776 We're here for you! We've also received your DM messages and will continue from there.
1519905,@AppleSupport can you cancel my pre-ordered iPhone X and re-order today as it says it will arrive sooner than my pre-order from 1 week ago?,@232089 Thanks for connecting with us. If you'd like to cancel your previous order please click here: https://t.co/jr7MZtpSNY
2833081,@AppleSupport what does this mean I tried updating but froze on this https://t.co/LvSa62DKR9,"@788707 We'd like to help. Let's try reinstalling the macOS from recovery. This article has more info on that: https://t.co/KKHbRRkCpI Check out the ""Other screens you might see"" section."
1218347,@AppleSupport can this be fixed? https://t.co/tnaJpE7G0P,@405863 We want to help.  Send us a DM letting us know which country you are located in. https://t.co/GDrqU22YpT
1789109,@115858 #worst #experience with you guys,@537433 That's not the type of experience we'd expect and we'd like to help. DM us with details about what happened. https://t.co/GDrqU22YpT
10683,@AppleSupport Baje la App de @701 la cual es gratuita y me llego un cargo de $18.11 Pesos ¿cuál es el motivo?,@117964 We offer support via Twitter in English. Get help in Spanish here: https://t.co/IBIY3vMgPj or join https://t.co/OczyRx7IOs
2061705,"Help, the battery of my iPhone is ending very fast, after the updates. Please fix this. @115858  @AppleSupport",@609733 We understand how important your iPhone battery life is. We'd love to help! Send us a DM and we'll continue there. https://t.co/GDrqU22YpT
325501,"@AppleSupport @AppleSupport Thanks. I am 11.0.2 (techie friends say “do not install;” makes worse, battery hog.) 10 sec - touch/resp. Redundant actions. 🐢",@193539 Let's work together in DM to investigate what's going on with your iPhone. https://t.co/GDrqU22YpT
588183,So I left @115890 phone for a @115858 phone.  And I’m finding it has as many bugs as my windows phone running beta OS. Is it just me?,"@258996 We'd love to help you and look into what you're experiencing. To start, please send us a DM including which iPhone model you have, and what is happening with it. https://t.co/GDrqU22YpT"
31407,@AppleSupport 11.1,"@122925 Perfect, thanks. Let's go to Settings&gt; Reset&gt; Reset keyboard dictionary to remove any unwanted corrections. Then restart."
2696063,"@AppleSupport Just upgraded to iPhone 8+, transferred data from cloud and now get this message every time I unlock my phone?  I’ve erased old apps and updated my settings to offload old apps. https://t.co/coOOAn7mm4","@724468 Congratulations on your new iPhone, we want you to enjoy it. Let's work to get to the bottom of this issue. Do you have any apps that appear dim or have white lines in your Home screen. Look here for an example: https://t.co/FgWA1fgP26"
2520773,"@115858 So how come since i got IOS 11, my battery die fast as shit??","@717994 We know how important battery life is for your device. Let’s work together towards a resolution. Send us your exact iOS version in DM, and we’ll take a look at it there. https://t.co/GDrqU22YpT"
2130350,@115858 please fix this while A ? Thing. It’s getting annoying af,@627041 Here’s what you can do to work around the issue until it’s fixed in a future software update: https://t.co/xXaXeeSRt9
1673619,hey @115858 fix my phone,@509271 We're here to help. Can you DM us more details on your iPhone issues? https://t.co/GDrqU22YpT
1276303,Why you asking me to subscribe again when I already am smh @115948 @AppleSupport,@418746 Thank you. We’re investigating and will update our System Status page as more info becomes available: https://t.co/Fcu0biZf0L
2249887,@AppleSupport 11.0.2,@655547 Thank you. Do you have a current backup of the device?
2205901,@AppleSupport the iPhone X is nice and everything but I️ can’t type I️ without it coming out as a question mark.... when are y’all fixing this?,"@644968 An update has been released to assist with this issue. If you haven’t yet, please back up your device and update it to the latest version iOS 11.1.1. For more info, check out: https://t.co/80YRnjDFDk"
2888383,And I thought I️ fixed the @115858 glitch but it has resurfaced 👍🏼,"@800893 We'd love to help!  This issue should be resolved with the most recently released iOS update.  Is your device currently updated?  If not, please try updating (make sure to back up first, just in case) and let us know if the behavior continues."
2500937,@AppleSupport hey apple my iPhone 7 went blacked out for like 2 hours every time I come to reboot it my phone gets stuck at the rebooting program …I think my phone’s broken need help ASAP nothing is working getting frustrated 😩,"@713445 We're here for you. Send us a DM, and we'll take a closer look at your iPhone 7 together. https://t.co/GDrqU22YpT"
362098,(2) @AppleSupport such a shady business model to start making phones less efficient every time you’re about to release a new phone model.,@201778 That's never our intention or the experience we want you to have. Can you tell us about where you're seeing the slowness?
1147070,@AppleSupport it shows error 0xe8000015 or error,@136070 Okay. Let's see what we can do to assist further on this. DM us and we'll continue there. https://t.co/GDrqU22YpT
2943379,@809706 @AppleSupport Unbelievable I just got home and it’s not fixed. iMessage still not able to send on iMessage app via mac,@809705 We want to take a closer look. What happens when you send iMessages using your Mac? Do you receive an error? Please DM us and we'll continue there. https://t.co/GDrqU22YpT
1850721,"Since the iOS 10 update, my iTunes keeps starting up off the lock screen by its self. Any ideas? @17741 @115858 @115990",@554011 Let's take a look at this for you. Is this happening when you have headphones connected?
2545655,@AppleSupport I think it worked,"@723562 Fantastic! If you need anything else, please don't hesitate to let us know. We love to help! Have a great day!"
2276386,"@AppleSupport Of course. It’s an iPhone 6s Plus, running iOS 11.1.1","@662074 Thanks for those details. Just to clarify, would you be able to further elaborate about the issue you're experiencing on your iPhone?"
872756,@AppleSupport my music is all gone because i switched stores,"@327202 We're here for you! Send us a DM, and we'll take a look at your missing music together. https://t.co/GDrqU22YpT"
2794352,@115858 @AppleSupport You guys have got to fix the problem with the i .. I️ I️ I️ I️ I️ I️ I️ I️ I️ I️ I️ I️,"@779804 We've released an update that includes a fix for autocorrect issues. Be sure to back up your device prior to updating, and let us know if the issue persists afterwards."
1998493,"@AppleSupport Good day, please assist i cannot turn off find my iPhone as I need to restore my back up.","@590911 Try out the steps in this article: https://t.co/VRHeI5VPIg If you still need help, reach out to us via DM. https://t.co/GDrqU22YpT"
1705329,I’m pretty DAMN tired of my phone turning my letter 👁s into question marks and boxes @AppleSupport fix yo shit now,@516882 We can assist you. We recommend the following steps in this guide: https://t.co/xXaXeeSRt9
2001858,YOU NEED TO FIX THIS SQUARE SHIT !! @115858 LIKE RN I️ CANT SEE HALF THE SHIT I️ TYPE,@591941 We'd like to look into this with you. Which iOS version do you have installed? Let's meet up in DM to continue: https://t.co/GDrqU22YpT
2207476,@AppleSupport And my battery life?...,@645390 Join us in DM with more details about what you're experiencing with your battery life! https://t.co/GDrqU22YpT
1462581,@AppleSupport why does my letter “i” change to this I️,@459467 Thanks for reaching out. Does this issue occur on iOS 11.1? Let us know in a DM and we'll continue there. https://t.co/GDrqU22YpT
991766,@AppleSupport Please explain why I can put podcasts on a sleep timer but I can't put music on a sleep time. Now fix it. Thank You.,"@354923 We're happy to help with this. Send us a DM to get started, please. https://t.co/GDrqU22YpT"
1794169,@115858 @AppleSupport Why doesn’t the new command center WiFi symbol disable wifi? It goes blue to grey but just stays “no connected” help!,@539160 That's a great question. The way Wi-Fi and Bluetooth controls work in Control Center have change. https://t.co/G7BHuQnDS6
667036,So this stupid I️ thing keeps happening despite the alleged help from @AppleSupport and it’s moody because I️t doesn’t happen every tweet wth,@278950 Thanks for reaching out to us for support. We would love to help you. Please DM us so that we can look into this together. https://t.co/GDrqU22YpT
1637108,@AppleSupport please fix the I️ soon because this A ❓is driving me crazy. Thx.,@500702 Thanks for reaching out. We currently have a workaround for this. Here's how: https://t.co/xXaXeeSRt9
554762,"@AppleSupport It was 11.1. I’ve just updated to 11.2
Changing the date back to November helped throughout the day.
Seems to be ok with 11.2 for now",@249485 That's great to hear! Let us know if you have additional concerns in the future that we can be of assistance with.
1535714,@476181 @AppleSupport YES! What is the deal?? I️ keep getting a question mark,"@476182 We're here to help! Send us a DM telling us which iPhone you have and the iOS version it's running, to begin. https://t.co/GDrqU22YpT"
1352933,"@AppleSupport It seems better after I upgraded it to iOS 11.1, thanks.",@435524 That is great news. Thanks for giving us a chance to work with you. Please reach out anytime!
2295689,@AppleSupport I updated my 6sPlus to 11.1.1 and I can no longer text videos to my kids’ father who has a Droid.  What’s the solve? #aggravated 😡😡😡😡😡,@666588 We understand how important it is to be able to send messages as expected. DM us the details of the behavior you're experiencing and we'll continue together there. https://t.co/GDrqU22YpT
289089,@AppleSupport @115858 You really need to fix this issue real quick.,@184883 Hi there. We'd like to help. DM us and we can take a closer look. https://t.co/GDrqU22YpT
2833059,@AppleSupport My MacBook Pro Retina Mid 2012 have been having display issues (black screen) after restart and takes like 15mins for the screen to display. I upgraded to macOS High Sierra hoping it will fix this issue but now it won’t even display again. Pls I need support on this.,"@788700 We'd like to assist. Your DM has been received, please keep a look out for our reply there shortly."
2893278,@762 @115858 @2531 Ever since I changed phones I’m unable to download apps/In order to install them I’m only given 1 option &amp; that’s “touch pad” &amp; it does not work for me. How do I change “touch” to go back to old way? #NeedToKnow #frustrated,"@380732 You’ve come to the right place. To begin, we'll need to go to the settings for Touch ID. Please go to Settings &gt; Touch ID &amp; Passcodes. Turn off iTunes &amp; App Store, if you do not want to use Touch ID to make purchases. Here's more information: https://t.co/AsMLCsnb6S"
1747320,@115858 it would sure be cool if you could fix this autocorrect problem everyone is having....,@526748 Here’s what you can do to work around the issue until it’s fixed in a future software update: https://t.co/xXaXeeSRt9
537606,"@244614 @AppleSupport El teclado va fatal, las apps tardan en abrirse y la batería vuela.",@244907 We offer support via Twitter in English. Get help in Spanish here: https://t.co/IBIY3vMgPj or join https://t.co/OczyRx7IOs
2012112,@AppleSupport It come up in red and says “not delivered”,@375034 Is MMS Messaging toggled on in Settings &gt; Messages? Let us know.
2129157,"@115858  do you know about new update IOS 11.1 problem which happened to my iPhone 
هل تدرون عن مشكلة التحديث الي١١.١ لقد تم ايقاف هاتفي مرتين بسبب التحديث",@626764 We offer support via Twitter in English. Contact us for help in your preferred language here: https://t.co/IBIY3vMgPj
2036674,"Ever since I updated to IOS11 my iPhone 6s messes up. Slow, all the apps crash. @AppleSupport @115858 are u trying to make me buy a new phone","@602158 Hey, we can work with you to see what's going on with your iPhone. DM us the exact iOS version and we'll go from there. https://t.co/GDrqU22YpT"
1954105,@AppleSupport It’s  stuck with a message over it and  can’t  do anything https://t.co/mhwoQR0ekl,"@580076 Have you tried to restart? If it won't restart, try to force restart the iPhone: https://t.co/o7nB3pXfMv"
619487,@AppleSupport @115858  Are you serious????? I haven’t even had the IPhone X for a month and it’s already having this issue ALL the time!! Please help!!! https://t.co/zEJjy4DG6M,@267007 We can assist you. We want to make sure your iPhone is working properly. Can you please provide more details on what you are experiencing with your device?
1627574,@AppleSupport my iPhone 7 is slow and freezes ever since updating to 11.1. Other people are experiencing the same issue as me.,"@498297 We'd be happy to look into this issue with you. Send us a DM, and we'll continue there. https://t.co/GDrqU22YpT"
2944487,@AppleSupport YOU CHARGED MY ACCOUNT FOR $50 WORTH OF STUFF I NEVER PURCHASED . GIVE ME MY MONEY BACK !!!!!!!,@813398 We received your DM. Be on the lookout for our response. https://t.co/GDrqU22YpT
243264,RIP to my cellular phone battery since the new @115858 iOS 11 update.,@173762 We want to help. Send us a DM and we'll go from there. https://t.co/GDrqU22YpT
1420230,@AppleSupport this new update is causing my phone to freak out. Pls help,@450155 We're here to help. What exactly is going on with your phone?
2050994,iOS 11.0.2 update still has bugs. Wish I could downgrade back to 10. @AppleSupport,@606530 We'd be happy to help you with your iOS 11 issues.  Please reach out to us via DM and we'll get started. https://t.co/GDrqU22YpT
2918840,"@AppleSupport I've tried restarting, using cellular and wifi. Nothing works",@807878 Which country are you located in? Let us know in DM here: https://t.co/GDrqU22YpT
2059755,got my screen fixed in august and april by @115858 and just shattered it now ayyyyyy i’m full of good luck woohoo,@609177 We'd be happy to look into service options with you. Tell us what country you're currently in to get started. https://t.co/GDrqU22YpT
235855,"@AppleSupport in the new ios update, ive noticed a slight delay when you press next in Music. Im using an iphone 6s 64gb model, 127 songs.",@172180 We can help. What happens when you restart? Give that a try by following: https://t.co/OWRDHWSt4h
1541999,"Ayo why I keep seeing question marks on my tl &amp; shit , my shit updated to the max Foh @115858",@477775 We want to look into this with you. DM us which model iPhone you have and iOS version to get started. https://t.co/GDrqU22YpT
1813508,"So my phone deleted all my messages, my contacts, logged me out of all my twitter accounts and now I can't access my banks?? @115858",@544808 Hi there. We'd love to help out. Please send us a DM and tell us what version of iOS you're on. We'll meet you there. https://t.co/GDrqU22YpT
2062183,@AppleSupport Hugely regretting update to iOS 11.0.2 as I watch my battery life drain at TWICE previous rate.,@609878 We'd like to look into this with you. Send us a DM with the model iPhone you're using to get started. https://t.co/GDrqU22YpT
81975,"@AppleSupport Yup. Am a member. Normally make updates on iTunes on the comp, listen on-the-go on my phone. The iCloud Lib on/off button turns on and then back to off once I leave Settings. Since yest morning. Haven’t made any setting/other changes. Normal operation",@134136 Can you tell us which iOS version you are currently using please?
1693405,These ? mark boxes are annoying as hell! @115858 you fuckin up,@513911 Here’s what you can do to work around the issue until it’s fixed in a future software update: https://t.co/xXaXeeSRt9
2369388,Soooo is anyone else’s screen record not working on @AppleSupport #iPhone8Plus  👀 #ios11struggles,@683798 That's a super new feature and we want you to be able to use it. What's happening when you attempt a screen recording?
44616,@115858 fix yourself so that my phone stops freezing up,"@125902 We know how important it is to have your iPhone running properly, and we'd like to help. Which software version are you using?"
2787813,"@AppleSupport Both , apps freeze and throw me out , the device freezes and the screen goes black and doesn’t respond , the speaker stops working on phone calls and I have to turn it on and off to get it back , camera roll pictures don’t load &amp; the mini screen for music disappears a lot",@778258 We understand wanting to get these issues sorted out. Do you have any app updates available in the App Store &gt; Updates? Are you currently using a case or a screen protector with your iPhone?
2310123,Stupid ass shit blowing my high. Ima just start typing lower case L cause that question mark pissing me off. @AppleSupport,@669991 Here’s what you can do to work around the issue until it’s fixed in a future software update: https://t.co/xXaXeeSRt9
1061484,@AppleSupport 11.0.3,@370637 Got it. DM us the country you're located in and we can look into some options from there. https://t.co/GDrqU2kzhr
1970217,So when are you making an update where my phone doesn’t freeze every hour for 10 minutes @115858,"@218264 We'd like to see if we can help with your iPhone. Send us a DM with more information, and we'll continue from there. https://t.co/GDrqU22YpT"
1627191,@498201 @AppleSupport Seriously thought mine was the only one doing that. I️ like reset my phone and reset my dictionary and it’s still doing it 😒😒,@498200 We are aware of this issue and are working hard to find a resolution. We do have a workaround: https://t.co/xXaXeeSRt9
1420614,"@185947 @115858 So great to hear that other ppl are experience this problem, I thought it was just me. Lol",@450260 We'd love to help! It's certainly not what we want you to experience after updating. What's the exact iOS version you're using?
1192251,Why is my phone making me log in every couple hours since the most recent update? @115858 @AppleSupport 😑,"@400221 Thanks for reaching out, we can look into this with you. Is it asking you to sign into iCloud or iTunes and App Store?"
2706905,@AppleSupport @115858 why can’t I see vdos and pics that have been synced via an iPhone to an iMac in iMovie. With all ur Corp cash you’d think this would be intuitive,@289239 We're glad to help! There are a few options for sharing iMovie videos and projects between iPhone and Mac. We'd like to share an excellent guide to help. Please DM us if you have any questions about this information: https://t.co/11VuimgCaK https://t.co/GDrqU22YpT
2728999,Why are my deleted photos from months ago reappearing in my camera roll? And suddenly all my other deleted photos are in deleted album but I cleared it a million times lol fix this @AppleSupport,@765147 We'd be happy to look into this with you.  Please reach out to us via DM and we'll get started. https://t.co/GDrqU22YpT
2564184,@AppleSupport @115858 why won't my iPhone 6 receive any emails?,"@522098 We're happy to help. Let's start by taking a look at this article: https://t.co/Jpr0POLgCg

Let us know if the steps outlined there resolve or isolate the issue."
1369590,@AppleSupport Any reason my phone will not verify updates? No normal fixes are working and will not restore.,@438796 We'd be happy to look into what's going on. Which iPhone and iOS version are you using?
1071000,¿Alguien aquí que sepa cositas de una #MacBook? Desde ayer no me permite copiar nada (copiar&gt;pegar) no existe :(((((( @115858 @AppleSupport,@372735 We offer support via Twitter in English. Get help in Spanish here: https://t.co/IBIY3vMgPj or join https://t.co/OczyRx7IOs
1496687,Hey @115858! I’ve tried several times over the past few months to get my Apple ID reset but never receive email/phone notification. Pls help!,@467480 We've got a team of specialists who can best assist with that. Connect with them here: https://t.co/UJm15vmMM2
2355959,@AppleSupport if you are going to automatically send my emails and texts to my watch you could at least include option to delete by phone instead of going one by one on watch. Plus i don’t want emails to my watch. Options?,@128101 We know customizing what notification you get on your Apple Watch is important and got some information you'll find useful. Check this out: https://t.co/vXqj8bZGU7
2726873,"Bonjour @AppleSupport, je suis pigeon chez vous depuis mars 2010, mon 5ème iPhone (quand même ! *manuel vals voice*) à ENCORE des problèmes de batterie. Pouvez m’offrir en guise compensation le dernier Samsung S8+ SVP ? Cordialement, bisous.",@764679 We offer support via Twitter in English. Contact us for help in your preferred language here: https://t.co/IBIY3vMgPj
1137976,been charging my phone for 1hr but it’s still on 5% ermmmm @115858,@388036 We're happy to help! Have you had the chance to restart your iPhone yet? Let us know if that changes the battery percentage.
959357,@347612 @AppleSupport I’ve been having the same problem!!!,@564925 Having a reliable iPhone is important! Let us help you with yours. DM us your device model to proceed. https://t.co/GDrqU22YpT
2966565,@AppleSupport I’ve done a tally of how far I’ve gone this month and this is wrong. It’s actually been wrong all month (from the start it’s said 201.3km/221.3km). What’s going on here? https://t.co/6V0gofHMh1,@818410 We'd like to help! Can you tell us the version of iOS that is running on your device?
1011596,"@AppleSupport Hello, I am not. Chargers of other brands work just fine with my iPhone. I just noticed when I updated to ios11 it is rejecting the charger.",@359353 Have you had the chance to try an official Apple charger? This step would help us further isolate the issue.
1332767,@AppleSupport how do I switch of automatic brightness on this new iOS?,@430908 Auto-Brightness moved to Settings &gt; General &gt; Accessibility &gt; Display Accommodations. https://t.co/bkqEVCrK2l
2117274,"@AppleSupport I used to have an iPhone 6 that was a pleasure to use until the latest iOS updates , now it’s slower than a sleeping sloth",@624046 That's not the type of experience that we'd like for you to have with your phone. Let's hop in DM and continue there: https://t.co/GDrqU22YpT
1817772,Thanks to the new iOS update my phone is sooo slow and won’t connect to wifi @115858,@546017 Thanks for reaching out to us for support. We would love to help you. Please DM us so that we can troubleshoot together. https://t.co/GDrqU22YpT
2697218,@AppleSupport hey 👋🏼 I did 17 workouts that lasted 30 minutes &amp; more but I still can’t get this award☹ https://t.co/plh6K0TjwB,@757899 We'll be happy to look into what's going on with that award. When did you complete the final workout?
2150277,@AppleSupport @631960 Hi I did this and now random letters are turning into the symbol too and the shortcut stopped working,@631961 We'd love to look into this further with you. Please DM us and let us know which device and iOS version you're using. https://t.co/GDrqU22YpT
326762,@AppleSupport my iphone 6 battery is draining a LOT faster under 11.02 than under 11.00 or 11.01 !! What gives?,@193858 We'd be happy to assist with your battery today. Send us a DM to get started. https://t.co/GDrqU22YpT
35988,@AppleSupport I bought an Apple Watch just over a wk ago &amp; already the screen is very badly scratched.I really dont think it’s fit for purpose. #nothappy,@585492 We'd like to look into this with you. DM us which model and size Watch you have and the country you're in. We'll go from there. https://t.co/GDrqU22YpT
211252,"@AppleSupport As per our discussion I installed 11.0.1 and now the new version is released again, installed that as well, problem pertains",@166041 Please send us a DM and we will go from there. https://t.co/GDrqU22YpT
1589391,@AppleSupport  https://t.co/PGZxztYxpt,@308702 Awesome! Thank you for keeping us updated. Could you tell which iPhone you're using?
2277734,@AppleSupport Right. I updated to iOS 11.1.1 and it’s fixed my phone ringing issue. But my battery has got even worse and my phone will freeze about 5 times a day when I click an app.,@662356 Let's take a closer look in DM. Does restarting help at all? https://t.co/GDrqU22YpT
90616,I'm developing a new app. This app can access the photo library but doesn't have any photo library usage permission. Is it a bug? #Apple #appleBug #iosbug #swiftlang #iosapp #iOS11 @115858 @AppleSupport @4385 https://t.co/9l6qNIGlSo,@135613 Let's get you in the right place for help. You'll want to reach out for Developer Support here: https://t.co/MN29maiV1D
2729162,@AppleSupport  got a question about the warranty on my beats.,@765194 We’d like to point you in the right direction to get help. Please reach out to our @159983 team for support. https://t.co/GDrqU22YpT
2144598,@115858 you really gotta fix your stuff this question mark thing mad annoying,@630519 Here’s what you can do to work around the issue until it’s fixed in a future software update: https://t.co/xXaXeeSRt9
2642603,@AppleSupport how to clear this memory. I’m unable to find the path of this Documents and Data https://t.co/MZgLrrzc8g,@728543 Hello there. The selected material is about the same size as the Mail and Attachments. Did you check for unwanted emails?
2286258,@AppleSupport ever since I updated my phone like 2 hours ago it’s been on the charger as well and it’s still on 5%,@664341 We want to help. Take a look at this article and let us know if it helps: https://t.co/uqxquyfdn0 https://t.co/GDrqU22YpT
1464944,"my iphone 7 after the last software update became slower, the screen goes black and only the screen in lock mode. @115858 @AppleSupport",@460029 Having a reliable iPhone is important! We'd be happy to help. Let us know when you updated to iOS 11.0.3 in DM to continue. https://t.co/GDrqU22YpT
1841152,"@AppleSupport your software updates have worsened my mobile. Whasaap I can not make any calls not can I send audios, writes slow. A disaster",@216491 We'd love to assist you with the WhatsApp. DM us letting us know if it shows an update for the app in the App Store. https://t.co/GDrqU22YpT
1544479,"@AppleSupport @115858 help, after searching in settings cancel appears on top most of screen overlapping d batt time, icon not responsive https://t.co/jJbOjKDXiG",@478398 Let's get into this together. Please DM us. https://t.co/GDrqU22YpT
1643384,Dearest @AppleSupport I️ can’t type anything I️ want to. I️ don’t know what happened with this update but I️ can type an I️.,@502272 Here’s what you can do to work around the issue until it’s fixed in a future software update: https://t.co/xXaXeeSRt9
1818344,Dear @AppleSupport do not understand why 2-factor ID # is sent to device I am using. Doesn't that defeat purpose?,@437816 We can help with this. Meet us in DM to get started. https://t.co/GDrqU22YpT
2114771,@AppleSupport PLEASE FIX ISSUE WITH I️ !!!!,@623485 Here’s what you can do to work around the issue until it’s fixed in a future software update: https://t.co/xXaXeeSRt9
2584391,"@AppleSupport my admin doesn’t want to accept my password, I can’t access and install softwares , what should I do?.","@732354 Thanks for reaching out. We know how important it is to be able to access and install software on your computer and we're happy to help. To start, we'd like to make sure we're on the same page. Are you referring to your admin account on your Mac?"
2547271,@115858 well you’ve outdone yourselves on shocking service for a faulty 3 month old iPhone that I’m stuck with yet you have my money. @1647,"@723937 That's not the experience we ever expect you to have. DM us some details about what's going on, and we'll see how we can help. https://t.co/GDrqU22YpT"
828366,@AppleSupport being prompted to review apple ID when downloading apps on new phone. Wont let me review. Pls help asap,@317337 This article may help: https://t.co/0uGi5ZBDyn You can reach out with questions here: https://t.co/UJm15vmMM2
366069,@AppleSupport And still can’t connect to new WiFi from control center…,@316296 We'd like to look into this with you. Send us a DM by clicking on the link below. We'll continue there. https://t.co/GDrqU22YpT
1460605,@AppleSupport my phone keeps glitching &amp; freezing. My phone isn't even 2 yrs old. What do y'all have going on? Smh,@459006 We want to help. DM us with more detail and we'll pick up there. https://t.co/GDrqU22YpT
1268412,Fascinating to see that @115858 has changed so much that it doesn’t even recognise its own accessories... 🤔 https://t.co/IzOYuzarFl,"@416994 We're happy to help. When receiving this message, what Apple accessory are you connecting to?"
1637775,@AppleSupport can you please fix this problem with the letter “I️” and the fact that it turns into I️,@500871 Thanks for reaching out. We have a workaround for this here: https://t.co/xXaXeeSRt9
2014274,"After updating my iphone 6s+ to 11.1,
Everytime I got notifications, touch become slow !!! 🤬
@AppleSupport",@595604 We'd be happy to look this over with you. Please meet us in DM so we may gather information and better assist. https://t.co/GDrqU22YpT
1185856,@AppleSupport Nope – it just restarted and ‘updated’ as usual... Tried it a few times and still have the same issue (same on iPad)!,@398843 Let's take a closer look into this in DM. Send us a message and we'll follow up there. https://t.co/GDrqU22YpT
2690859,@AppleSupport thank y'all for not letting me charge my phone and listen to music with my headphones. Y'all the real MVP.,@756468 Thank you for reaching out to us. We'd like to look into this with you. Can you DM us the type of iPhone you are using and the current iOS version? https://t.co/GDrqU22YpT
1413518,@AppleSupport I got it. The issue was fixed by rebooting the phone. Should have tried that before contacting you 😅,"@448494 We’re happy to hear that, you know how to find us if you ever need help again. We're online every day from 5am-8pm PST."
1852083,@AppleSupport Help! I’m going into work and I need my iPad Pencil and iPad Pro but my Apple Pencil isn’t turning on!,@366911 Let's check it out. Has the Pencil been charged using the steps here: https://t.co/QijwTlQ8HO We can continue in DM. https://t.co/GDrqU22YpT
123725,Wow. I am not about to keep playing with @115858. Run me my new phone🗣 cuz y'all still won't let me update after I tried all the troubleshooting steps yall sent me.,@143623 Can you please let us know via DM what happens when you try the update in iTunes? Any screenshots you may have would be a huge help. Thank you. https://t.co/GDrqU22YpT
1803304,@AppleSupport is there a way to check my battery health? Think it might need a new one.,@541859 We can definitely look into this with you. Send us a DM and let us know which device you're using. We'll go from there. https://t.co/GDrqU22YpT
346070,@115858 so I updated my software and when I opened Apple Music all the music that I added to my Library was gone. I need help please,@198366 Let’s work together to find your tunes. Which device and version of OS are you using? Please restart if you've not already.
1796340,Thanks @115858 for the fantastic 3rd update in a row.  @115948 that doesn’t work.  @118936 that’s randomly updating apps ! #lastiphone,"@539755 Definitely not the experience that we want for you to have, but we're happy to work with you on resolving this. Meet us in DM. https://t.co/GDrqU22YpT"
2375296,@115858 i️ didn’t get ios 11.1 (or whatever) but this is still happening????? https://t.co/LVIikBt6he,@685166 We'd like to look into this. DM us your location and we'll get started. https://t.co/GDrqU22YpT
2143352,@AppleSupport My led has glitched from the update,@630161 Send us a DM and we can look into this. https://t.co/GDrqU22YpT
1072230,yeah I still can't get any iOS 11 @AppleSupport https://t.co/oQEBg8U4gb,"@373019 Thanks for reaching back out. From here, let's proceed to DM, and we'll see how we can assist: https://t.co/GDrqU22YpT"
885670,@AppleSupport High Sierra 10.13,@330305 Are you seeing any error messages or pop-up messages when downloading the update?
36652,Thank you @115858 for making my iPhone 7 freeze every 5 seconds while I’m lost in a foreign country fucking great,"@123985 That's not good! We want to get your iPhone working smoothly too, especially while you travel. Which iOS version is installed?"
2152235,@115858 @AppleSupport dudes - love aspects of new iOS but phone running slower and battery being destroyed.,@632441 Thanks for reaching out. We're here to help. DM us so we can look into this further with you. https://t.co/GDrqU22YpT
1130549,icloudta 250 tane fotoğrafım var telefonda 100 tane icloudu telefonumdan açıyorum fotoğrafları çekmiyo bu işi bilen biri dmden yazabilir mi,@386436  We offer support via Twitter in English. Contact us for help in your preferred language here: https://t.co/IBIY3vMgPj
1338088,There are not iPhone X available to pick up in the stores WHAT I HAVE TO DO KNOW?!!! @AppleSupport  @115858,"@432106 Reach out to us via DM, then we can point you in the right direction from there. https://t.co/GDrqU22YpT"
463943,@AppleSupport I Bought the iPhone X Today &amp; My Phone Won’t Charge Pass 4%. Had it On the Charger For 2 Hours,@225304 This is not how we'd like your experience to be with your brand new iPhone X. Have you restarted your iPhone since noticing the battery not charging? To restart your iOS device: https://t.co/JWOTqcWcbG
1484364,@464707 Exactly . @AppleSupport gotta do better . Fix our IIIIIIIIIIII’s,@464706 We'd love to help with your text! Please send us a DM with which version of iOS you're using. https://t.co/GDrqU22YpT
151494,"@AppleSupport @115858 sarcastic, rude and unacceptable behaviour from your staff I should not be being spoken to like this. https://t.co/YpgZkKitMC",@150596 We appreciate you reaching out to us about your experience and would like to look into the situation further. Please send us a DM at the link below and we'll take things from there. https://t.co/GDrqU22YpT
2242114,@AppleSupport Some cellulars numbers in Italy have problems with #imessage. And in particular 371 ...375 ...etc..of provider Fastweb. I have pay 20€ for the messages to +44 of #iMessage. I have very bored.,@653673 We want to clarify some details on the issue you are describing to see how we can best assist. Can you confirm the color of the message bubble in the conversations you are stating you are getting charged for please? Are the bubbles in the conversations green or blue?
1714790,I️ I️ I️ I️ I️ I️,@519340 Here’s what you can do to work around the issue until it’s fixed in a future software update: https://t.co/xXaXeeSRt9
2974751,My IPhone7 is getting too much heated too much heat and also battery drain is very bad after upgrading to iOS 11.1 @AppleSupport @115858  not expected this from @115858 not happy with my IPhone 7,"@820410 We'd love to help! We know your iPhone 7 is important to you, and we want to make sure we get it running as expected. Meet up with us in DM at the link below so we can gather more details on this issue and work on a resolution. https://t.co/GDrqU22YpT"
1690517,@AppleSupport Why do I need to direc message on turning off a festive?,"@218702 In DM we'll have more space to work with you, and to make sure the issue gets resolved. https://t.co/GDrqU22YpT"
401640,@AppleSupport 11.0.2,"@210976 Super. Let's move to DM, and we'll gather more information about the issue. https://t.co/GDrqU22YpT"
1711305,hey @AppleSupport can you fix the letter i️ so i️ don’t have a question mark when i’m trying to type,@518399 Here’s what you can do to work around the issue until it’s fixed in a future software update: https://t.co/xXaXeeSRt9
940571,@AppleSupport Doesn’t matter I figured it out 🙄🙄🙄 https://t.co/HHhmCIASvW,@342974 We're glad you were able to work that out. Let us know if you have any other questions. We're here for you.
854529,@AppleSupport how do I stop Siri and search from turning back on inside my apps? I turned it off in nearly every app and went back in to find it turned back on. Even with Siri and search turned off I have to go through every app.,@322949 That doesn't sound right. We can definitely help you. Which device are you using? Which macOS or iOS are you running?
2137307,@AppleSupport can you please fix this software my phone is crashing and glitching !!!! Also can barley type the letter I anymore,"@628700 Thanks for reaching out! So we can look into what's going on, can you DM us which iPhone and iOS version you're using? https://t.co/GDrqU22YpT"
1772583,@AppleSupport new phone out of box won't update to 11.1... error 3014 comes up in iTunes. Help!,@532760 We want to help out with this. DM us and we'll go from there. https://t.co/GDrqU22YpT
2570444,Not sure what the problem is lately but @115858 needs to do an update to get this iPhone 7+ to stop freezing!!!!!! So aggravating.,@387696 We'd like to help find the best solution. DM us what country or region you're located in. https://t.co/GDrqU22YpT
1376104,"@116333 Tim, both my iPhones (7 &amp; 6-plus) were hacked. It's major; I thought they were secure.",@440343 We're here to help. DM us some additional details and we'll take a closer look. https://t.co/GDrqU22YpT
1645132,"I’ve been a big @115858 user for a decade, but iOS converting a capital i into symbols is easily the most annoyed I’ve ever been at Apple.",@502717 Here’s what you can do to work around the issue until it’s fixed in a future software update: https://t.co/xXaXeeSRt9
1785747,.@115858 @AppleSupport I updated my #iPhone6splus to #ios11update last night and my phone is now crashing and restarting by the minute.,@287055 That's not the experience we want you to have! Join us in DM with more detail about the apps crashing and device restarting. https://t.co/GDrqU22YpT
2346113,@AppleSupport app store keep asking me to verify my payment information even I’ve already verified it so many times. I put my payment method to none and it’s still asking the same thing. Now I can’t update or download any apps at all. What’s the solution?,"@678388 We'd like to help you get to the right place for help with this. To get started, connect with our iTunes Store Support here: https://t.co/SDIe7UiyJN"
902341,"The iOS 11 updates are awful, apps crash, phone dies, call failures. #Apple #Iphone I want an iPhone X but this is putting me off!! @115858","@334220 If you're having issues with your device, we've got your back. Let's work on these problems together in DM. https://t.co/GDrqU22YpT"
517102,@AppleSupport my iphone 7 keep restarting randomly around 2 hours,"@239225 Thank you for reaching out. We're here to help. Could you please DM us your current iOS version, and we will continue from there. https://t.co/GDrqU2kzhr"
2345897,@AppleSupport I can’t seem to type on my iPhone when it is cold. Have you ever seen this?,@678341 Thanks for reaching out. What temperature range are you having trouble with when using your iPhone? https://t.co/GDrqU22YpT
1508050,"I need help!! @AppleSupport don’t do this! 

Lols I’m so extra. 
@118062 @121574 @AppleSupport @118061 https://t.co/FhUpOFrzd6","@470019 We have received your DMs, please look for a reply there from us shortly."
1659255,@AppleSupport I am indeed 😁,@506240 Let's take a closer look at this together. Please DM us and we can go from there. https://t.co/GDrqU22YpT
751218,"iPhone 6s now runs slowly with latest #IOS, also keyboard doesn’t always appear on some apps when reopening with fingerprint.@AppleSupport",@299551 We'd be happy to look into this with you! Send us a DM and we'll work from there. https://t.co/GDrqU22YpT
841935,@115858 iPhone battery swelled up your office in San Mateo won’t help. They said battery’s don’t leak???? Please help,"@320269 We got your DM, and we'll work with you from there. https://t.co/GDrqU22YpT"
1929539,@AppleSupport this new update for iPhone iOS 11.0.3 is god awful everything on my phone freezes now apps don’t appear properly either #shit,"@574178 We'd like to help. In DM, let us know if your iPhone freezes while using a particular app, or if it happens with all apps. https://t.co/GDrqU22YpT"
431281,@AppleSupport my iphone 7 is getting very hot since i upgraded to 11.0.2 🤔🤔 is that normal,"@217541 We want you to enjoy your iPhone; we'll do all we can to help. To start, when was your iPhone updated to 11.0.2?"
826655,@AppleSupport I keep getting this error message when I try to update/re-download iTunes https://t.co/K0F0phrl13,@316911 Thanks for the screenshot. Send us a DM and we'll continue working on this together there. https://t.co/GDrqU22YpT
897160,@AppleSupport It happened outside as well. It seems to be happening a lot and only since the iOS update.,@333046 Have you reached out to your carrier? Let us know in DM? https://t.co/GDrqU22YpT
2695020,@AppleSupport  https://t.co/qxN1kXOUZz,@717004 Have you been choosing Get Started each time? Please DM us. https://t.co/GDrqU22YpT
693691,My phone has had nothing but problems since updating to the new IOS @AppleSupport #iphone #problems #update,@285396 We'd love to help out. What kind of issues are you having since the update?
1412864,@AppleSupport Also - tried to receive a call. Phone rang but wouldn’t connect the sound when I answered. Neither the caller or myself could hear anything.,@448324 Let’s team up in DM and we’ll do our best to assist you. https://t.co/GDrqU22YpT
2058357,When you get the iPhone 8 plus and scratch the screen the day after.... @115858 @AppleSupport,"@608762 We’d be happy to explore your options. To begin, please DM us and let us know which country you're located in. https://t.co/GDrqU22YpT"
371146,@AppleSupport I have received a phishing email to report 🙄,"@203889 We're happy to help point you in the right direction. Info on phishing, including reporting it, is here: https://t.co/LNMCdqt6fD"
1410788,iOS 11.1 aarrrghhh! Battery is draining way more faster than 11.0.3. What is wrong with you? @115858 @302344 @156470 @291582  iphone6s,@308029 Thank you for contacting us today. We understand how important it is to rely on your battery. Please send us a DM. https://t.co/GDrqU22YpT
2291693,🧐 @AppleSupport how come background picture r zoomed in so much for iPhone 8? I want the whole picture as my background? Like my 5S #helpplease,@665567 Help is here! Let's take a closer look together by moving to DM. Get started by using this link and include what iOS version is currently installed: https://t.co/GDrqU22YpT
2058421,@AppleSupport Why my battery only last 3 hours with 100%????!!,"@608787 That's a great question, and we'd like to work to find an answer. What device and iOS are you using? Let us know in DM. https://t.co/GDrqU22YpT"
1640177,"@AppleSupport The message sends green, but works fine with everyone else",@501452 Check out this article here: https://t.co/2hgNQH8Vvq Make sure your contact has iMessage turned on.
2296263,@AppleSupport hello plz can you help i can’t do backup why??,"@666693 Hey, thanks for reaching out. We're here to help. Which device are you having an issue backing up and what happens when you try to back up?"
13215,@AppleSupport Thanks fixed!!,"@118719 That's great news! If you need anything else, please feel free to reach back out to us."
288473,@AppleSupport my wifi keeps being toggled on automatically - is this a bug or is there a way to stop this?,@184719 Thanks for reaching out to us. Are you turning off Wi-Fi from the Control Center or Settings App?
2093805,"A literal bug crawled into my laptop through a port and got zapped and burnt my motherboard and now my MacBook is fried...
@115858 plz help",@618661 We'd like to gather some more information for better troubleshooting. Can you DM us the country you are located in? https://t.co/GDrqU22YpT
1473363,Hey @115858 this new update is sick! The way it kills my battery and slows my phone down like never before. What a time to be alive.,@462004 That's not the experience we want you to have. Which iPhone and iOS device are you using?
2303727,Why is my phone autocorrecting we to W.E 😩😩😩😩😩 @AppleSupport,"@668463 Let's look into this together!  To start, feel free to DM us what iOS version we're working with and we'll go from there: https://t.co/GDrqU22YpT"
1108090,"iOS 11, I turn off Wi-Fi, lock my phone, unlock my phone &amp; wifi is automagically &amp; annoyingly back on @AppleSupport","@381530 Are you turning off Wi-Fi through the settings? DM us your answer, we'll work together more from there. https://t.co/GDrqU22YpT"
1392977,My iPhone 6s lags @AppleSupport,@443977 Hi there! We want to look into this with you. Let us know in DM which iOS version is installed. https://t.co/GDrqU22YpT
1219194,"@AppleSupport My car doesn’t support CarPlay. It uses Sync. After updating to iOS 11, the message center in my car now reads “unsupported device.”",@406051 Let's have a look at this. Please DM us. https://t.co/GDrqU22YpT
1920086,Anybody else’s Apple Music shitting the bed and keeps asking them to choose their plan again?? Wtf @115858,"@571618 We want to ensure we get Apple Music back up and running. Please meet us in DM so we may gather information, and better assist. https://t.co/GDrqU22YpT"
1394044,"Thanks @115858 the new IOS update has killed my 6s, it’s not like I need my phone or anything ☠️☠️☠️",@444203 We're here to help out. Send us a DM and tell us what's happening with your iPhone 6s. https://t.co/GDrqU22YpT
1104686,@AppleSupport IOS update it doesn’t happen anymore.,"@380677 Now we understand. Thank you for clarifying. Next, can you please tell us which version of iOS you are currently running?"
430719,"@AppleSupport Im using iTunes 12.7 on Windows,,",@217422 Thank you. Do you currently have a SIM card in your iPhone?
449508,Does anyone else get a slight shock on the pinky finger when holding the @115858 iPhone 6s Smart Battery Case? The really small gap of exposed metal always hits right where I naturally test my finger causing a shock. Surly that can’t be good/planned. 😬🙄,@221528 Thanks for reaching out. This is not an experience we want to hear. We're here to help. DM us so we can look into this further with you. https://t.co/GDrqU22YpT
1710667,Hey @AppleSupport what’s up with the letter I️ being autocorrected with that exclamation point and boxed question mark?,@518230 Here’s what you can do to work around the issue until it’s fixed in a future software update: https://t.co/xXaXeeSRt9
188555,@AppleSupport iOS 11.0.2,@160255 We want your iPhone to be charged when you need it. Check out these tips to optimize your battery life: https://t.co/TpjqFp3jxD
1202895,"2017 :impossible pour @115858 de me redonner MON mot de passe ET MON compte, même après un appel avec @AppleSupport !On marche sur la tête 🙃",@402600 We offer support via Twitter in English. Contact us for help in your preferred language here: https://t.co/IBIY3vMgPj
333607,"@AppleSupport Yes, several times. This happened in both iOS 11.0.1 and 11.0.2",@3922 Let's look deeper into this together. DM us and we'll continue there. https://t.co/GDrqU22YpT
2027767,Dear @115858 &amp; @AppleSupport ever since the new update my IPHONE 7 has been laggy &amp; slow.....say it ain’t so 😩 please fix this ASAP!,@599640 That's not the experience we want you to have.  DM us to let us know which country you are located in. https://t.co/GDrqU22YpT
559154,@AppleSupport for the past few weeks my phone has been freezing repeatedly with the @126972 app and wont even allow me to lock it once it freezes. The screen freezes and sound continues. What’s going on?,"@250674 We'll be more than happy to look into this with you. Let us know which iPhone and iOS version we will be working with today. Also, let us know what you are doing to restore functionality to your iPhone when this occurs."
1837079,@applesupport my phone won’t connect to WiFi since the iOS 11. Also has touchscreen problems and voicemail issues. Please fix this shit!,"@329233 We’d love to help. To start, send us a DM letting us know if you’ve attempted connecting with multiple Wi-Fi networks. https://t.co/GDrqU22YpT"
1586819,@AppleSupport please get this keyboard under control!!!!!!,"@232774 If you're having issues with your keyboard, we'd like to help. Please let us know details about what you're experiencing."
587086,"@AppleSupport Not that I know of, what are the vision accessibility options?","@258660 Let's try restarting to see if that stops the haptic response. The Vision Accessibility options are all listed here: https://t.co/mTzNMBwb6Z
Which version of iOS are you using?"
2193327,"@AppleSupport Thanks for reaching out.

Error persists when restarting Sierra installer. Now reinstalling HS.

Reason I first started this downgrade quest is bc Bluetooth isn’t working on this new machine (dunno if that’s HS related or not, immediately upgraded from S to HS after I got it)","@641900 Installing the latest version of macOS, updates both your firmware and software, so we do recommend working with the latest release. Let us know once the installation to High Sierra completes, and if you're still running into the same behavior there."
2406696,Never buying an @115858 product again. 2 year old iPod nano and it won't switch on. £129 for what! Jokers 😠,@692146 Let's work together to find the best possible solution for your iPod. We'd like to start by gathering more information. Can you DM us the iOS version and what you experienced before the device went dead? https://t.co/GDrqU22YpT
875124,@AppleSupport why does my WiFi not want to stay connected??,@327771 Maintaining your Wi-Fi connection is expected &amp; we'd like to help. Does this happen with all Wi-Fi networks or only one?
944198,The new iPhone update has made my life a living hell. Songs literally just skip for no reason. I hate you @115858,@343880 We'd like to look into this. Please DM us. https://t.co/GDrqU22YpT
2435311,"@AppleSupport Is it possible to save the ""reserve copy” on your locale drive or NAS?","@163700 Hi there. So we can better answer your question, please DM additional details. https://t.co/GDrqU22YpT"
2126005,@AppleSupport can you please fix the “I” glitch? It is difficult to send a professional email without this basic feature.,@355950 Here’s what you can do to work around the issue until it’s fixed in a future software update: https://t.co/xXaXeeSRt9
1721799,@AppleSupport 11.0(15A372),@521024 Thanks! Let's meet up in DM to gather some more information. https://t.co/GDrqU22YpT
2696159,I was looking at a photo of my schedule when the photos app crashed and now all of my photos are gone??? Wtf @AppleSupport,@757635 Let's get you pointed in the right direction!  Reach out to our team that specializes in Photos at: https://t.co/IBIY3vMgPj
2341783,I might spike my phone because of the ! ? crap. Dang I️t @115858,@677373 Let's see if we can help with your issue. DM us what iOS version you currently have installed. We'll get started there. https://t.co/GDrqU22YpT
123118,@AppleSupport  https://t.co/eoyB4bDXPM,@143498 We want to ensure you get reconnected. When you're ready send us a Direct Message and we'll take it from there. https://t.co/GDrqU22YpT
1456481,"@AppleSupport through iTunes but I deleted some songs a while ago , how can I get them back ?",@61276 We can take a look together. DM us and we'll work from there: https://t.co/GDrqU22YpT
1052197,@AppleSupport It’s just a white screen. It’s updated to 11.0.3,@340170 Thanks for that info. DM us &amp; let us know if you've tried any other steps &amp; we'll go from there. https://t.co/GDrqU22YpT
2628988,"Hey @115858 thanks for #ios11.1.2, can you maybe fix the calculator now? https://t.co/wG2hFg4A77",@360090 What kind of issue are you having with the calculator? Let us know in Direct Message and we'll help out. https://t.co/GDrqU22YpT
2652584,"@AppleSupport I have the iPhone 7, iOS 11.1 and I was on safari trying to log into my @115937 account",@747421  We'll be glad to help you get to the bottom of this issue. First lets back up your device and update to the recent iOS version 11.1.2. Let us know if that helps.
2948374,"okay @115858 I have had my #iPhoneX for about two weeks and just got the #AppleWatchSeries3 . I have tried EVERYTHING to pair the phone to my truck and to pair the watch to my phone, nothing is working and #bluetooth keeps being interrupted. What do I do in a situation like this?","@814283 We know that having the Bluetooth connection is vital for using with your Watch. When you say the connection is interrupted, is that happening when pairing or after everything is paired up? Let's continue our conversation in DM. You can reach us at the link below. https://t.co/GDrqU22YpT"
1890108,my iphone just went from 100% to 20% in a matter of 3 minutes i'm suing @AppleSupport,@563663 That's not the experience we want you to have with your iPhone. Join us in DM so we may better assist you: https://t.co/GDrqU22YpT
2020585,@115858 what’s wrong with the “I️”,@597552 We can help you out. Take a gander at the following article and DM us with any questions. Thanks. https://t.co/xXaXeeSRt9 https://t.co/GDrqU22YpT
2896171,@AppleSupport how do I reset my iPad? I have tried to to connect to iTunes.. still saying iPad is disabled,"@802531 We would be happy to help. If the iPad is disabled and connected to iTunes, we'll need to put the iPad in recovery mode. This help to explain the steps: https://t.co/F1QfwW1u1N At the top select, 'If you can't sync or connect with iTunes, use recovery mode.'"
2520816,"Do me fucking better @115858
My iPhone 7 keeps crashing, freezing at times, and then to top it all off it’s overheating @AppleSupport","@718008 We're here for you. We know that you expect more our of your iPhone. As such, let's meet in DM and go from there. Thanks! https://t.co/GDrqU22YpT"
1331970,@AppleSupport 6s and iOS 11,"@430738 Thanks. Tell us more about the issues you are having with your apps, please. Are they not launching?"
2026218,@115858 ya had one fucking job,@513224 DM us some details on what you’re noticing with your iPhone. We’ll meet you there to work towards a resolution. https://t.co/GDrqU22YpT
6833,"@AppleSupport My battery lasts less than my former 3gs, after installing #iOS11 . I am furious!",@612186 We'd love to help out. Join us in DM and let us know which version of iOS 11 you have installed currently. https://t.co/GDrqU22YpT
2562356,@AppleSupport I would either move it to my laptop or put it on an external hard drive which could be accessed from both computers.,"@727169 Check out the following article for information on how to transfer an iTunes Library: https://t.co/lQg9Mr0sdj

For your iPod, meet us in DM and we can look in to options for it from there. https://t.co/GDrqU22YpT"
1388000,@AppleSupport #TodayatApple I came across a really rude member of staff,"@442938 Send us a DM and let us know more details--including the country you're in, please. https://t.co/GDrqU22YpT"
667096,"My phone dies like 10x a day, fix this @115858",@278969 We're here to help get you back to enjoying your iPhone. Send us a DM with your iPhone model and iOS version from Settings &gt; General &gt; About. We'll take a look at some support options. https://t.co/GDrqU22YpT
215796,@12172 seems your PowerBeats3 aren’t much good. My pair has given up after a handful of uses! Seems it’s a common fault as well.,@167316 We'd love to help you with your Powerbeats3! What seems to be the trouble? Do they power on?
382936,@AppleSupport when can we expect a fix for the battery life you wrecked on anything other than new phones? I see a strategy here! Shameful,@206741  We definitely want to make sure your iPhone is working properly. Could you DM us and we can begin from there? https://t.co/GDrqU2kzhr
620097,@AppleSupport Can I use a gift card I bought at the store to purchase apple music?,@267176 We'd be glad to field that for you. Apple Store gift cards can only be used for the Apple Store or Apple Online Store. More details on gift cards here: https://t.co/YSjrgVAquU
2004895,Are there any sleep tracking apps for I watch that are free?? @115858 @AppleSupport,@592869 That is a great question. Please search sleep tracker in the App Store and scroll based on price. DM us any other questions. https://t.co/GDrqU22YpT
1802825,@AppleSupport  is ios11 not available for iPad minis? What's the most current available,@541710 We'd love to look into this with you. Which generation of iPad Mini do you have? Let us know in DM and we'll get started. https://t.co/GDrqU22YpT
360736,@AppleSupport how can I open multi task with 3D Touch on the side of the screen like on iOS 10,@201417 We want to make sure we provide the most accurate info. Could you confirm what type of device you're using?
704510,@AppleSupport a stupid notifi. Red dot making me update when it's up to date. Then I had to unpair it and ruined everything.Cant even fix it,@288354 We want to help out. Let's continue in DM with more information. https://t.co/GDrqU22YpT
1646762,@AppleSupport thank u to your employee who left me with a completely wiped phone and with it even more broken then it was to start with!,@503165 We are here to help whenever possible. DM us which iPhone you are using to get started. https://t.co/GDrqU22YpT
366150,"@AppleSupport Why wifi &amp; bluetooth connection on control center doesnt connected directly to setting? I’d prefer to have a direct connection, thus its could be switched on/off like cellular button.","@216890 We're here to help. Are you using iOS 11? If so, take a look at this article: https://t.co/6AXcdsdpsM"
1326099,Just had my iPhone 6s plus battery gone from 50% to 20% in 5 minutes.. ios 11 is shite. @115858 Sort this shit asap!,@429416 We're happy to look in your battery concerns. Reach out to us in a DM and we will continue there. https://t.co/GDrqU22YpT
2068608,@115858 @AppleSupport my Garage Band app won’t open up anymore after I did the software update. What to do?,"@611740 Let's find a solution together. What kind of device do you have, and what happens when you try to open Garage Band? DM us: https://t.co/GDrqU22YpT"
1142421,M8 @AppleSupport Someone is on my account buying stuff 😂😂 https://t.co/FXhHqxT1xm,@169846 We can assist you. We recommend that you reach out to our iTunes Support team and we'll help you further:  https://t.co/SDIe7UiyJN
336661,@AppleSupport how do I deal with the files I can’t access through the System? It’s killing me https://t.co/TtcVx6O71e,@196313 We're happy to look into this with you.  Which Mac are you using and what operating system is on it?
1717480,@115858 needs to fix this glitch. I️ can’t believe I️ have to deal with this with the iPhone I️ bought with money I️ earned. I️ can’t.,@263608 Here’s what you can do to work around the issue until it’s fixed in a future software update: https://t.co/xXaXeeSRt9
2277659,@AppleSupport Just realized that the prompt now references a Sandbox environment. Didn’t notice that before but perhaps helpful in determining the cause. https://t.co/R64F9Hn8XE,@267257 Are you running a beta or using a developer environment of some sort?
243309,@115858 After the update of iOS 11.0.2 My IPhone 7 Plus battery is getting dry very fast what is the problem,@173778 We're glad to help. Send us a DM and we'll get started. https://t.co/GDrqU22YpT
1859008,I'm so annoyed with iOS 11 updates. My Phone keeps freezing ans shutting off randomly and the battery is draining @AppleSupport FIX IT!!,@555844 We'd love to assist you with any issues that you're having. Please click here to join us in DM. We'll continue there. https://t.co/GDrqU22YpT
235271,"@AppleSupport My MacBook just crashed! Cursor hung, then it restarted on its own every 6 seconds, until out of charge. Now it won't charge &amp; won't turn on","@172317 We're here to help! When you try to power your MacBook on now, do you hear any sound coming from it?"
2303503,@186412 @115858 I️ need to update this joint because my eyes still sus,@668398 We want to help. You can update to the newest version iOS 11.1.1.  You want to make sure to back up your iPhone before updating. This article explains how: https://t.co/4f8hwT5to6
1773169,I️ can’t wait until @115858 get this bug fixed,@532925 Let us know what's happening so that we can take a closer look at this with you.
2072240,@AppleSupport This is what I’m dealing with https://t.co/qUjDkCGWSO,@612903 That's unusual for the volume to be self adjusting. Let's look into this and see what's going on. Do you have any kind of case on the iPhone that could be triggering those side volume buttons?
2422434,@AppleSupport I have a iphone 6s and an iOS 11 and my phone keep crashing i have try to reset my phone and it’s still doing it and i have turned off my phone 4 times already.,@695764 Thanks for providing that for us. Can you confirm which version of iOS 11 you're using? This can be located in Settings &gt; General &gt; About &gt; Version.
1776284,Alright @AppleSupport if my phone keeps dying on 40% I'm switching back to @122609,@533780 Let's look into this battery issue for you. Send us a DM with your current iOS version to get started. https://t.co/GDrqU22YpT
1335682,#phishing @AppleSupport hxxp://www.souqalharamain.com/admincontrol/js/nessecary-update//05e37a709c27b72f21062381681ce183/login.php? https://t.co/qvkjeo089G,@431571 We offer support via Twitter in English. Get help in Spanish here: https://t.co/IBIY3vMgPj or join https://t.co/OczyRx7IOs
523056,"@AppleSupport I erased Apple watch from my icloud, new user is unable to register pair apple watch, please help.",@240842 Happy to help you. It sounds like the new owner will need to reset the Apple Watch by going to Settings &gt; General &gt; Reset &gt; Erase All Content and Settings. Our website here has more information: https://t.co/UCuy0qXQRF DM us with any questions. https://t.co/GDrqU2kzhr
1912843,@AppleSupport I’ve read already. My connection has been OK for about 2 hours now so something has improved but it was infuriating this morning,"@217537 It's great to hear that it's working like you'd expect now. Keep an eye on it, and let us know if anything changes."
1332336,come on @115858 help out your insomniacs &amp; create a “queue to text” every other social media has it; I wish I had it for my texting 😭😭#apple,@430815 Thanks for bringing this to our attention. Please use the following link to provide us with feedback: https://t.co/ODFtc9V7Tq
2369536,"I get my iPhone fixed and iOS 11 makes it crash every 2 minutes, so I update it to 11.1.1....anddd it says my iphone is disabled now. WTF @AppleSupport WHY",@683826 This isn't the experience we expect to have with an iPhone so let's look into this in more detail. Send us a DM detailing what happened leading up to this and we'll work from there: https://t.co/GDrqU22YpT
359259,"Seppur stamani abbia ricaricato l'#iPhone al 100% con #iOS1102 ora, dopo un uso basilare, ho SOLO il 7% di batteria residua @AppleSupport😭😭😭",@201080 We offer support via Twitter in English. Contact us for help in your preferred language here: https://t.co/IBIY3vMgPj
1236892,"@AppleSupport Well, my iphone was doing great before I updated the software. And now it gets stuck on apps, sometimes is hard to unlock,alarm doesnt sound",@410117 Let's get together in DM to get started working on these issues. Are you running iOS 11.0.3 at this time? https://t.co/GDrqU22YpT
2060067,@AppleSupport https://t.co/IOZO8JtDbO,@609292 We can help with your iPhone performance. Could you Direct Message us and let us know what country you're located in? https://t.co/GDrqU22YpT
1692475,yo @115858 if you could get a patch for the freaking letter “I️” thing that would be A+ #SOANNOYED,@317569 Here’s what you can do to work around the issue until it’s fixed in a future software update: https://t.co/xXaXeeSRt9
177827,@AppleSupport It was a backup from an old device. The 6s has always been in the state of not receiving calls. The old iPhone it is replacing worked.,"@157889 Was the same SIM card used in the 6S as in the previous device? If so and you take the SIM out and put it back in the old device, does that work?"
2403828,"@AppleSupport updated to High Sierra now Macbook Pro (2014) freezes up and struggles to find hard drives. Currently can't even locate my internal hard drive, the icon turned to blank paper... https://t.co/nQM6CueIgu",@691487 Thanks for reaching out. We'd be happy to help out with this situation. Send us a DM so we may troubleshoot further. https://t.co/GDrqU22YpT
2008522,iPhone software is up to date and I have new emojis but I keep seeing the question mark box for other people posting emojis. @AppleSupport,@593927 We certainly want to help take a look at this with you. Go ahead and DM us and tell us a little more about what you're seeing. https://t.co/GDrqU22YpT
1153821,@AppleSupport iPhone 6s Plus. iOS 11.0.3,"@391464 When you say it's not working, could you tell us exactly what it's doing?"
657193,@AppleSupport #iOS11.02 si surriscalda/batteria durata ridotta/ meno reattivo tra le App/andava meglio la ver. precedente,@276435 We offer support via Twitter in English. Contact us for help in your preferred language here: https://t.co/IBIY3vMgPj
1967875,@AppleSupport Desktop files not opening on double click. Pls help.,"@583117 We'd be happy to look this over with you. Please meet us in DM so we may gather information, and better assist. https://t.co/GDrqU22YpT"
1787675,@115858 why my iPhone 7plus all of a sudden tripping?,@537039 We'd be happy to look this over with you. Please meet us in DM so we may gather information and better assist. https://t.co/GDrqU22YpT
2274196,"This phone has sat on my desk 7nused for most of the day yet it is at 2% battery. what the heck is wrong, @115858 ? It wasn’t this horrible LAST week...!",@162353 Let's look at this together. Which software version are you using?
2434209,"@AppleSupport my 5c keeps crashing and needs charging every couple hours , Since installing new iso update ! Any chance of help ?","@698520 We'd be happy to look into this issue with you. Send us a DM, and we'll continue from there. https://t.co/GDrqU22YpT"
1908440,"@AppleSupport What’s up@with the messages app? Since the update, my texts are being split up in odd fashion.",@568539 We want to help. Let us know in DM if this is happening with group messages or just when messaging one contact. https://t.co/GDrqU22YpT
174987,"@AppleSupport how come Apple Pay isn’t working on @9891? Every time I attempt to finish it, it says “Payment not completed.”",@157057 We’d like to point you in the best direction for assistance. Our team that best helps with Apple Pay would love to assist you from the following link: https://t.co/IBIY3vMgPj
2464871,Excuse me @115858 jw why my 1 month 7plus is acting up &amp; why ur forcing us to keep up with the newest expensive iPhone model?????,@705405 Thanks for reaching out. We're here to help. DM us so we can look into this further with you. https://t.co/GDrqU22YpT
870308,@AppleSupport Where would I find that?? https://t.co/6Gwv37Kn9U,@218687 That setting is located at the very bottom of that screen. Here’s a visual: https://t.co/d7SzhCWiMh
939130,Where did my app library go? @AppleSupport,@342625 We're happy to help. On which device are you looking for your app library?
1040059,"@AppleSupport Just sent you a DM, please reply when you can. thank you :)",@137796 We've received your DM and will continue to work with you there.
513588,@AppleSupport When I turne on the phone popup a message saying No SIM Card,@234437 Please DM us so that we can look into this together. https://t.co/GDrqU2kzhr
1973782,@AppleSupport how do we fix this issue with the letter I️?,"@584535 We want this working for you; we'll do all we can to help. To get started, let's connect in DM together: https://t.co/GDrqU22YpT"
1292122,wtf my iphone is acting up so much the touch isnt working properly @115858 dont do me like this I was going to get the new iPhone anyways 😩😩,@422170 We'd love to help out. Could you Direct Message us and let us know what country you're located in? https://t.co/GDrqU22YpT
2401572,Hey @AppleSupport why is the camera shutter sound not being silence in your latest iOS update 11.0.3?,"@136599 Great question! In some countries, muting of the shutter-sound is disabled. Read more about it: https://t.co/EDczQdto9X"
2726883,Oh @AppleSupport what have you done with my iPhone 6 😭-it’s painfully slow. You better fix it!,@764682 We are here to help whenever possible. DM the specific iOS version you are using to get started. https://t.co/GDrqU22YpT
1552196,Yoooo @115858 @AppleSupport Why does my keyboard keep putting this weird question mark in a box emoji,"@480279 Hi. We’ll be happy to help with your keyboard issue. Send us a DM, Thanks https://t.co/GDrqU22YpT"
1958009,@AppleSupport Nothing to DM. The phone is not faulty. Basically the software update as made the phone like a toy,@580931 We want to help get your iPhone working as expected. DM us using the following link and we'll continue support with you there. https://t.co/GDrqU22YpT
2949264,@115858 I’m tired of my phone messing up after i update it 💯,@814497 We want to help! What model of iOS device are you using? Do you have the most recent version of iOS 11.1.1 downloaded? DM us and let us know more about the problems you are having. We can look more into this issue from here. https://t.co/GDrqU22YpT
654409,"Hey @AppleSupport, my #AppleWatch face did this suddenly today, while I was holding my baby. Cut his and my arms. This is a serious defect. https://t.co/z7bFBhNxh3",@275672 We want to work with you and look into this in DM here: https://t.co/GDrqU22YpT
797600,"@AppleSupport Thanks. Goes to activation lock page asking for ID/password. Can't get in. Changed password on my phone, still no joy.",@310156 Got it. Reach out to us in a DM and we will continue there. https://t.co/GDrqU22YpT
1765967,"@AppleSupport hey! thank you so much for answering! i have an iphone 6, ios 11.1!",@531097 Did this start after updating to iOS 11.1? Send us a DM and let us know. Please include the country you're in as well. https://t.co/GDrqU22YpT
2837207,"@AppleSupport And got toooo much of time just to get your manufacturing defect cleared even after paying 89000.. for a phone which is 3 days old
This is not acceptable. Why should I go to a service centre? I need replacement of my phone",@653300 We definitely want to get your iPhone working as expected. Let's dig into this further over DM. Please message us there: https://t.co/GDrqU22YpT
2867297,"@AppleSupport 

 Hi can I get some help with preorder reputation boost codes?",@796328 We'd be happy to look into this with you. Send us a DM with a few details. https://t.co/GDrqU22YpT
1924802,Can my iPhone please stop turning on Do Not Disturb every time I lock my phone? Everything I click in settings doesn’t help! @AppleSupport,@572917 We’re here to address the issues you're experiencing. Let's team up in Direct Message using the link below to continue. https://t.co/GDrqU22YpT
1488916,@115858 @AppleSupport Waiting for some support from your end,@465827 We understand your concern. Please reach out to our iTunes Store team so they can investigate further:  https://t.co/SDIe7UiyJN
1802820,"@AppleSupport on ios 11 i have been facing wifi issue , my wifi switches on whenever i lock my screen &amp; also battery is draining like hell",@541708 We'd like to look into these power issues you are seeing with iOS 11. Could you join us in DM to get started? https://t.co/GDrqU22YpT
2015979,Hey @AppleSupport trying to discuss my iPhone order. Computer says no. How can I get support?! https://t.co/Y4vSkNIcIT,"@596152 We want to help. Try calling us at the number listed here, or chat back in during business hours: https://t.co/juL6VLJ6gi https://t.co/GDrqU22YpT"
50059,My phone now lists over 50 apps that can’t be used until the developers upgrade to ios11 What is going on @AppleSupport,@127207 We want you to be able to use all your apps with the update. Are there any updates for your apps in the App Store?
2256457,@AppleSupport Can't register my Beats Solo3. Tried 3 times always getting 'registration failed' error. I need help.,@237467 Let’s get you pointed in the right direction. Our @159983 team will take it from here.
1680068,@115858 fix when I️ want to type the letter I and it autocorrects to I️,@510900 Here’s what you can do to work around the issue until it’s fixed in a future software update: https://t.co/xXaXeeSRt9
2177907,@AppleSupport It is solved after i deleted some apps,"@638344 That's awesome! If you have any additional questions, please don't hesitate to reach out."
2141588,"@AppleSupport every time I try buy something on iTunes this happens, all my info is correct and it has let my buy things in games so why can’t I buy music ? https://t.co/JyyBCCWLCg","@629727 Thanks for reaching out. For billing issues, you can reach iTunes Support here: 
 https://t.co/SDIe7UiyJN"
2802430,Any other iPhone 7 users having issues with their screens freezing? Mine gets stuck halfway like this all of the time. Or it doesn’t let me lock my phone screen until I hard reset it. #iphone7 @115858 @AppleSupport https://t.co/f06i0mdv5o,@781747 We're happy to assist. Which iOS version are you currently running? Go to Settings &gt; General &gt; About for the version.
1049415,"@AppleSupport this new iPod software update is pretty bad. For music, make the buttons bigger, bring back recently played and full art.",@368027 Thanks for reaching out to us. We value your opinion. Feel free to provide feedback here: https://t.co/eTPVYVFyd8
35991,"@AppleSupport Apple Customer Support in decline. Talked over, ignored, abrupt, didn’t listen and to finish it off put the phone down on me. Thanks @115858 @AppleSupport think you need to send 1 individual back to customer service school. #poor #notapple",@481360 We’d like to learn more about your experience. Please meet us in DM to begin. https://t.co/GDrqU22YpT
1622577,My phone was on one percent turned off. Randomly turned back on in the club at a good 30 percent @AppleSupport y’all trash lol,"@497112 We'd be happy to look at this issue with you. Send us a DM, and we'll continue there. https://t.co/GDrqU22YpT"
1829823,There is no reason for my 7+ to be trippin and I've only had it for 6 months. I'm really over y'all shit @115858,@549099 We want to be sure you get the most out of your iPhone. We can help! What's happening specifically? DM us and let us know. https://t.co/GDrqU22YpT
2516062,#Apple @115858 PLEASE fix that BLOOD&amp; Sh*% in iOS where the Bluetooth turns on automatically!!!!,"@716747 We'd love to help! If you want Bluetooth to stay off, you'll need to turn it off from the Settings menu, rather than from Control Center. This article goes over how Bluetooth and Wi-Fi work in iOS 11: https://t.co/G7BHuQnDS6"
2863591,"sai de um iphone 5C, comprei um 7 achando que meus problemas tinha acabado, depois de uma semana de uso a desgraça travou e nem ligar mais não liga. Tentei atualizar, restaurar, nada adiantou. Me ajuda aê @115858","@795419 Since our Twitter support is available in English, get help at https://t.co/IBIY3vMgPj or join https://t.co/pvaOFfPbjt"
265625,Trying to get a hold of a customer service rep from @AppleSupport is a damn nightmare! 30 mins and counting on hold!? Are u kidding me? 😡😡😡,"@179275 We want to help you out as quickly and efficiently as possible. Let us know what’s going on in DM, and we’ll work there. https://t.co/GDrqU22YpT"
2853802,".@115858 let me turn auto brightness off, this shit is annoying","@237054 You certainly can. Let us show you how. Open Settings &gt; General &gt; Accessibility &gt; Display Accommodations. The toggle will be available there. If you're using iOS 10, you can find the alternate location here: https://t.co/bkqEVCrK2l"
1633536,"F'ing @115858 sucks! I upgraded my storage to $10 a month, I have full wifi capabilities and still cannot download @316629 new album! #Fail",@382478 We want you to enjoy your music. What happens when you try to download it?
1525121,Hey @AppleSupport... Does the Apple TV unit allow you to plug in an external hard drive for viewing your saved videos?,@454038  We want to get you in the right direction to answer your questions. Contact our Apple TV experts: https://t.co/IBIY3vMgPj
1587388,Hey @115858 can you please fix this I️ issue? https://t.co/VUqhPnyM8N,@488276 We'd love to help! Just visit the link for steps to fix the auto-correct emoji problem https://t.co/xXaXeeSRt9
2253454,I updated my phone. Why am I still seeing boxes &amp; question marks? @AppleSupport,@656450 You might be seeing them from users who have yet to update. Let's meet up in DM and we can assist further. https://t.co/GDrqU22YpT
2303458,@115858 y’all need to fix those bug fixes because I’m really pissed about my phone not working accordingly. My app closes out and my phone moves really slow I’ll really appreciate if y’all take care of the problems,@668389 We want to help. Send us a DM letting us know which country you are located in to get started. https://t.co/GDrqU22YpT
2022041,@AppleSupport I’m getting annoyed with ios11. Whenever WiFi is on it affects my 3g cos it keeps searching for a hotspot n affects surfing,@598024  We can see how that can interrupt your usage. Have you tried to turn off Ask to Join Networks? Let us know via DM. https://t.co/GDrqU22YpT
228532,"Hey @115858, you think it’s about time to sort out your glitchy new ios?",@170483 We'd be happy to help with any issues you may be having with the latest update. Send us a DM with more details and we'll go from there. https://t.co/GDrqU22YpT
1742486,FUCKING @AppleSupport FIX MY KEYBOARD WHAT IS GOING ON,"@525622 Tell us what's happening with the keyboard, and on which device? We'll see how we can help."
1287051,hey @AppleSupport i just purchased the apple music family plan and ever since i get this error.. i’ve already been billed. what’s up? https://t.co/Wy9a1ChkKN,@421036 Let's have a look at this. Please DM us. https://t.co/GDrqU22YpT
2676079,@115858 - Apple Tv became unusable upon software update. Bad product. Didnt expect this from a company like @115858- I paid for quality.,@640076 We'd love to get you to the right place for help with your Apple TV. Reach our Apple TV team here: https://t.co/IBIY3w3RGR
2435299,@AppleSupport I can’t hear the other end and they can’t hear me,@553945 What do you see when you hit the volume up and down buttons on the phone?
1907373,@AppleSupport i changed my Apple ID on my phone and all my music that I had in Apple Music is gone :( helppp,@568294 Your music is important! Let us know which iOS version you’re running in DM so we can take a closer look at this with you. https://t.co/GDrqU22YpT
550650,"@AppleSupport hi, I wish to know the battery stand by time of iPhone 6s in iOS 11.2 and screen on time ?",@248274 Thank you for reaching out to us. You can check those categories using the steps listed here: https://t.co/2voRgjSsVf
1642539,@115858 can we fix this I️ issue plz,@502067 Here’s what you can do to work around the issue until it’s fixed in a future software update: https://t.co/xXaXeeSRt9
1642665,@AppleSupport please send out another update so we can type *i like we used to 😂.  I️ can’t deal with this,@502111 Here’s what you can do to work around the issue until it’s fixed in a future software update: https://t.co/xXaXeeSRt9
2804366,@AppleSupport hey I accidentally touched the “optimize photos” (which I never wanted and it keep appearing) and now I just can’t see any of my photos properly 😡😡😡😡 trying to post a old photo and just CANT (that’s the current horrible photo I have now) all with that sign https://t.co/59f8cWpBQe,"@533917 Thanks for reaching out. We understand wanting to have the full resolution version of your pictures. So we can guide you through your settings, can you let us know what iOS version you are running? Find this in Settings &gt; General &gt; About."
2304303,@AppleSupport why is the battery life on my iPhone 7 so bad since updating to #iOS11 😡😩🤔,@227674 We want to help with this. Which iOS 11 version are you on currently? Find out in Settings &gt; General &gt; About.
2593230,"@115858 #ios11 killed my phone .. its the worst update ever , crashes and freezing all the tiiiiime !!! The battery leaks like lemon 🍋 juice !! Seriously @AppleSupport  plllease find out a solutions . Our patient will cross the limit 😡😡😡😡😡😡","@734395 Let's see what we can do to get your iPhone working normally again. Meet up with us in DM with the current version of iOS on your iPhone, and we'll take it from there. https://t.co/GDrqU22YpT"
1416069,@AppleSupport HOW THE F*CK DO I TURN OFF “STORAGE ALMOST FULL” NOTIFICATIONS? IT’S FULL B/C IOS11 IS A POS💩,@438228 We want to help with your storage issue. Reach us via DM to continue. https://t.co/GDrqU22YpT
1983079,Your latest update sucks. I’ve never had any problems with it before but it’s getting to the point where i can’t even open my phone. @115858,@586980 We want to be sure you get the most out of iOS 11. We can help! DM us and let us know what's happening specifically. https://t.co/GDrqU22YpT
1813935,@AppleSupport my phone keeps changing is to I.S. How do I stop this??,@544934 We're happy to help with this. Let us know which iPhone and version of iOS you're using via DM. We'll go from there. https://t.co/GDrqU22YpT
742513,Awesome @115858 - my iPhone 6 battery now dies after 2 hours at the gym because of the new update ...👍🏼😒good job.,@297537 Help is here! Let's check a few things together in a DM. Please tap here to continue: https://t.co/GDrqU22YpT
1063111,@AppleSupport still the only picture I can’t edit..,"@371025 Are you curently using iCloud Photo Library? Let us know in Direct Message, we'll look into this further. https://t.co/GDrqU2kzhr"
2313521,@AppleSupport wtf is wrong with my iPhone7 ?!?🗣🗣🗣🗣🗣🗣🗣,@670874 We're here for you. Can you tell us in detail what's going on?
2286749,"@AppleSupport Restarting didn't help, but connecting to iTunes did. Now on iOS 11.1.1 Thanks.",@384159 Fantastic! Thanks for keeping us posted. Feel free to reach out if any questions come up.
1805455,"iOS 11.0.3 still sucks. Watching battery percentage fall as I type, lost 6% since beginning this tweet @115858 #ios",@542479 We certainly want to take a look into this issue together. Select the following link to join us in a DM to get started. https://t.co/GDrqU22YpT
1711992,Dear @115858 i bought your neat little $1000 phone but i can’t even read a complete sentence due to the A [?]..fix your shit,@518565 Here’s what you can do to work around the issue until it’s fixed in a future software update: https://t.co/xXaXeeSRt9
2291581,"Is this open button suppose to be spinning...? 😂
@115858 @AppleSupport https://t.co/fxhiuU70F9",@665536 We'd be happy to help. Would you tell us more about what you're experiencing? We're not seeing anything in that screen recording.
2776014,"@115858 why does it have to be impossible to get photos to share easily from the mac photos app? I can't drag and drop, I can't email them, it's frustrating! the one missing apple ecosystem link",@775676 Let’s get you pointed in the right direction for help with Photos.  Reach out to our Photos Specialty Team here: https://t.co/jlnCXNzVxH
1025684,"@AppleSupport El iOS 11.0.3 en mi iPhone 6s funciona muy mal , estoy absolutamente disgustado , el teléfono funciona con retardo y poca fluidez",@362822 We offer support via Twitter in English. Get help in Spanish here: https://t.co/IBIY3vMgPj or join https://t.co/OczyRx7IOs
787432,@AppleSupport ever since the update I’ve had so many problems with my phone. How can this be fixed,"@307831 What model of iPhone is it? Also, what issues are you having? We'd love to help out."
1625417,DM’d @AppleSupport on here over an hour ago &amp; still not got back to me,"@497772 We've received your DM, and we'll continue with you there. Be on the lookout for a response."
753007,"Dear @115858, what the hell is happening on iOS 11? I even upgraded it to it’s latest version(11.0.2) but it became worse! Pls fix this!",@299967 We want to help.  Send us a DM to continue. https://t.co/GDrqU22YpT
2944450,Being late twice in a roll because of your alarms not going off is hard to prove @AppleSupport smdftb.,@813388 We want to help you look into this. How long has this been going on? What iOS are you using?
1783332,@535821 ok glad its not just me. Any suggestions @115858 @AppleSupport ??,"@535820 We're here to help. DM us, and tell us a little bit more about what's going on. We'll do whatever we can to assist. https://t.co/GDrqU22YpT"
1147959,@AppleSupport Its GREY that means Bluetooth is on but not connected. And I can’t even show you cuz the damned system won’t even do that now??? Oh god…,@177548 We'd like to take a further look at this with you. Please meet us in DM to continue. https://t.co/GDrqU22YpT
2748409,@AppleSupport Is this a real email from you? https://t.co/td3EWL9bRb,@769550 We'd like to look into this with you. Go ahead and meet us in DM and we can continue there. https://t.co/GDrqU22YpT
2618295,"@AppleSupport hi, our company has 2 x iPhone 8 pluses &amp; the camera flash doesn’t work on either. Torch is ok but no flash. Solution??",@739937 We're glad to assist on this. What iOS version is running on both devices? Is the flash disabled in the Camera app? Were both of them set up via a common backup?
489693,"@AppleSupport I can’t add songs/albums to my Apple Music library. Seriously, @115858 software quality is miserable these days...",@165490 We'd love to assist you. Are you still facing the concern regarding not being able to add the song to your playlist or something different? DM the answer using the link below. https://t.co/GDrqU22YpT
1682632,@AppleSupport it would be awesome if you could fix the “I️” issue.,@511515 Here’s what you can do to work around the issue until it’s fixed in a future software update: https://t.co/xXaXeeSRt9
1928402,"Seriously regretting updating my iPhone @115858 - who designed this?! Freezes me out, thinks I’m driving all the time, locks randomly #ios11",@573886 We want to be sure that you get the most out of your iPhone performance. We can help! DM us and we'll take it from there. https://t.co/GDrqU22YpT
1517042,"iOS 11.2 - Just 2,5 h of active use to drain battery 🤯
6s is hot as hell where the A-chip is @AppleSupport #iOS11 #batterygate https://t.co/qodWitE1SO",@471970 We'd like to get you pointed in the right direction. DM us and we'll continue from there. https://t.co/GDrqU22YpT
2004264,@115858 @AppleSupport please explain this.,@592686 Thanks for reaching out!. The steps in this article should help: https://t.co/xU1AGHStV6 DM us if you're still having trouble. https://t.co/GDrqU22YpT
2138927,@AppleSupport I updated my phone and iPad to IOS 11.1 and even after a total restart they are SO slow! Wasn’t like this before I updated?!,@629078 We'd like to look into this with you! Join us in DM with more details and how long ago you updated both devices. https://t.co/GDrqU22YpT
1141038,@AppleSupport As I can see from my phone and CarPlay your services are down again,@388587 Have you tried restarting your device and checking again?  Here’s how:  https://t.co/OWRDHWSt4h
2896160,Wtf is up with @115858? My phone froze and deleted all of my shit,@802528 Hate to hear that you're having issues. Send us a DM so we can work together to resolve it for you. https://t.co/GDrqU22YpT
1726284,@115858 I️ need this fixed 😑,@522095 Here’s what you can do to work around the issue until it’s fixed in a future software update: https://t.co/xXaXeeSRt9
408473,So @AppleSupport your High Sierra OS upgrade has bricked my MacBook Pro. Can't even find the start-up disk or restore back-up.,@212371 We're happy to help out. Let's meet in DM to go over what you have tried and steps to move forward. https://t.co/GDrqU22YpT
1674749,@AppleSupport iOS 11 has a capitalization problem. Random words get autocorrected to caps. Is this a known issue?,@509562 We'd like to know more. Which specific device and iOS version are you seeing this happening on?
1101951,"@AppleSupport Yeah and I've restarted the phone 6 times
Really frustrated with this guys😡","@380014 Let’s work towards a resolution for this. Send us more details about what’s going on in DM, and we’ll continue working there. https://t.co/GDrqU22YpT"
1906041,@115858 @AppleSupport new version of iOS 11.0.3 sucks as my 5S battry is draining faster thn bolt and on re-start notifies all unread msgs 👎🤨,@567958 We'd be happy to look into this with you more in detail.  Please reach out to us via DM and we'll get started. https://t.co/GDrqU22YpT
2376056,isn’t it bizzare that @115858 hasnt fixed this ‘i’ glitch yet?,"@685347 Please update the device to the latest version of iOS, 11.1.1: https://t.co/80YRnjDFDk Remember to back up your device first."
1696881,.@116333 why have the Control Center BT &amp; WiFi buttons become useless in #ios11 ? ‘Sequence extended to make things inconvenient’,"@514729 Hey there! In iOS 11, there's been some changes with using Wi-Fi and Bluetooth in Control Center: https://t.co/G7BHuQnDS6"
1978910,@116333  I don’t know what’s wrong with my iPhone SE my screen I had had about probably six replacements now on my screen Kept falling off,"@116148 Let's see how we can help. Send us a DM and let us know where you're currently located, we'll go from there. https://t.co/GDrqU22YpT"
2118410,Okay but really @115858 fix this glitch already,@624321 Here’s what you can do to work around the issue until it’s fixed in a future software update: https://t.co/xXaXeeSRt9
2179595,Wow phone is messing up again well it's been messed up it's just messing up more fuck y'all make me mad 😑 @115858,"@638743 That's not an experience we want anyone to have with one of our devices. DM us more about what's going on, including the model of iPhone you're using and the exact version of the operating system that it's running, and we'll work together to get these issues resolved. https://t.co/GDrqU22YpT"
1597648,Can I charge my iPhone X wirelessly overnight? @AppleSupport,"@230296 Yes, the iPhone X is built for wireless charging overnight. DM us any other questions. https://t.co/GDrqU22YpT"
2709171,@AppleSupport I️ have had enough of this fr,@760779 Reach out to us via DM and let us know what's going. We maybe able to help resolve your issue. https://t.co/GDrqU22YpT
2114721,"I don’t know what the latest @115858 update did to my phone, but its royally screwed it up. My next phone will not be Apple.",@623471 We want to help with your iPhone. Please DM us details of the issues you're experiencing. We'll look into this with you there. https://t.co/GDrqU22YpT
1689947,@AppleSupport anyone else experiencing app notification issues along with app account retention? Having issues with it.,@513060 We want to help. Send us a DM and we'll go from there. https://t.co/GDrqU22YpT
328515,@AppleSupport  I have to stay connected to my charger . My was fine before this update ! Fix this !,@194327 We're happy to help. Let's meet up in DM and take a closer look. Thanks. https://t.co/GDrqU22YpT
2575329,@AppleSupport please tell me there's a way to stop the iPhone from crashing due to the update without losing the data?! PLZ reply ASAP. Thx,@730281 We want to help you with this. Please let us know which iOS version is installed. You can send your answer in a DM. https://t.co/GDrqU22YpT
156019,@AppleSupport do you know when the Apple TV app/Apple TV iOS will be available outside of the US? (esp UK) - I heard it would be finally available around this time?,@150529 We appreciate your interest and encourage you to stay up to date on Apple news here: https://t.co/gbIPLOsnZd
1666328,@AppleSupport What happened to the ability to drop a draft email down to browse other emails in Mail?,@500189 We're here to help. Let's take this to DM so we can better assist you. https://t.co/GDrqU22YpT
1178395,"Apple, my phone has updated 3 times and now my battery dies in 5 minutes. 😡😡😡😡😡😡😡 @115858","@397145  We want you to have an iPhone that works. Let's look at this together, send us a DM. https://t.co/GDrqU22YpT"
818248,MàJ des iPhones: le miens ne capte presque plus ma wifi la luminosité change toute seule et la batterie ne tiens plus! Merci @AppleSupport,@314894 We offer support via Twitter in English. Contact us for help in your preferred language here: https://t.co/IBIY3vMgPj
1691875,@AppleSupport @115858 I️ I️ I️ I️ I️ I️ I️ I️ I️ I️,@513559 Here’s what you can do to work around the issue until it’s fixed in a future software update: https://t.co/xXaXeeSRt9
1765893,I'm so confused by this damn apple A thing with that square with the question mark y'all got me fucked up @115858,@531075 Here’s what you can do to work around the issue until it’s fixed in a future software update: https://t.co/xXaXeeSRt9
1252474,I'm very disappointed @115858  .. with the last updates 👎🏿 https://t.co/QIdLho0cQu,@413806 Let's get your iPhone working as you expect it. Could you join us in DM with more details on what you're seeing? https://t.co/GDrqU22YpT
2280946,.@115858 software update still doesn’t fix the “I” conundrum. #iOS11,@663044 We'd like to look into this with you. Let's meet up in DM to continue: https://t.co/GDrqU22YpT
2121764,Dismal experience with my new #ipadpro from @115858 Too many hours trying to get it to sync with old iPad. Failed. Back to @127894,@481132 What syncing issues are you having? We'd love to help.
2113958,"Hey @AppleSupport whenever you’re able to get to fixing this I️ problem, that would be super cool. I️. I️.  I️. I️.  I️. I️. I️.",@623272 Here’s what you can do to work around the issue until it’s fixed in a future software update: https://t.co/xXaXeeSRt9
1645109,"Hey @115858 What the heck is all this about.  My #iPhoneX and Laptop are changing ""I"" to this and its not in the settings at all #BROKEN https://t.co/p6F6EtofoY",@491096 Here’s what you can do to work around the issue until it’s fixed in a future software update: https://t.co/xXaXeeSRt9
1097731,@AppleSupport why won’t my music player stay on shuffle? I have to hit shuffle every time I open music.,@379041 We'd love to look into this with you so we can figure out what's causing this. Which device and software version are you using?
720468,@292433 @292434 @115858 @AppleSupport Mine is just hot all over the entire back side. :( almost too hold to hold.,"@198612 Let’s take a look at this together. Meet us over in DM with more details, and we’ll work with you there. https://t.co/GDrqU22YpT"
480616,I played a German song on Spotify and now half of my phone is in German wtf @115858,"@229223 Let's look into this together. To get started, check Settings &gt; General &gt; Language &amp; Region. Is the iPhone Language set to English?"
2913352,@AppleSupport my iMessage has not worked in over a month at this point. I’ve spent considerable amount of time with your customer support to get this solved but there has been no solution yet. Please work to solve this as soon as possible. This is extremely frustrating.,@806493 Thank you for reaching out to us. This is in no way expected behavior and having a working device is important. We'd like to gather more information to see what's going on with your device. DM us the type of phone you're using and the iOS version. https://t.co/GDrqU22YpT
2562362,@AppleSupport What’s going on with my keyboard? What am I️ still getting the box with the question mark? Y’all addressed this weeks ago and yet still haven’t fixed the problem..?,"@727171 An update has been released that addresses this issue. If you haven't already, back up your iPhone and update to iOS version 11.1.1. For more information about this, click here: https://t.co/xXaXeeSRt9 DM us if you have questions. https://t.co/GDrqU22YpT"
1762234,tired of using lowercase L’s to talk about myself @115858 fix it,@530239 Here’s what you can do to work around the issue until it’s fixed in a future software update: https://t.co/xXaXeeSRt9
1046633,@367402 @115858 I even tried @174713's guide for fixing it and it did next to nothing because i already keep my apps/usuage pretty lean.,@367401 We'd be happy to help. How often do you charge in one day? Have you been able to implement these tips: https://t.co/bivpdfBNJ6
1083026,@AppleSupport @115858 I thought I could start the Apple upgrade program today for iPhone X?? True?? How??,"@375471 For help with purchases, we have a dedicated team available to assist. Reach our Sales Support: https://t.co/8yjRd1Xo0i"
53593,@AppleSupport Thanks so much but I think it’s not suitable for my case. I’m trying to know if I could use an iCloud email alias as my Apple ID (1 of 2),"@128115 You can’t use an alias to sign in to https://t.co/tmRhWEkIq4, and you can’t use an alias to create a separate Apple ID."
458390,Anyone know why it won’t let me play these two songs? @115858 #reputation https://t.co/0wq7gb03nQ,"@223857 We're glad you reached out about this. If you tap on More &gt; Purchased &gt; Music from here, are you able to see these songs in your purchase history? If so, can you re-download them?"
1765862,@115858 pls fix my fuckin phone right the fuck now..  I️ &lt;— am fed the fuck up!!!!,@531065 Here’s what you can do to work around the issue until it’s fixed in a future software update: https://t.co/xXaXeeSRt9
2067677,Omfg please fix iOS 11... it’s pissing me off!!!! #ios11problems #apple @115858,@611445 We'd like to help you get your device working like it should. DM us what you are experiencing and the device you're using. https://t.co/GDrqU22YpT
1543543,@63403 My iPhone has been doing that too when I️ type “I” 🙄🙄🙄 wtf @115858,@478162 We'd like to help. DM us what country or region you're located in. https://t.co/GDrqU22YpT
1449228,"Honestly, @AppleSupport , after installing iOS 11 &amp; 11.1 my @123765 app no longer works? Timeline won’t refresh &amp; can only update on web",@456289 Let's get you to the right spot. Have you tried removing and reinstalling Twitter?  https://t.co/bNH7gNvF9e https://t.co/GDrqU22YpT
1580452,Ok so apparently I️ can no longer type the letter I 🤷🏼‍♀️ @115858 fix it!,@486620 That's not okay. We can help! Please try the steps found here: https://t.co/xU1AGHStV6
1649541,@AppleSupport my letter I keeps looking like this “I️”,@503861 Here’s what you can do to work around the issue until it’s fixed in a future software update: https://t.co/xXaXeeSRt9
1743617,@AppleSupport fix the dang letter I️,@525910 Here’s what you can do to work around the issue until it’s fixed in a future software update: https://t.co/xXaXeeSRt9
1659641,@AppleSupport OMG,@506324 Here’s what you can do to work around the issue until it’s fixed in a future software update: https://t.co/qODbOsp4wz
2487131,"@AppleSupport i have restarted my phone since it started happening, but i don’t see a difference and it’s hard to tell when notifications will just start flooding in if that makes sense. i was using ios 11.2 beta 2 but just updated to beta 3 in hopes that it’ll help","@366383 Understood. Send us a DM, and we'll provide some further guidance there. https://t.co/GDrqU22YpT"
1755194,@AppleSupport Hello my Instagram app won't have the notifications come across my phone but it says it's on and turning it on won't come on.,@528600 We'd be happy to help. Send us a DM with the iOS version you are using. https://t.co/GDrqU22YpT
979163,"@AppleSupport  even after 11.1.2 ipod touch 6th gen'sbattery drains very fast,what to do ??","@352208 We can help. First, make sure you're running the latest version of iOS: https://t.co/80YRnjDFDk Let us know if this persists."
2111505,"Am I️ the only person that’s having huge issues with the new iOS 11.1 update?! Every time I️ type in “I️”, it’s appears with an A and a square with a question mark in it?! @AppleSupport @115858 FIX THIS.",@622812 Here’s what you can do to work around the issue until it’s fixed in a future software update: https://t.co/xXaXeeSRt9
585948,Hi @applesupport i want to log in to my iCloud on my new Mac but I got this. Can u help me? Many thanks https://t.co/jEtewLpmCS,"@173844 Connecting your devices to your Apple ID is important and we'd like to help. Since it's been several hours since your post, are you still having this same issue? If so, have you tried using an alternate Wi-Fi connection?"
1134935,¿Alguien sabes a las cuantas actualizaciones del iOS 11 se corrige el problema con la cámara 📷? #Iphone7Plus @115858 @AppleSupport @138166 https://t.co/1CWRJG95rB,@387394 We offer support via Twitter in English. Get help in Spanish here: https://t.co/IBIY3vMgPj or join https://t.co/OczyRx7IOs
407077,@AppleSupport fuck ur update! my iphone 6 feels like a 6 year old phone now! thanks to ur ios update :) moneymaker,@212025 We want you to experience the performance you expect from your iPhone. Select the following link to join us in a DM. https://t.co/GDrqU22YpT
2438495,"@AppleSupport I did those steps and its work now, but this is not the first time😩💔","@699440 We're glad to hear that resolved the issue for now. If it returns, send us a DM, and we'll continue troubleshooting from there. We're happy to help."
250076,Smushed on top. iOS 11 irregularity. Never had this occur before. Need fixing. Lodging for FYI. @AppleSupport https://t.co/bouujuSTDo,@175418 We want to check this out. Send us a DM and we will go from there. https://t.co/GDrqU22YpT
307313,@115858 @AppleSupport the dongle for iPhone 7 was poorly executed (audio not edited) https://t.co/EdrDw3Ipbp,"@170956 We'd love to look into this with you, and do our best to help. Can you tell us more about what you mean by ""the dongle""?"
1304268,@AppleSupport why isn’t my sound working on my iPhone 6plus??? It’s buggy...,@424775 We know how important it is to have your iPhone sound working. Is the sound not working when on a call or using other apps?
2227080,@AppleSupport my watch app is being weird it keeps saying the apps aren’t installed &amp; has the installing icon going but their on the watch 🤔 https://t.co/2TbtwpL99r,@162157 That should not be happening. Are you on the latest watchOS update? Check Watch app &gt; General &gt; About.
2274172,I tried phoning @AppleSupport &amp; I didn’t get help. I got an email that I purchased a mobile legend bang bang app for $119 dollars. I didn’t authorize that purchase. What do I do?,@661493 Let's get you pointed in the right direction. You'll want to work directly with our experts in iTunes Store support. You can reach them here:  https://t.co/SDIe7UiyJN
1657294,My phone keeps changing the letter “i” to a weird symbol. What the fuck @115858  fix this shit,@505671 Here’s what you can do to work around the issue until it’s fixed in a future software update: https://t.co/xXaXeeSRt9
152973,@AppleSupport listen I’m just tryna download some free apps (aka animal crossing) pls just let me do that without having to verify the apple family account person reentering their payment information,@150998 Thanks for reaching out. Are you referring to the 'Ask to Buy' feature? Let us know the details we'd like to ensure we're on the same page to assist.
1769090,"Why is the iPhone running so slow today?!
#iPhoneSlow #Apple
@115858 @AppleSupport","@531882 Let's take a look together and see what's going on. Please send us a DM, then we'll go from there. https://t.co/GDrqU22YpT"
1584578,Great design here @AppleSupport … I can’t hit the little x or the cancel. https://t.co/TytURMu70S,"@301411 We'd like to help. Which device and iOS are you using? Which app are you using to access Find My iPhone, when you see this?"
1395099,@AppleSupport when are you going to fix this garbage iOS 11? 😡 I can barely use my #iPhone 6📱 now 😡,@444438 Thanks for reaching out to us. Can you please clarify the issue that you are having? That way we can better assist you.
481748,@AppleSupport we got a real problem this time fam. Y’all got me fucked up forreal. This dumb ass Apple Watch done broke my wrist out into a rash y’all gotta see me immediately,@229506 We're glad you reached out. We'd like to know more about what's happening. Send us a DM and we'll go from there. https://t.co/GDrqU22YpT
1149763,@AppleSupport could you explain this electric hammer sound coming from my MacBook? 😱 #neverheardsthisbefore #weirdnoise https://t.co/93Z8e4IYfn,@390563 We've received your DM and will continue with you there.
2986060,Yo @115858 I ran a marathon and now my Apple Watch buttons are all jammed cuz I sweat have too much. Can you help me out plzzz??,@823360 Let's take a closer look into this in DM. Send us a message and we will follow up there. https://t.co/GDrqU22YpT
1683537,"Not understanding why, if I️ have portrait mode lock on, does my screen keep turning to landscape .... @AppleSupport",@511725 We want to help.  Send us a DM letting us know what type of device you are using. https://t.co/GDrqU22YpT
1696060,"@AppleSupport why can’t we type the letter “I️” without it doing this. And yes, I’ve updated to iOS 11.1. The letter “I️” keeps glitching https://t.co/4bFDZ4yTBc",@514553 We can help you out. Take a gander at the following article and DM us with any questions. Thanks. https://t.co/xXaXeeSRt9 https://t.co/GDrqU22YpT
1621190,@AppleSupport My driveway shows as a road in Maps. I’ve reported the issue repeatedly in Maps and it hasn’t been fixed. How do I escalate?,@496792 We'd like to assist you with this. Which country are you currently in? DM us here: https://t.co/GDrqU22YpT
2864903,"@115858 for the next update, could you experiment with the audio when listening to tunes? It would be nice if the tune faded out when changing songs. The sudden change in songs can be bothersome due to volume and genre. Thank you!",@795735 We love hearing your ideas about ways to improve our products and features. Please continue sharing your ideas here: https://t.co/eTPVYVFyd8
807881,"how do i fix this on mac iphoto? 
@116333 @AppleSupport 

i have enough disk space… https://t.co/P51dH9r3CV","@312510 We're here to help. To confirm, you're attempting to open a photo using the Photos app, correct?"
1863224,My iPhone 5s has become a shit Touch ID not working it’s saying failed to use it and the battery dead’s up fast in iOS 11.0.3 @AppleSupport,@556744 We can help out with your iPhone 5s. Could you Direct Message us and let us know what country you're located in? https://t.co/GDrqU22YpT
1133236,"@AppleSupport Thank u so much! 
Do u have a Spanish LatAm assistance? 😅 I don't speak perfect English 🙁😢😭",@387028 We offer support via Twitter in English. Get help in Spanish here: https://t.co/IBIY3vMgPj or join https://t.co/OczyRx7IOs
1106251,My pictures just disappeared but they are still in my iCloud how do i restore them back to my camera roll @AppleSupport,@381077 We'd like to help. DM us what iOS version you're on and we'll get started. https://t.co/GDrqU22YpT
1598070,@490863 @AppleSupport Did Apple support fix your problem? I’m having the same issues and I would like to know what I can do to fix it.,"@490862 No problem! We just wanted to let you know that we've received your DM, and we'll be following up shortly."
2185508,@115858 @AppleSupport FIX THIS FUCKING UPDATE &amp; MY PHONE BEFORE I️ SWITCH TO ANDROID. I️ AIN’T SIGN UP FOR THIS,@640056 We've released a software update that addresses this concern. Find out more here: https://t.co/xXaXeeSRt9
219205,"La de digital no me pudo ayudar con mi iPhone, me pasaron con la de sistemas, y @12273 atendió muy bien mi llamada. cc: @AppleSupport",@168279 We offer support via Twitter in English. Get help in Spanish here: https://t.co/IBIY3vMgPj or join https://t.co/OczyRx7IOs
1697474,@AppleSupport iPhone 6s the 11.1 update. Every time I️ type a certain letter a symbol pops up and my phone keeps crashing.never did that before the update,@514900 Here’s what you can do to work around the issue until it’s fixed in a future software update: https://t.co/xXaXeeSRt9
1988657,Just done the IOS 11.1 update. Can somebody at @AppleSupport tell me where all my saved Safari pages have gone! HMRC Login etc all gone!,@588583 We'd be happy to look into this with you more in detail.  Please reach out to us via DM and we'll get started. https://t.co/GDrqU22YpT
455081,Hey @115858 my iPhone just blew up in my pocket 😀 @AppleSupport https://t.co/CXyJsH7zGy,@223026 We'd like to help. Please use the link below to DM us with the country where you're located to get started. https://t.co/GDrqU22YpT
2335230,"Nova atualização do iOS não permite que eu compartilhe minhas fotos nem assista meus vídeos, APPLE EU TE ABOMINO @115858 @AppleSupport","@675716 Since our Twitter support is available in English, get help at https://t.co/IBIY3vMgPj or join https://t.co/pvaOFfPbjt"
557866,"@250305 I realize you're not @115858's Support department.  
This is a mere FYi: i tried to implement ApplePay Cash on two iOS devices where all the requirements were upheld, and failed to find the option.","@250304 Hello there. If you're in the US, those features will require iOS 11.2 and will begin rolling out early next week."
2477564,"@AppleSupport have iPhone 6s, iOS11.1.1, uk carrier.  DTMF is not working after latest update. Please advise how to fix",@475211 We're here to help. Please DM us via the following link with more details on what is taking place and how it's not working. We look forward to your response. https://t.co/GDrqU22YpT
2121067,"@AppleSupport Here is example with laptop charger, you can fee a slight shock on the Touch ID and the screen becomes hard to use. This is only on train. https://t.co/dk5BuOv4GB","@624940 Please send us a DM and tell us which country you're in, and we'll find a way to help. https://t.co/GDrqU22YpT"
1014386,@AppleSupport Jut DM’d you.,@360028 We've responded to your DM. Look for us there. https://t.co/GDrqU22YpT
1342737,@AppleSupport is this a real alert please? https://t.co/Ytsze9fqhx,"@433159 This isn't an Apple security alert. Did this appear when using Safari? If so, this shows how to close it: https://t.co/x0pwcuPbr6"
1046597,@AppleSupport IOS 11 has a problems with battery🤦🏻‍♀️💔,@367392 That certainly not an experience we want you to have. We know battery life is important. Have a look at: https://t.co/bivpdfBNJ6
2626432,"@AppleSupport No, the left one is not charging when i put it in the case, like there is a bad contact to the case look, they are both in the case https://t.co/ug5KWnIYzz",@741840 Let's look into our options then. Please send us a DM with the current country you're in. https://t.co/GDrqU22YpT
2280341,@AppleSupport @AppleSupport in the control centre too! https://t.co/5uLu2PnZC7,@662905 We want to make sure things are working smoothly for you. Send us a DM and let us know what version of iOS you are running and we'll go from there. https://t.co/GDrqU22YpT
1512133,"Never mind, screw technology. @AppleSupport please I’m begging for help","@470960 Let us know via DM what you need assistance with, then we can definitely help out from there. https://t.co/GDrqU22YpT"
1015671,"@AppleSupport if my AppleID is in account recovery would it be why my phone is saying
""disabled-connect to iTunes?""
Or because I dropped it? https://t.co/m21iXwjD0X",@360307 We've received your DM. Look for our reply there shortly and we'll help out.
219651,@AppleSupport I want my podcast to continuously play my episodes without me doing it manually! @115858 #ios11sucks,"@168366 We're here to help. Take a look at the ""Listen continuously with Up Next"" section here: https://t.co/gQVExEKnrj"
772337,"@AppleSupport Okay, it’s working again. It happens sometimes and didn’t know if it was a glitch that required to be fixed","@304495 We're here to help. Just for clarification, your issue is resolved now?"
2783332,"@AppleSupport 
i got this email, is this real from apple or a scam? https://t.co/CMaSPtxNK8",@777207 You're right to be cautious. That doesn't appear to be from us. You can read more about phishing here: https://t.co/LNMCdqt6fD
2012099,@AppleSupport hi! I would like to know which email I can complain about the bad support service. Thanx,"@594968 Thanks for brining this to our attention, Flaca. We've received your DM, and will continue there. https://t.co/GDrqU22YpT"
1301877,My fondness for @115858 severely tested by this s @applesupport experience. Not happy,@424253 We want to help you. Send us a DM and let's get started.
2131142,Tried of this fucking glitch @115858 Ima fight you,@627215 We'd be happy to help with any issues you're having. Could you please send us a DM with some details so we can get started? https://t.co/GDrqU22YpT
660493,@AppleSupport how do I recover a deleted number,@277332 Thanks for reaching out. Please DM us which device is having the issue. We'll start there. https://t.co/GDrqU22YpT
1146753,@AppleSupport I see them in Safari. Version 9.3.5,@389905 Let's start by backing up and updating iOS. This page has steps for you: https://t.co/qr0pQfKgYD
2732944,Hey @115858 again I have no service anywhere and have to be on WiFi. Twice in two weeks my phone works nowhere. Get your shit together,"@472747 We understand the importance of having service on your iPhone, and we'd be happy to help. Check out this article with some great steps to help with this issue: https://t.co/5KootZbxj1"
2013969,@53963 and @115858 don‘t use their support channels. And the problem was not resolved with #iOS11. #badcustomerservice #strange https://t.co/jKdlUy8mKs,"@595513 We’d like to understand more about this. Please DM us some details and which country you're in, and we’ll take it from there. https://t.co/GDrqU22YpT"
892820,@AppleSupport i have everything turned on and i receive some messages but not all of them.,@331998 Thanks! Go ahead &amp; try out the steps in this article to see if that issue will resolve: https://t.co/fUZ0NRJxcn
1647384,@AppleSupport When are you going to fix iOS 11.0.3 problems? It’s a disaster... my iPhone 7 apps are freezing every 10 mn... hello @115858 ?!,@503307 We’d like to support you. Please meet us in DM to continue. https://t.co/GDrqU22YpT
2055775,@AppleSupport .. I have Iphone5S &amp; whnevr I tried to update to iOS 11.0.2 .. error occurred plz guide https://t.co/i1pAwaalfk,"@388830 We’d love to help with updating. To start, send us a DM letting us know if you’ve tried using multiple Wi-Fi networks. https://t.co/GDrqU22YpT"
246531,"@174557 @115858 Ya actualice jaja. Me pasa lo mismo con el bluetooth, o directamente no se conecta 👹🔥💣🔪",@174556 We offer support via Twitter in English. Get help in Spanish here: https://t.co/IBIY3vMgPj or join https://t.co/OczyRx7IOs
1586347,@AppleSupport having issues getting photos from iCloud on my new iPhone X,@488035 We'd like to help. Please DM us some more details about what is going on and we'll get started. https://t.co/GDrqU22YpT
2118428,@AppleSupport when you gonna fix the I,@531288 We'd like to look into this with you. DM us here: https://t.co/GDrqU22YpT
1699803,"@AppleSupport I have been doing that for two days and literally have to do that 10x a day, it is extremely frustrating",@515476 Let's look into this further. Send us a DM with your iOS version so we can get started. https://t.co/GDrqU22YpT
1202910,"@AppleSupport still awaiting software ""repair"" patch regarding 6s battery drainage since installing 11.03 update..",@402605 We want to help. Meet us in DM and we'll work towards a solution together. https://t.co/GDrqU22YpT
1799188,So I guess when you get a new phone @115858 @115725 will not help you transfer your phone over. Now they make you do everything!#cheapasses,"@540615 Check out this article for guidance: https://t.co/lOVrD5pu5o If you have questions, send us a DM. We're here for you! https://t.co/GDrqU22YpT"
822220,My phone is a mess because of the IOS11 like my battery died in less than one hour. WHY @AppleSupport,@315843 Hello. We'd like to help. Which version of iOS are you running under Settings &gt; General &gt; About?
1636200,Moved to iOS 11.0.3 on my 6S my alarm is no longer ringing?? Serious problem! Help! #ios #iphone #ios11 #apple #ImLateForWork @AppleSupport,"@500459 Hello Emily, we'd be happy to look into this with you. Can you provide us how many alarms are set up?"
373969,@AppleSupport my phone is frozen i cant even switch it off help,"@204638  Lets get you back up and running. To get started, check out this link: https://t.co/H7w57rsYVQ Provide us with the results."
259996,@AppleSupport Got call from your customer care and they r not supporting... please escalate,@177853 Let's return to DM to see what we can do. https://t.co/GDrqU22YpT
553641,@AppleSupport 'Mo Updates 'Mo Problems. My phone just got stuck in landscape. Thanks 11.2,@249140 Let's look into this together. Have you tried restarting your iPhone or any other troubleshooting steps?
701630,@AppleSupport I’m on the 7+. I did a full reboot and that seems to have fixed it. Thanks!,@287500 That's good thinking! We're glad it's working for you now. Let us know if you have anything else we can help with. We'll be here for you.
2835832,I need iOS to stop turning on my bluetooth and WiFi on its own @115858,"@696624 Hey, we want to learn some more details so that we can help. To clarify, when you turn off Wi-Fi/Bluetooth, are you doing that from Settings or from the Control Center? Also, what's the exact iOS version currently installed?"
2550304,"@AppleSupport It’s no biggie. Restarted the iPad, good as new. But I just miss #ios10 ‘s stability. My iPad used to be so reliable.","@279055 We're glad to hear that restarting fixed the issue. If that happens again, please let us know so we can look into it further."
1336334,@AppleSupport just ordered #iphoneX +checked out quickly.my favs was set to have Apple care but it was not added How can I add? #help,@421812 You can purchase AppleCare+ within 60 days of your purchase. You'll find more info here: https://t.co/brpZQUaYqu
1063147,@AppleSupport Whenever I try to update my iPad to iOS 11.0.3 I get this message https://t.co/7yUrggrRml,@371032 Let’s get your iPad updated. Try removing and downloading the update again as this article describes: https://t.co/Ui1yTnOCUz
2110806,@115858 either don't make my iPhone defective when I run out of iCloud space or don't make iCloud storage a monthly fee. It is complete bs that my phone stops working even though my actual phone storage is abundant.,"@622666 We can help with your iPhone and the storage issue. Let us know in DM if you're receiving error messages, please. https://t.co/GDrqU22YpT"
2784661,@AppleSupport  is this a scam? https://t.co/Bp3269s1Tt,@777517 This is likely a phishing attempt. You can see how to identify and respond to such emails here: https://t.co/LNMCdqt6fD
289112,I can’t turn my ringer up on my iPhone 6s the only thing that turns up and down is my volume. Is this fixable? @AppleSupport,@184891 Hello there! We'd like to see how we can assist with this. Are you able to adjust the ringer in Settings &gt; Sound &amp; Haptics?
505127,@AppleSupport Gmail accounts won’t go online. Tried to sign in via Accounts in system preferences but it won’t let me go beyond entering my passwords.,"@235807 Thank you for clarifying. We know you need access to your mail and we want to help. Let's go to your account via a web browser, such as Safari. Are you able to check your mail there?"
1410787,"@308029 @115858 @302344 @156470 @291582 Same phone same battery drain, about twice as fast as before. Can apple get their crap together!","@124885 We received your DM, and we'll continue with you there shortly. https://t.co/GDrqU22YpT"
2804351,"@AppleSupport having iphone X bluetooth connectivity issues in 2014 accord with handsfreelink.  Will pair and work, but as soon as the phone ""sleeps"" it disconnects, phone wakes up tries to connect again.  Continuous cycle.","@782205 Let’s join forces on this. To begin, is your iPhone X fully updated to iOS 11.1.2? Also, has the iPhone ever paired successfully with your car’s Bluetooth system?"
1751493,@AppleSupport hey so wassup with this 👉🏽 I️ situation,@527721 Here’s what you can do to work around the issue until it’s fixed in a future software update: https://t.co/xXaXeeSRt9
1744854,Yo this I️ thing is kinda irritating. @AppleSupport,@526160 Here’s what you can do to work around the issue until it’s fixed in a future software update: https://t.co/xXaXeeSRt9
2002448,@AppleSupport @115858 FIX THIS https://t.co/ZsOq94tkzO,"@592117 We'd be happy to look this over with you. Please meet us in DM so we may gather information, and better assist. https://t.co/GDrqU22YpT"
2605272,@AppleSupport not responding since the screen went black. the trackpad and other buttons are still working,@737125 Let's hold down the power button and see if the device shuts off. Let us know the results via DM. https://t.co/GDrqU22YpT
2141615,Omg this eye situation is annoying @AppleSupport 🗣FIX IT.,@460624 Here’s what you can do to work around the issue until it’s fixed in a future software update: https://t.co/xXaXeeSRt9
2266202,@AppleSupport I’m having some problems with iCloud. Recently got the newest iPhone and the old phone refuses to do a backup. I did a backup to my pc to try it that way but it will not let my sync it to the new phone,@659635 Hi there. Please DM and tell us what happens when you try to sync the new device with the iTunes backup. We'll meet you there to help out.
2017173,@115858 @AppleSupport My phone now has a very irritating glitch that appears to holds down an app &amp; freezes my phone. I have to restart it at least 5 times a day😤,@596535 We want to help. Let us know in DM some more information about the issue you're experiencing. We'll go from there. https://t.co/GDrqU22YpT
878551,We’re three public release versions into iOS11 and still this Mail-crippling bug 🙄 @AppleSupport https://t.co/AFsj56uw6D,@328578 Let's look into this for you. Send us a DM and we can check on available options. https://t.co/GDrqU22YpT
457181,@AppleSupport just thought I’d let you know that I received this from someone impersonating you that was asking for my social security. https://t.co/PumJZLTYkI,"@223546 Thanks for bringing this to our attention. You have a keen eye. This article has more information on these types of email as well as guidance on how to report it formally: 
https://t.co/LNMCdqt6fD"
1671264,@AppleSupport LIKE WHAT IS THIS https://t.co/Q3R8KtQyCU,@508715 Here’s what you can do to work around the issue until it’s fixed in a future software update: https://t.co/xXaXeeSRt9
641944,"@AppleSupport How do I remove this genre “R&amp;B/Soul” in @115948?

I don’t want to follow a “Genre”. 

#AppleMusic https://t.co/EKNLE7zbpC","@272341 We'd be happy to help you with that. First, check out these steps, and let us know if that helps: https://t.co/zrXCbURjiu"
860805,"@AppleSupport Also, when I am on facetime and take a live picture they still dont show up.","@324395 Thanks for those details. If you're having issues with overall system performance, go ahead and join us within DM here: https://t.co/GDrqU22YpT"
1756314,Also @115858 figure this “I️”shit out this is ridiculous,@528840 Here’s what you can do to work around the issue until it’s fixed in a future software update: https://t.co/qODbOsp4wz
62253,@AppleSupport Yes,@130258 OK. Let's take this conversation to DM.  Which country are you located in? https://t.co/GDrqU22YpT
2479086,@AppleSupport is this a real apple text? https://t.co/AWNEChn5Rn,"@708494 That appears to be phishing. Since this is a text message communication, we would recommend reaching out to your wireless provider for more details on how to report and prevent these phishing attempts."
2138830,NOW HOW DO YOU THINK I SHOULD WAKE UP FOR SCHOOL TOMORROW IF MY ALARM WONT BE WORKINF BC NO BATTERY?? hmm @115858 https://t.co/jOLzJSS58h,@629056 We'd be happy to help.  Please reach out to us via DM and we'll get started. https://t.co/GDrqU22YpT
92848,@AppleSupport we are not getting anything except bugs and hanging screens,@788706 We received your DM and we'll work with you there.
177809,@AppleSupport There might be a bug or flaw in iPhone X and Bluetooth. Keeps disconnecting from my car if not streaming sound from iPhone (ie if the phone is connected but listening to radio...disconnects from car after a minute or so). It’s highly distracting while driving,@157882 We want to help! How long have you been having these issues? Do you have the most recent version of iOS 11.1.2 downloaded? https://t.co/GDrqU22YpT
2056174,".@115858 completely screwed-up (THEIR OWN) weather &amp; clock apps with the last update. Thanks a lot. 🤨  

@AppleSupport #Apple #Iphone",@253842 We want your apps to work as expected. DM us details on the issues you're having and we'll continue support there. https://t.co/GDrqU22YpT
962216,"Meu, to tendo problema com o wifi, n sei se o problema é o iOS 11 ou o iphone 8 @AppleSupport help me","@348325 Since our Twitter support is available in English, get help at https://t.co/IBIY3vMgPj or join https://t.co/pvaOFfPbjt"
2731288,Had utterly hideous service at @115858 &amp; they can’t even leave me a number to call🤯 https://t.co/z0zBHsC9iP,"@765672 Let's take a closer look into what is going on in DM. 

Send us a message and we'll follow up there. https://t.co/GDrqU22YpT"
522078,@AppleSupport safari is crashing within 15 secs of opening on two of my macs. What could be happening?,@240570  Having our web browser preform this way is not expected. We'd certainly like to look into this issue with you. Could you let us know the version of the macOS installed on these devices? Please send us a DM. https://t.co/GDrqU2kzhr
1702005,@AppleSupport I️ can connect just fine but my phone won’t download anything or load any apps and my WiFi is totally fine because my other devices work,@516039 Understood.  Check here under step 6: https://t.co/2WRbhvw0dM Let us know if you can connect after that.
1606740,"@AppleSupport Done, thanks for that.","@488877 You're welcome. If you have any other questions, feel free to reach out to us. Have a great evening."
72771,"@AppleSupport lost my iPhone, not where iPad ""lost my"" says.. What should I do?",@132340 We understand the importance of being able to locate a lost device. Let us know if this helps: https://t.co/WgUadqPuWS
105342,"@AppleSupport pairing an apple watch is the most frustrating thing in the world, i feel like breaking the damn phone and watch. Taken 3 hours already and the stupid piece of crap still not working #hatethisdamnshit","@139263 You’ve come to the right place. We’re happy to help get you iPhone and Apple Watch paired. Send us a DM telling us which Apple Watch model you have, the iPhone we’re working with, and the iOS version number on the iPhone. https://t.co/GDrqU22YpT"
2835843,@AppleSupport I have recently been to an apple shop regarding my volume down button being stuck and the IPhone 7 being in a continuous restart loop. It is 8-9 weeks old and they refuse to give me a new one. no signs of damage on purpose. What can i do now?!,"@744967 We'd like to look into this with you to see what support options are available. Let us know what country you're in via DM, and we'll get started: https://t.co/GDrqU22YpT"
1712965,Yo @115858 will you give me a free iPhone X for the inconvenience this “ I️ “ has brought to my life? If not can you at least fix I️t already,@518833 Here’s what you can do to work around the issue until it’s fixed in a future software update: https://t.co/xXaXeeSRt9
1134127,@AppleSupport It’s is unresponsive,@387230 We're here to help. DM us so we can look into this further with you. https://t.co/GDrqU22YpT
1648453,@AppleSupport fix these stupid fucking question mark boxes,@377132 Here’s what you can do to work around the issue until it’s fixed in a future software update: https://t.co/xXaXeeSRt9
1592826,@AppleSupport please fix my damn keyboard. I’m tired of “I” switching to I️,"@489566 We're happy to help. If you could, we'd like to have you try the following steps before we continue: https://t.co/uQeXsrrlXJ"
1643341,"@AppleSupport, please fix the letter after ‘H’",@502258 Here’s what you can do to work around the issue until it’s fixed in a future software update: https://t.co/xXaXeeSRt9
2283094,@AppleSupport It happened on Nov-4 when I updated my iPhone to iOS 11.1 ... it’s always freezing and it takes 2-3 mins to open whenever I want to open my iphone. And the problem didnt go after updating to iOS 11.1.1.,"@663539 DM us your country, and we'll continue working there. https://t.co/GDrqU22YpT"
322341,"@AppleSupport this update broke my phone, fix it",@192792 We'd like to help get your iPhone working again. What seems to be going on with your device after updating to iOS 11?
1211786,in less than 24 hours 2 hard resets #iOS11 #ios1103 whats happen?!! @115858 @AppleSupport,"@404420 We're here to help. Please let us know what you're experiencing and which iOS version is installed, and we'll get started."
1743583,@115858 ... please... FIX THE i️ GLITCH I️ THINK IM GOING INSANE,@525899 Here’s what you can do to work around the issue until it’s fixed in a future software update: https://t.co/xXaXeeSRt9
334140,Why does it take long for Apple Music to go back on my phone? @115948 @AppleSupport,@195609 We're here to lend a hand. Let's look into this together. Could you tell us which iPhone and iOS version you're using?
2150011,Ok @115858 you really need to get it together with this question mark box shit,@631884 Here’s what you can do to work around the issue until it’s fixed in a future software update: https://t.co/xXaXeeSRt9
1117160,@AppleSupport **That i need to reboot it ALWAYS!!,@383601 We want to get in front of this with you. Have the Apps finished updating?
1194003,@AppleSupport I signed up for Apple Music once you guys were offering 3 months for 0.99 but I got 10.59 taken from my credit card. I want an explanation please.,@400554 We're happy to help. Our iTunes team can assist in resolving this. Get in touch with them here:  https://t.co/SDIe7UA9Bl
493550,7 months later and now my left airpod is significantly louder than the right one. this is upsetting because it’s happened to nearly every pair of apple headphones i’ve ever had. this is the last time i buy headphones from apple. time for @118845,@232661 We'd like to look into why your AirPods aren't working as expected. Meet us in DM and we'll take a look together. https://t.co/GDrqU22YpT
2801452,@AppleSupport brand new iPhone X has a green line going across the entire screen and has a super yellow tint restored to factory 3 times. truetone and nightshift are both off. what gives,"@781513 We want to make sure your iPhone X is working at its best. Do you always see the line and tint, or only in certain screens? When you restored to factory, did you set up as new, and not restore any of your data to test it?"
1151847,@AppleSupport I did that yesterday and it rebooting/resetting solves the problem but then it happens again at some time.,@391063 Got it. Let's meet in DM to continue: https://t.co/GDrqU22YpT
782359,@AppleSupport needs to fix this!!!,@306753 We want to make sure your Messages are working correctly. Were you replying from a notification or the Messages app?
583586,@AppleSupport 7.88 GB,@257644 Thanks for letting us know. We'd like to continue working on this with you via DM. Reach out to us here: https://t.co/GDrqU22YpT
389694,@AppleSupport I want to check the overall battery health of my iPhone? How can I?,"@208242 We'd be happy to take a look at your battery life together. Send us a DM, and we'll continue there. https://t.co/GDrqU22YpT"
1566909,"Yo @115858 this new update is trash, my phone froze over 30 times today. What’s good?",@483611 We'd like to look into this with you. Please DM us more about what's happening. https://t.co/GDrqU22YpT
552118,"So the new @115858 iOS 11.2 update is here with Apple Pay but it’s not completely activated for use for everyone. Why?! @AppleSupport I need my Apple Pay, today!! (Lol) 

Can someone help?! 

#LoyalAppleCustomer 
#iPhone7Plus 
#ApplePay","@248706 We know how great new features can be. For Apple Pay assistance, please reach out to our Apple Pay Support team here: https://t.co/IBIY3vMgPj They'll be able to help."
2382844,"@AppleSupport I am using iPhone X with iOS 11.1.1 and a MacBook pro with 10.13.1,can I turn off two-factor authentication and use two-factor verification?",@686918 You may be able to turn off two-factor authentication depending on when your Apple ID was created. To learn more check out our article here: https://t.co/RONuUjClwW https://t.co/GDrqU22YpT
1709990,Hey @115858 can you fix the question mark bullshit????? Thanks,"@518084 Can you tell us a bit more about the behavior you're running into, and when it first began? We'd love to help."
1977260,There are many bugs in #ios11 .. @118936 @AppleSupport wake up guys .. quality was a synonym for @115858 https://t.co/ogJq6iQoq2,@585521 We're happy to help. What device are you using? Which version of iOS 11 do you have currently installed? Let us know to continue. https://t.co/GDrqU22YpT
289103,It seems IOS 11.0.2 was not a fix but a problem as it’s draining out battery quickly #IOS11.0.2 #AppleiPhone @115858 @AppleSupport,@184887 We're here to help you find the right solution. Shoot us a DM and we'll get started. https://t.co/GDrqU22YpT
2639674,@AppleSupport Thank you! I appreciate the advice.,@404058 You're very welcome.
1573652,Hey @AppleSupport if you could fix this whole I️ autocorrect situation that’d be great,@485019 Thanks for reaching out. This article can help: https://t.co/tTi2caaemt
2429185,I updated my phone and I’m still seeing squares. The fuck @AppleSupport,@697409 Thank you for contacting us. Are you seeing the characters when you type the letter i or are you seeing it on social media or another app when someone else types it?
565956,@AppleSupport my iPhone 6plus and iPad simultaneously started freezing &amp; turning off since late last night .... what’s happening? This cannot be an isolated event. Some info would be helpful.,@252661 We've heard reports of this and we've got a guide for how to address this for you here: https://t.co/Wc5MHFZb0p
2315956,@AppleSupport Yes! This has happened a few times now. I think it may have started happening at 11.0.1,@596850 Thanks. What version of iOS is currently running on your iPhone? You can check in Settings &gt; General &gt; About.
2286087,"@AppleSupport hi team, I just took a subscription for tinder but I cancelled it immediately. How can I get the refund for that subscription. Please tell me.",@664307 For issues with an iTunes purchase or subscription you'd want to reach out to our iTunes Store support team for assistance. You can connect with them here: https://t.co/SDIe7UiyJN
2111397,"@AppleSupport dopo aver effettuato tutti e tre gli aggiornamenti di iOS 11, continuo a non riuscire ad effettuare chiamate. Soluzioni ?",@622778 We offer support via Twitter in English. Contact us for help in your preferred language here: https://t.co/IBIY3vMgPj
1589307,At first i couldn’t type i not i can’t say IT properly wtf @115858,"@239253 We’d love to help. To start, send us a DM letting us know which device and software version you’re using. https://t.co/GDrqU22YpT"
817014,@AppleSupport And if I experience the same thing? What then?,"@314584 Great question! If the behavior persists after updating, we’ll continue to investigate in DM. We’re here for you. https://t.co/GDrqU22YpT"
1615499,@AppleSupport Windows,@495474 What happens when you tap allow? Let us know in DM. https://t.co/GDrqU22YpT
1991364,My iphone is updated and I’m seeing pound signs and question marks instead of the letter “I” and lemme tell ya I’m not happy @AppleSupport,@589342 We want to help you with this issue. Send us a DM with your current iOS version and we'll take it from there. https://t.co/GDrqU22YpT
981949,@AppleSupport Would love to be able to delete a group of texts messages at the same time.  It shouldn't be that difficult!,"@352820 We can help. Are you trying to delete multiple message threads? If so, tell us the device you’re using, and we’ll go from there."
1880955,"@AppleSupport After updating to ios11.0.3 my apps keep freezing whilst I’m using them. Have to killl the app, and relaunch. What’s going on?","@561368 Let's team up to figure out what's happening. To clarify, does this only happen with specific apps? DM us the answer. https://t.co/GDrqU22YpT"
484495,@AppleSupport  https://t.co/SwTQGDpjeL,"@230289 Great, we're glad to see your iPhone is up to date. We'd like to continue working with you on this, DM us and we'll go from there. https://t.co/GDrqU22YpT"
2131152,@AppleSupport battery life on my iPhone 6s+ and Apple Watch are not what they used to be,@627218 We can help with battery life. Could you tell us which iOS version is on the iPhone?
146724,@AppleSupport - Hi! Is there any way to determine WHICH phone # initiated a group text? All I’m able to find is a list of phone #s incl in the group. I know who the person is &amp; want to save the # to contacts but don’t want to mass text group to ask which number is this person’s.,@149310 We'd like to help. Let us know which device and OS you're using via DM. We'll go from there. https://t.co/GDrqU22YpT
1588152,@AppleSupport Why does my iPhone keep auto capitalizing “it”??,@488447 We want to help you out. Send us a DM and let us know what iPhone and version of iOS you are using. https://t.co/GDrqU22YpT
1699835,Stop giving me these damn boxes!! I’ve updated my phone! @AppleSupport,@515485 Here’s what you can do to work around the issue until it’s fixed in a future software update: https://t.co/qODbOsp4wz
2001589,"@AppleSupport @115858 aye wtf is this I️ can I️ not type I️ without this I️ bs 
P.s @115948 your doing great keep it up","@591855 We’d like to look into this with you. To start, send us a DM letting us know which device and software version you’re using. https://t.co/GDrqU22YpT"
1971127,"Seriously, @AppleSupport, @117735 has been unable to activate svc for it despite online, a visit and four calls.",@583858 We'd like to take a closer look. Please DM us your current watchOS version and iOS version of the paired iPhone. https://t.co/GDrqU22YpT
2710958,@AppleSupport Thanks. I have the iPhone 6 and I downloaded 11.1.1,@616095 You're welcome! Send us a DM. We'll work with you from there. https://t.co/GDrqU22YpT
174128,@AppleSupport i have a 6s and it’s just running slow on everything it’s really lagging on most of the apps i use,"@156804 Were the apps third-party, native Apple apps, or a combo of them both? And does anything seem to help such as restarting your iPhone?"
1582072,@AppleSupport I restarted my MacBook but a folder with a question mark on it appeared on the screen and flashed.,@232196 Got it. Give these steps a try and let us know how it goes: https://t.co/D7AZk8szDr
1390139,"@AppleSupport iPhone 6S, only one years old - battery life is horrible after iOS 11. 3hr standby/2hr use = 35% remaining.",@443343 Having maximum battery life is important! Let's dig a little deeper in to this. Which version of iOS 11 are you running?
2069119,@AppleSupport Did you even read my tweet?,"@611879 We did, and we'd like to help out. Give us more details in DM about what you're experiencing and we'll continue there. https://t.co/GDrqU22YpT"
34608,@AppleSupport Is there any possibility to combine two Apple-IDs?,@123498 Let's look into your options together. Let us know in DM a bit more about what you're wanting to do. https://t.co/GDrqU22YpT
82017,@AppleSupport since the update my iPhone 6s Plus is having issues with the camera .. already sent a dm!,@134151 We’ve received your DM and will continue working with you there.
1059761,"iOS 11 is trash so far... can we get this fixed please? I can’t make or receive calls, everything glitches, and my sound is a mess @115858",@370230 Let's look into this together. Send us a DM by clicking on the link below. We'll continue there. https://t.co/GDrqU22YpT
373377,@AppleSupport iPhone 7 Plus. I am a Apple Music subscriber. Ever since I updated to iOS 11.0.2 it’s been happening,"@204478 Does it occur with every track on every album, or just this specific one? Do you use Apple Music on any other device?"
2558745,@AppleSupport No not for the videos. Only audios,@726377 Does this happen with all sites that have audio files involved?  Does this also happen when using cellular data?  Let us know in DM. https://t.co/GDrqU22YpT
1445691,"@115858 @AppleSupport WiFi glitch in iOS 11.0.3 #iPhone6S . MacBook connected to same ntwrk which iPhone can’t find&amp;when found, can’t cnnect https://t.co/izA7Cp4PmZ",@451101 We'll be happy to see how we can help. Does that behavior continue after restarting your iPhone?
101302,@115858 @AppleSupport common guys. I rely on your products for video production for broadcast and your update to fix your security issue is completely crashing the OS... as a life long user of your products this is unacceptable,@138176 We can definitely understand and want you to be able to rely on our products and software. Which device are you using and what exactly happens?
286226,@AppleSupport I got it!!!!! Thanks so Mach,"@184192 You're welcome. If you ever have any questions or concerns, we're here to help."
2688214,@115858 oh look it did it,"@755866 Thanks for reaching out! We'd be happy to help you get to the bottom of this. To start, which version of iOS are you running currently? This can be found in Settings &gt; General &gt; About."
1993564,@115858 u better fix my i’s,"@589988 Tell us what you experienced, and on which devices, in DM and we'll be happy to work with you to figure it out. https://t.co/GDrqU22YpT"
1420649,"@AppleSupport It's an iPhone 6, 64gb in case that makes any difference.",@450270 Let’s team up in DM and we’ll do our best to assist you. https://t.co/GDrqU22YpT
1936721,@AppleSupport 11.03,@576182 Let's look into this a little further. Please send us a DM and we will go from there. https://t.co/GDrqU22YpT
1132180,@115858 please fix my phone. This update has it slower than internet explorer in 2002. It took me two full minutes to tweet this.,@386790 That's not the type of experience that we'd like for you to have with your phone. Join us in DM here: https://t.co/GDrqU22YpT
2953805,@115858 how do I unlock my phone if I accident razored off part of my fingerprint. Asking for a friend.,"@624884 We can help with that. If you're unable to unlock your iPhone using Touch ID, you can use the passcode that was set up as a backup: https://t.co/AsMLCsnb6S"
2709163,@AppleSupport got this “location arrow” all the time during roaming in Europe. Is it a new indicator for roaming? https://t.co/rWeWxvCO0T,@760775 The arrow represents Location Services is enabled. You can get more details about that indicator here: https://t.co/eREPsgOnbf
768282,@303490 @115858 @115858 really did do some dumb things with this last update. Took many great features and ruined them.,"@303489 If you're experiencing issues with your device, we'd love to help. DM us &amp; tell us more about what's going on. https://t.co/GDrqU22YpT"
2145657,@AppleSupport My phone just constantly resets itself. No certain apps. It ends up just coming back up with the Apple logo and coming back on.,@630778 Do you have a recent backup in iCloud or iTunes of the device?  Let us know in Direct Message and we'll continue there. https://t.co/GDrqU22YpT
2015954,"@115858 sometimes when sending messages, I️ is changed to some funky format after the update. My friends too. Stop please.",@596142 Thanks for reaching out. We have a workaround for this here: https://t.co/xXaXeeSRt9 DM us if you still need help. https://t.co/GDrqU22YpT
517140,@AppleSupport Have an iphone 6 on ios 11.1.2 and it keeps restarting with the spinning wheel every minute or so (timed it and it happens around 55-57 secs). Started today December 2 when I woke up.,@239234 Thanks for reaching out! We would be glad to look into this issue with you. DM us and let us know more about the issues you are having. We can look more into this issue from there. https://t.co/GDrqU22YpT
2294629,"@AppleSupport Apps freeze at the splash screen and crash after ~10 seconds. Reboot doesn’t fix anything, but usually it calms down after a bit and I can use the phone normally. It’s happened twice today.",@666305 Which iOS version is currently installed? Does it happen while charging or performing any other functions like downloading or streaming?
373372,@AppleSupport Cannot open any app downloaded from the App Store. Just sent a DM,@204476 Thanks for reaching out. We're here to help. We got your DM and will continue there.
1899440,@AppleSupport Help! Most of my cards are not available for pay on the Apple Store app (“rejected by the app”). What’s wrong? https://t.co/Brtn07HG3J,@566091 We want to work with you to get this resolved. DM us using the link below and include your iOS version. We're glad to help. https://t.co/GDrqU2kzhr
2029109,iPhone 6s. Verizon. @AppleSupport let’s fix this.,@547620 We’re happy to help. How long ago did you update? Are there any updates available in the App Store? Let us know via a DM. https://t.co/GDrqU22YpT
1456584,@AppleSupport Can I rename this workout now it has auto saved?,@458073 We're happy to talk with you about this. Workouts cannot be re-categorized once saved. Has this happened before?
1579763,"@115858 I Need To Cancel An Existing Order. App Will Not Let Me. Website Will Not Let Me, &amp; When I Call I’m Told You Can’t Take My Call! WHY?",@486430 We'd like to see what we can do to help on this. Please join us in DM. https://t.co/GDrqU22YpT
1347765,@AppleSupport no update. not getting this message every time i text. just twice this morning. two different contacts.,@434290 Let us know in DM if the device has been restarted since this started this morning. https://t.co/GDrqU22YpT
1340758,@AppleSupport iPhone 6s and using the latest iOS. Been having this issue ever since I upgraded to iOS 11. Have to charge my phone multiple times a day,@432717 OK.  Let's continue the conversation in DM. https://t.co/GDrqU22YpT
1304276,i knew updating to iOS 11 was a trap. now i just don't have a phone anymore thanks @AppleSupport https://t.co/o6Aa5fwV1x,@424778 We want to help. Have you seen the steps here? https://t.co/VtLfFWoKGX
1576476,@AppleSupport why is the iPhone changing “I️” to this weird stuff https://t.co/uEKoiESMvE,@485692 Here's a resource to help. If you type the letter “i” &amp; it autocorrects to an “A” with a symbol: https://t.co/xXaXeeSRt9
430747,"why since this morning has my phone been freezing badly, lagging and freaking out when I open apps?? @AppleSupport I’ve reset it 4 times 🙂",@217430 We'd be happy to look into this with you. Can you tell us which iPhone and version of iOS you're using?
40480,"@AppleSupport IOS 11.1, And just my social media apps,",@124878 Thanks. We received your DMs and will continue with you there. https://t.co/GDrqU22YpT
1586869,WTF IS THIS @AppleSupport @115858 @118721 I DIDNT MAKE A PURCHASE AND IM FROM THE PHILIPPINES WTF IM CONFUSED https://t.co/8j1vSprFQj,@488171 We can assist you. We recommend reaching out to our iTunes Store team for support:  https://t.co/SDIe7UiyJN
2526306,Hey @115858 I don’t think you fixed the glitch.,@719332 We'd like to help. Could you please send us a DM with what issue you're having so we can take a look? https://t.co/GDrqU22YpT
338178,"@AppleSupport I'll give it a try, thanks",@196719 We look forward to hearing from you.
2508200,@715064 @715065 @115858 ITS SO ANNOYING MY PHONE WILL NOT STOP GLITCHING I can’t get any notifications,@715063 We can help out. Could you Direct Message us what iOS version you're on?
388038,In 3.5 hours down from 85% to 31%. #disastrous help help help @AppleSupport,"@207837 Battery life is important, and we're here for you. To get started, send us a DM. We'll meet you there. https://t.co/GDrqU22YpT"
938083,Yo @AppleSupport any idea why my @115948 isn’t working?! Like at all.,@342359 We are here to help. Is this issue happening on Wi-Fi as well as cellular data?
1659225,So my phone blew up on the charger...what happens now @115858,@506232 Let's look into that. Send us a DM and we'll go from there. https://t.co/GDrqU22YpT
563083,@AppleSupport I sent you a dm,"@222739 If you're in the US, those features will require iOS 11.2 and will begin rolling out early next week. Let us know if you have other questions."
1537702,@AppleSupport Thanks! Running 11.0.3,"@264627 Since noticing this, have you had a chance to restart your device? It may seem like a simple step, but can resolve many issues."
1802523,@AppleSupport don’t know whats wrong with this new 11 ios. battery drain so fast. fix this issues please 😖🙏🏻,"@541618 We're happy to help. DM us the iOS 11 version installed and any troubleshooting you've tried, to get started. https://t.co/GDrqU22YpT"
2371206,Bro my fuckin screen keep rotating and the lock on! 🖕🏾@115858 I’m bouta get da galaxy,@684205 We'd like to help. Which device are you using and what version of iOS is installed?
2442824,WHY IS MY PHONE CONSTANTLY CRASHING? get your shit together @115858,@700497 We'll be happy to help out and take a look into why this is happening. Please DM us which iOS version you have in Settings &gt; General &gt; About and we'll look further into this with you there. https://t.co/GDrqU22YpT
1425161,@AppleSupport Music problem hasn’t been fixed. What do you suggest?,@451103 Let's meet in DM and we'll continue to look into this. https://t.co/GDrqU22YpT
2054524,"@AppleSupport Oh that’s a new one! Purchase &amp; download an iTunes album on the iPhone, ends up in incorrect order in Music app! #iOS11sucks","@607633 Hey, if the songs are in the wrong order, we can take a look to see what's going on. DM us and we'll work together from there. https://t.co/GDrqU22YpT"
2894736,@AppleSupport Can y’all hurry up &amp; fix this blank box for the I? Shit annoying at this point.,@802219 There's an update out now that fixes this issue. Make sure you have a recent update and update to 11.1.2
1559368,@AppleSupport Is it normal that movies I've purchased in the past are missing from my purchases now? At least 4 movies are missing.,"@481890 Hello. We'd be happy to look into this. Send us a DM, and we'll help from there. https://t.co/GDrqU2kzhr"
1455392,@AppleSupport my city error actually Afyonkarahisar be  😡😡😡 https://t.co/7VANwt56Nq,"@457799 Hello. Please follow this link and scroll to ""If you need to report an issue in Maps"" to report this: https://t.co/jiMIBQw7go"
627959,@AppleSupport Alrdy tried all the instructions. Screen only showed this despite the other device being available. https://t.co/VhQPEM3TZu,"@268730 When you tap on where it shows AirDrop at the top, what shows there? Do you see any other devices after doing that? Let us know in DM and we'll go from there. https://t.co/GDrqU22YpT"
2284306,@115858  FIX THIS I️ bullshit,@663819 We'd be happy help. Send us a DM and tell us what's going on and which device it's happening on. https://t.co/GDrqU22YpT
2706863,"Hello @115858, my iPhone 7 fell into the pool, stayed for 30 seconds inside, and when it came back, it was no longer working.",@760188 We're here to help and would like to look into support options with you. Send us a DM including the country you're located in. We'll continue there. https://t.co/GDrqU22YpT
2117269,Okay @115858... me even did the thing in my settings. Me very upset.,@527709 We'd be happy to continue looking into this with you.  Please reach out to us via DM and we'll get started. https://t.co/GDrqU22YpT
2616597,"Exchange Signatures are sending as .htm files in #AppleMail 
How can i change that ? @AppleSupport",@192457 Let's look into this further. Is this occuring on a Mac or iOS device? Reply in a DM and we'll go from there. https://t.co/GDrqU22YpT
1650072,Wtf @115858  I️ don’t like this new update!,@504003 We want to address your concerns. Tell us what issues you're experiencing via DM. We'll meet you there. https://t.co/GDrqU22YpT
2015900,"@AppleSupport Look man, y’all gonna fix this I️ &lt; or not?? It’s messing me up",@596123 Thanks for reaching out. We have a workaround for this here: https://t.co/xXaXeeSRt9 DM us if you still need help. https://t.co/GDrqU22YpT
2893372,"I’ve seen this warning when I try to access other blogs, someone got it going to mine. I can see the post no problem. What does this mean? #safari @AppleSupport https://t.co/VP7tOjEjsg",@208399 Let's take a look at this for you. Does this happen with multiple websites? Have you tried restarting your device to see if the issue continues when accessing the website? Which iOS version are you using in Settings &gt; General &gt; About?
1142074,@AppleSupport Please read this. Can you help? https://t.co/ggZFHBWN2P,@388822 We would be glad to help with this. Reach out to us in DM. https://t.co/GDrqU22YpT
818902,@AppleSupport Even now I have it plugged in and the battery keeps draining,@315077 That's certainly unusual! Have you tried a different cable/charger? Are you using the charger that came with the device?
1648995,What the fuck is going on ? @AppleSupport @115858,@503722 Thanks for reaching out. Give this workaround a try and let us know if it helps: https://t.co/qODbOsp4wz
2906757,"@796897  We kept an old iPhone to use for photos and like an iPod. Been using for 6 months now. It just restarted and now screen is white and says ""SIM Card not detected"" and we cannot access the pictures. Please help!  How can we access the pics? @AppleSupport",@728725 We'll do all we can to assist here. Try putting the SIM from another iPhone into it just to get past that screen and then take it out. Any change?
2138835,@AppleSupport I've tried everything I can to update my phone but it still won't work..... What shall I do?,@629058 We can help. Are you updating using iTunes on a computer or WiFi on your iPhone? DM us if you get an error message. https://t.co/GDrqU22YpT
2241162,@AppleSupport And no I’m not going to google.,@653428 Can you please confirm what version of iOS you are running?
2261447,My iPhone X doesn’t work in the cold... @115858 fix it !!,"@313625 Hello. We understand how environmental conditions can cause some concerns. Check out the following link for optimal temperatures the iPhone will operate at, and let us know if this helps. https://t.co/8q3hkGr1Gp"
825135,@AppleSupport do you have to have Mac OS to operate Final Cut Pro X or Logic Pro X or can it operate on windows 10,@316516 Thanks for reaching out. The applications you mentioned are for macOS only.
1218371,I hate my iPhone 8. Better yet the iOS 11. It’s always crashing @115858 @ATT should’ve gotten a 7 plus. I doubt the X wouldve been any better,@405868 We'd be happy to look into any issues you're experiencing. Send us a DM and we'll continue from there. https://t.co/GDrqU22YpT
1717278,I was going to get a new iPhone 6S when it came to renewing contract but battery drain of iOS 11 has stopped that. Well done @AppleSupport,@285464 We'd like to look into this with you. Send us a DM by clicking on the link below. We'll continue there. https://t.co/GDrqU22YpT
2020811,Why does iPhone keep changing my i’s to a funny A and weird symbol? Apple help. @AppleSupport,@597629 Thanks for reaching out. We have a workaround for this here: https://t.co/xXaXeeSRt9 DM us if you still need help. https://t.co/GDrqU22YpT
817075,@115858 y’all have turned my phone into an android with this update. Apps freezing. Phone freezing. Unresponsive. “Force closes”,@314600 We'd like to hear more about this. Does your iPhone freeze when you're using any apps in particular?
401697,@AppleSupport can you help?,@210991 We'd be happy to help. DM us details of the issue on when it restarts and we'll continue support with you there. https://t.co/GDrqU22YpT
2289043,@AppleSupport i noticed that my iphone memory is almost full because it’s been saving a misterious system data. Can I delete this somehow? I need more memory https://t.co/vlXNis508z,@665016 We're more than happy to look at your iPhone storage with you. DM us which iPhone model you've got: https://t.co/GDrqU22YpT
1991428,@AppleSupport um why can’t my phone display the letter “I️” ? https://t.co/4TK2FoMfSD,@588909 We're here to help. DM us which type of iPhone and version of iOS you're using in Settings&gt;General&gt;About to get started: https://t.co/GDrqU22YpT
1373278,"@AppleSupport Since watchOS 4, my series 1 Apple Watch is barely lasting in battery life for a day. Was better in earlier versions - Help? 🤔",@439618 We're here to help. Try out the tips found here: https://t.co/bivpdfBNJ6 Let us know if this helps.
935903,@115858 @AppleSupport @116333 Seems like your lying. Doesn’t look like my 6s gets what it’s supposed to.  #AppleExposed? https://t.co/Ah5T791QR0,@125293 We want to look into your battery life. DM us and we'll go from there. https://t.co/GDrqU22YpT
919181,"@AppleSupport Since I updated to iOS 11.0.3, my battery is draining super fast on my iPhone 7. Gone from 100% to 43% in 3 hours!",@338204 Battery life is important. Share with us in DM when you updated to iOS 11.0.3 to look into this. https://t.co/GDrqU22YpT
2145685,"@AppleSupport I️ did I️t, it doesn’t work.",@630787 Let's take a look at this further. Send a DM with your iPhone model and iOS version to get started. https://t.co/GDrqU22YpT
2078663,"@115858 thanks for the awesome new iOS update, now my battery life sucks, and so does my service.",@488465 We'd like to look into this with you. Send us a DM letting us know which iPhone you're using and we'll work from there: https://t.co/GDrqU22YpT
2006743,Updated my phone and I’m still seeing question mark boxes...need answers like now. @115858,@593406 We have an article with a few steps that you can take to help with that: https://t.co/xU1AGHStV6 DM us back any questions. https://t.co/GDrqU22YpT
2110948,THIS HAS BEEN HAPPENING FOR MONTHS AND IDK WHY @AppleSupport I DIDNT APPROVE THIS https://t.co/uEfMtLSKrL,"@128149 Thanks for reaching out, we'd like to help you get to the bottom of this. If you've seen this multiple times for months, it sounds like a subscription. Please use our article https://t.co/YKDbvueXrq to review any active subscriptions and cancel if appropriate."
2043986,@AppleSupport this new update is bullshit!!! Thanks for fucking up my phone! AGAIN!!!,"@604462 That's not the experience we want for you, and we're here to help. Send us a DM, and we'll meet you there. https://t.co/GDrqU22YpT"
559213,"@AppleSupport Not purchased music, which always comes with the artwork, but when I add my own CDs to iTunes, it very rarely finds the right artwork. This has got much worse: it used to be quite good at finding artwork. It's got worse with every update.",@250687 Thank for clarifying. Were you able to follow the steps outlined in our support article here to see you still experience this behavior? https://t.co/FzX9VwuVwL
242618,@AppleSupport It connects and when I try to load Facebook or Instagram it says “can not refresh feed check connection” on the app.,"@173634 Has the device been restarted since it happened? If not, let's do that using these steps, DM us results: https://t.co/OWRDHWSt4h https://t.co/GDrqU22YpT"
1952439,@AppleSupport it’s the reminders app and i’m using the iphone 6s on ios 11.0.3,"@579762 Are your Reminder entries also listed in your Calendar app? If you tap one of the notifications, where does it take you?"
2293073,"@115858 can yo fix the text bug already, and what’s up with the new battery drain on the iPhone7 after the last update.",@665903 We want to help. Meet us in DM. https://t.co/GDrqU22YpT
491502,"@115858 I need to speak to a live AGENT yet your system doesn’t understand that. I’m honestly trying to contain my anger but this is ridiculous, it’s almost impossible and IT’S every time I call. I actually had enough, your company wants people to just give up without getting help",@232108 Thanks for reaching out. We'de be happy to get you in contact with an Advisor. First can you provide us the reason for your call in DM here: https://t.co/GDrqU22YpT
1174812,@AppleSupport battery drains in several hours and performance is slower with 11.0.3 upgrade on iPhone6 and 6s.,@396330 Thanks for reaching out. DM the country or region where you are currently located to get started. https://t.co/GDrqU2kzhr
1659139,@AppleSupport Thank you. I will let you know if it works. I hope it does!,@506201 You are welcome! Please keep us in the loop.
514821,"@AppleSupport There's this bug I've been constantly having and like.. the sound stops working for every app I have except for the following which I know of that the sound works on: YouTube, Facebook, Instagram. Can you take a look at that? Thanks",@238550 We want to help. Which iPhone model do you own?
2420103,"@AppleSupport my iPhone won't stop stating an old Apple ID when I try to update apps, despite the phone being logged into my new one everywhere",@539142 We have a dedicated Apple ID team who can look into this with you. You reach out to them by first creating a support case on our website here: https://t.co/UJm15vmMM2 DM us if you have any questions. https://t.co/GDrqU22YpT
1585349,This error has been driving me crazy since the morning .. I’m updated to 11.2 @AppleSupport https://t.co/2TLpctnTSa,@487785 We'd love to help. Reach us via DM to continue. https://t.co/GDrqU22YpT
1919681,"@AppleSupport Thank you apple for updating my 6S. It’s slow as S**T now. Is there anyway to go back to ios10?
#ios",@571524  Let's take a look into this with you. Send us a DM with more information about what you're experiencing: https://t.co/GDrqU22YpT
1352255,@AppleSupport 6Splus 64gig ios11.03 apps take forever to load; battery sucked 2x as fast as as v.10 generally stuttering and slow responsiveness.,@395230 Let's look into that. Send us a direct message and we'll go from there. https://t.co/GDrqU22YpT
2288628,@115858 still ain’t fixed this whole i situation,"@475490 We've recently released an update for iOS devices, 11.1.1, that contains an auto-correct resolution. Let’s be sure to back up your device prior to updating &amp; let us know in DM if things persist. How to back up: https://t.co/4f8hwT5to6 https://t.co/GDrqU22YpT"
1698434,@115858 when is the update coming because I’m tired of that box with the question mark in it 😒,@515131 Here’s what you can do to work around the issue until it’s fixed in a future software update: https://t.co/xXaXeeSRt9
2450939,@AppleSupport This was very helpful! Thank you!,@702385 You're very welcome!
517195,@AppleSupport Can you check my iphone 6 battery health?,"@239244 Thanks for reaching out. We've received your DM, and will continue there. Look out for a reply shortly."
1703083,"My music stops playing whenever I get a notification or open an app, how lovely @115858 FIX THIS SHIT (please)",@516307 Let's investigate this together so you can listen to music without interruption. What app are you playing music from?
2004108,What the hell is going on with #Apple products today? My brother is having issues with his iphone &amp; my ipod has gone to hell...@AppleSupport,@179132 We'd like to look into the issues you're having and help today. What's going on with your iPod? Feel free to meet us in DM. https://t.co/GDrqU22YpT
1626283,"Woke up this am, reached in my nightstand and my #Macair apparently exploded over night?! Should I worry about my other @115858 products? https://t.co/bF5F8zrRhp",@497991 Thanks for reaching out. Let's take a closer look at this together. Send us a DM and we'll go from there. https://t.co/GDrqU22YpT
312596,@AppleSupport ios 11 is wretched. Glitchy and full of bugs. What an epic fail folks,@190654 We'd like to help. Please DM us more details and we'll go from there. https://t.co/GDrqU22YpT
1541986,"@AppleSupport Same cable plugged to wall outlet is fine. When MBPro is awake, fine. Won’t charge more than 1 min when MBPro is asleep.",@477770 We want to take a closer look. Let's meet in DM to explore this further. Thanks. https://t.co/GDrqU22YpT
644107,@AppleSupport How to forcibly switch to 2G /3G /4G on Apple 7 + ?,@272890 Good question. Manage your cellular data options under Settings &gt; Cellular &gt; Cellular data options. May vary based on carrier.
556093,@AppleSupport where’s the #ApplePayCash at? Updated to 11.2 and it’s nowhere to be found.,"@249904 If you're in the US, those features will require iOS 11.2 and will begin rolling out early next week."
481744,"@AppleSupport The battery can go from 60% - 10% in 5 mins, the phone freeze’s then shuts down. My apps don’t work all he time, I still have 6 months left to pay before an upgrade. Thanks so much",@229505 No worries. We're to help. Are you on the latest iOS 11.1.2? Let us know in a DM and we'll go from there. https://t.co/GDrqU22YpT
1715629,ALSO funny how my phone stops working right when my two year contract is up. Never fails @115858,"@519476 We want to help you. DM us, and tell us what's going on. We'll look into this. https://t.co/GDrqU22YpT"
673572,"@115858 You Should learn from @122986, what innovation is !!!
@AppleSupport My iPhone is frequently crashing after iOS 11.0.2 m",@280654 We're here to help. Can you explain what you mean by crashing? Is this happening with specific apps? Let us know in DM. https://t.co/GDrqU22YpT
1740860,@115858 girl what’s wrong with the letter “I️”,@525232 Here’s what you can do to work around the issue until it’s fixed in a future software update: https://t.co/xXaXeeSRt9
1931584,@115858 ur IOS 11 screwed up my phone big time... pls fix this,@574805 We're happy to help with your iPhone. DM us details of the issue you're experiencing &amp; the iOS 11 version installed. https://t.co/GDrqU22YpT
416763,"@AppleSupport Right, so after doing the latest update to iOS 11 on my 6sm when I charge via USB to comp, it charges down, not up. Discuss.","@214425 We want to make sure your iPhone charges. Try the steps in our article, and DM us the results: https://t.co/uqxquyfdn0 https://t.co/GDrqU22YpT"
2981820,@AppleSupport @115948 my Apple Music won’t load. It keeps glitching and I can’t click on it without it blacking out. It’s been doing this for 4 days now.,"@822415 Hi there. We want you to be able to enjoy Apple Music. You're in the right place for help. Which device are you having issues with? Also, tell us the OS version you're running on the device. Let us know in DM. https://t.co/GDrqU22YpT"
1769348,@AppleSupport how am I supposed to go to the gym when none of my music apps are working :-) fix yo self,"@531959 Let's look at this together. Which apps, iPhone and software version are you using?"
1691672,@AppleSupport Pathetic ! Need  solutions asap,@513500 We want to help. How are you turning off Wi-Fi? Check out this article for some assistance: https://t.co/JxDWijvIa0
2151210,Good to see @AppleSupport really on their A-Game today by refusing basic Australian Consumer Law entitlements.,@632207 Thanks for reaching out. Let's take a look at this in DM. https://t.co/GDrqU22YpT
1648362,@115858 FUCKING FIX THE LETTER “I️” ON MY FUCKING IPHONE.,@503569 Here’s what you can do to work around the issue until it’s fixed in a future software update: https://t.co/xXaXeeSRt9
2037388,"Yo .@AppleSupport , these iOS11 misspellings out of nowhere are embarrassing and frustrating. Give us an update 🙄 #ios11 #halp","@602408 Thanks for reaching out to us. Please send us a DM with more details, and we'll take a look into this. https://t.co/GDrqU22YpT"
2270006,"@AppleSupport hola buen dia,necesito ayuda por problemas con cuenta app",@660535 We offer support via Twitter in English. Get help in Spanish here: https://t.co/IBIY3vMgPj or join https://t.co/OczyRx7IOs
991778,"I shouldn’t be paying all this money every month, for my phone to glitch the way it does @115858 @AppleSupport","@354925 We're here for you. Send us a DM, and we'll take a look at your iPhone together. https://t.co/GDrqU22YpT"
1650211,@AppleSupport hey... fix the “A and the boxed question mark” thing. Plz.,@504055 Here’s what you can do to work around the issue until it’s fixed in a future software update: https://t.co/xXaXeeSRt9
2852325,I am so freaking SICK AND TIRED of charging my phone 3-5 times a day just to USE IT. It was 100% PERFECTLY FINE BEFORE THE iOS update. DONE WITH YOU @115858 you make me want to switch to Samsung!,@793024 We're here to assist you with this issue.  Please reach out to us via DM and we'll get started. https://t.co/GDrqU22YpT
255536,Hey @AppleSupport love when my battery goes down fast  https://t.co/G5GU13V680,@158590 We're happy to assist. Shoot us a DM and we'll work with you on this more closely. https://t.co/GDrqU22YpT
96937,"@AppleSupport 
Hello, 
my iphone 5C less than two years old explosed in the classoom, what triggered the fire alarm.
what do you propose? https://t.co/2qqPtOZLWe","@137158 This definitely isn't expected, and we want to help. Send us a DM with your country/location, and we'll continue there: https://t.co/GDrqU22YpT"
1986561,Ugh this iPhone update is the worst. Practically putting my finger through the phone so it could function! @115858 @AppleSupport,@588047 Let's see what we can do to help. Could you let us know which iPhone you carry and which version of iOS 11 you have installed?
1443354,SCREW YOU @115858 FOR MAKING MY APPS ALL GLITCHY SO THAT I BUY THE NEW IPHONE. GUESS WHAT I'M GOING BACK TO DROID.,@454893 We'd love to look into this with you. Send us a DM by clicking the link below. We'll continue there. https://t.co/GDrqU22YpT
2408507,@115858 @AppleSupport saying “I️ “sucks and it is a glitch I️ in the software.,"@614407 We recently released an iOS update, 11.1.1, that contains a fix for autocorrect issues. Let’s be sure to back up your device prior to updating. How to back up: https://t.co/4f8hwT5to6"
589487,@259374 @259375 @AppleSupport I’m having the same problem!  Very frustrating,@259373 We’d love to learn more about what’s happening with your iPhone to see how we can help. Reach us in DM with the installed iOS version to get started. https://t.co/GDrqU22YpT
2817193,My phone just died on 26%... explain @AppleSupport,"@785331 We want to help you get the most from your iPhone. Send us a DM and tell us which device you have, we'll help. https://t.co/GDrqU22YpT"
1898690,So I did that stupid ios11.0.3 update @115858 now my phones goes from 100% to 89% all in ONE minute. Then charges super fast.. so annoying,"@565858 We want you to be able to rely on your battery. Please send us a DM, and we'll be happy to investigate this with you. https://t.co/GDrqU22YpT"
2894700,"@AppleSupport Latest ios 11.1.2
More than 10 days and some issues from beginning like screen freezing sometimes",@569775 Thanks!  Does it help to restart your iPhone?
2665358,@AppleSupport so I got got a message saying that my time zone info got updated so I did but now what is this?? https://t.co/N7X8v3tA1V,"@750961 Thanks for reaching out. Was the message right on your iPhone or through an app like Mail or Messages? DM us, we'd like to help. https://t.co/GDrqU22YpT"
301116,@AppleSupport I’ve noticed on an iPhone 6S Plus that the camera is blacked out since iOS11 and iMessages are slow — does new update fix it?,@187818 We've received your DM to us as well. We will reply to you in there and help you with each issue mentioned.
2281746,@663238 @AppleSupport It’s actually my MacBook Pro that I manage my iTunes library with. The files are on an external drive.,"@663237 Let's look into this together. To get started, how long have you been experiencing this issue? Also, which iTunes version is installed?"
101287,@AppleSupport My iPhone X makes a clicking sound from the screen if you press on the bottom left corner of the screen,"@138171 Hey, we can look into some options for your iPhone X. We know it's not ideal to hear unexpected sounds comings from your device. DM us the country you're located in and we'll go from there. https://t.co/GDrqU22YpT"
2847491,@115858 my device is becoming slow day by day !! What’s the issue with iOS 11 ? Will it be better in the coming days ? So many bugs just makes me go crazy ! Hope I get to see the bug less iOS 11 !!🙂 @AppleSupport,"@791929 We can get to the bottom of this together. To begin, can you tell us what iPhone model and iOS version you're using? Also, is this happening with particular apps or is it more widespread?"
1808614,"@AppleSupport Hi. I just lost all of my photos saved on my phone. I didn’t do anything. When I opened the Photos app, it crashed then gone",@543356 Certainly not the behavior we want you to receive. We want to help. Could you DM us which iPhone and iOS version you're using? https://t.co/GDrqU22YpT
1984548,"@115858 your update just got my iPhone súper slow!!! And the battery runs out ultra fast, seriously you need to do something ASAP or android","@587436 We'd like to help. Please send us a DM with your current iOS version, and we'll get started. https://t.co/ZTw54HL4Rm https://t.co/GDrqU22YpT"
1469206,@AppleSupport why am I still seeing boxes after the update ?,@461020 We're here to help. DM us and explain what boxes you are referring to. Which device are you using also? https://t.co/GDrqU22YpT
820170,Aye bro @115858 y’all got me fucked up only sending me one AirPod,@315374 Let's help take a closer look into this. Please DM us and we can pick up from there. https://t.co/GDrqU22YpT
874812,"@AppleSupport any chance y’all can help me figure out why my iPhone 7 won’t connect to cell service?  Did full reset,back to failure in 2hrs",@327693 We've got some steps for you to take: https://t.co/5KootZbxj1
2062306,@115858 @AppleSupport @116333 iOS 11.0.2 doesn't fix anything. Battery life is still bad and my phone has slowed down quite a bit.,@229934 We can help with battery life. Could you Direct Message us and let us know what country you're located in? https://t.co/GDrqU22YpT
368781,@115858 your update killed my phone,@203367 What seems to be going on? We want to help.
2255279,30 minutes later.... still no @118062 #reputation What's the point of #presale ??? @118721 @115858 @115948 #FAIL https://t.co/z0jBGkF5rd,@656889 We want you to be able to enjoy Taylor's new album. Was it still showing as downloading for you?
1485770,Porque en mi iWatch aparecen esos emojis y en mi cel no ?@AppleSupport https://t.co/O8gqNz4YUU,@465031 We offer support via Twitter in English. Get help in Spanish here: https://t.co/IBIY3vMgPj or join https://t.co/OczyRx7IOs
1897882,So disappointed with @115858 My phone dies in less than an hour thanks to that last update. My phone never had a problem before that.,@565642 We understand how important the battery life is for our phones. DM us which iPhone and we'll look into this together. https://t.co/GDrqU22YpT
2014901,@115858 @AppleSupport GIVE ME BACK MY iiiiiiiiiiiiii,"@595802 Thanks for reaching out. We have a workaround for this here: https://t.co/xXaXeeSRt9 

DM us if you still need help. https://t.co/GDrqU22YpT"
2906793,"I signed up for and subsequently deleted Beta profile, but ever since I keep seeing this prompt constantly. I’m on 11.2 and there isn’t any update available. How do I fix this @AppleSupport ? https://t.co/vhHHHnQVoT",@804903 We'd be happy to look into this. Let's work together in DM here: https://t.co/GDrqU22YpT
1286477,"@AppleSupport It is not, and it started when ios11 came out.",@420894 Let's meet in DM to investigate. https://t.co/GDrqU22YpT
2309424,@115858 that stupid update about the error on pictures and blurring them out is annoying asf is there any way I can take them out !!! Becoming really upset,@669827 We know managing your pictures is an important part of using your Apple products. Can you send us a DM and tell us which device you're using? We want help you. https://t.co/GDrqU22YpT
17307,"in a matter of 4 hours i had to make 3 hard resets on my phone, i just made 2 hard resets on this phone’s life before iOS 11. fix this @115858 @AppleSupport",@119816 Certainly not what we want you to experience. We'd love to look into this with you and help resolve ensure your iPhone is working 100% as expected. Please DM us and let us know which iPhone and the exact version of iOS you're using. https://t.co/GDrqU22YpT
641983,@AppleSupport I was checking out and the next day shipping switched from the 24th to the 27th on me. That's too long to wait. Can you help? #2017mbp,"@272354 Our colleagues who work in online sales support would be to whom to speak. We've included the link to the team in the United States. Let us know if you are located elsewhere, and we’ll get you that information. 
https://t.co/RmFSlCBcIE"
240114,"@115858 after iOS 11 and the patch update, this is what my lock screen and notification menu (when I slide down) looks like..explain please.. https://t.co/uFLIR8w8YA",@173034 Let's get your Lock screen back. Have you restarted since updating? Which iOS patch update?
1631270,These squares are blowing mines @115858 fix it,"@499246 Thanks for reaching out, we'd love to help. DM us more details about the trouble you are running into and we'll start. https://t.co/GDrqU22YpT"
295929,Cometí el grave error de actualizar el software. Ahora todo es lento y la pila no dura nada. Gracias @115858 @AppleSupport #MyLastiPhone,@186474 We offer support via Twitter in English. Get help in Spanish here: https://t.co/IBIY3vMgPj or join https://t.co/OczyRx7IOs
1342705,@433152 Non 👎 🙅‍♂️ depuis IOS 11 mon iPhone 7plus arrête pas de bug de crash et il est lent @AppleSupport vous faire quoi 😶 pire mise à jour 🤮💀,@433151 We offer support via Twitter in English. Contact us for help in your preferred language here: https://t.co/IBIY3vMgPj
2949628,@AppleSupport more than 3 hours,@416260 It could take up to 24 hours to activate. We'd recommend waiting that long and let us know if it still isn't activated.
1220027,All my text messages got randomly deleted... wtf is going on @115858 ! 😡,@406235 We'd like to help! Send us a DM with the country that you are located in to continue. https://t.co/GDrqU22YpT
1538078,I'm literally about to throw my whole damn phone away like I can't keep deleting shit just to update my damn phone.. @115858 this is stupid 😒,@476815 We'd like to help. DM us what available storage amount you have and we'll help. https://t.co/GDrqU22YpT
2484231,.@AppleSupport where did my letter I️ go?? What is this A box symbol thing?,"@709696 We'd love to help. Can you tell us the version of iOS installed in Settings &gt; General &gt; About? That way, we can take a look at some options with you."
1366404,@AppleSupport is the App Store down? I can’t access from any of my devices.,@438085 We'd be happy to look into this with you. Have you tested on a different network?
1464383,@AppleSupport sharing to Messages sometimes quite laggy. Updated to iOS 11.1 and still experiencing lag before I can share. Other apps unaffected.,@459903 Let's take a closer look at this together. Reach out to us in a DM to get started. https://t.co/GDrqU22YpT
481786,I updated my MACBOOK Pro and now it won't open!!! 😫What the hell happened @115858?!?! It's not old enough to die on me yet!,@229514 Thanks for reaching out to us. We are always happy to help. Send us a DM so we can look into this with you. https://t.co/GDrqU22YpT
1558842,i am SO annoyed that my “i’s” keeps autocorrecting to I️???? @AppleSupport,@481755 We've received your DM and will continue to work with you there.
2960095,@AppleSupport I think it has happened without headphones but I’ve mainly noticed it when I use headphones and I’m using an iPhone,@816967 Are you using any sort of case with the iPhone? We ask as we want to make sure the volume down button is not getting pressed by accident. Let's dig into this further over DM. Please message us the exact iOS version running there: https://t.co/GDrqU22YpT
1709239,Just fully charged my iphone &amp; it reads 51% @115858 are terrible at declaring their true percentages #ParadisePapers,@517917 Having your iPhone's battery life indicate as accurately as possible is important. What iOS version is on the iPhone currently?
1949290,Why am I seeing this error @115858 ? I am trying to update my #iPhone 6S here https://t.co/TCyzs0FJtV,@579086 We’d like to help get the update completed. Let us know if the steps here help: https://t.co/Ui1yTnOCUz https://t.co/GDrqU22YpT
629723,@AppleSupport yeah. I️ want free apple care for the inconvenience or im returning the phone when I️ go to get it looked at @ 11:40,"@269182 Thanks for reaching out in DM. We've received your message, and are glad to help ensure your iPhone is working 100% as expected and discuss the matter further with you from there."
2403757,Why my iPhone 7+ sometimes blank or crashing on ios. 11 @AppleSupport,@691467 Thanks for reaching out to us. We are always happy to help. Send us a DM so we can look into this with you there. https://t.co/GDrqU22YpT
2136676,Welp I️ tried lmao @115858 fix this please,@628549 Here’s what you can do to work around the issue until it’s fixed in a future software update: https://t.co/xXaXeeSRt9
1527012,Hey @115858 can we fix this I️ thing?,@127769 We're here to help. Please DM us the version of iOS you're using and we can go from there. https://t.co/GDrqU22YpT
2093885,My fucking phone just died at 10% percent and it’s been freezing up ever since the iOS11.1. I hate @115858 but y’all still won’t catch me with an Android,@618690 Thanks for reaching out. Send us a DM using the link below. We'd like some additional details to help. https://t.co/GDrqU22YpT
518303,@239538 @AppleSupport Same with me. WTF!,@239805 We're here to help. DM us some additional details of what's going on and we'll help. https://t.co/GDrqU2kzhr
851250,@AppleSupport Home sharing now doesn’t work at all. Well done Apple.,@322219 We're here to help. Let's take this to DM so we can better assist you. https://t.co/GDrqU22YpT
2748386,@AppleSupport I have 11.0.2. I think I may but I tend to get my gifs from the internet,"@769545 Let's have you update fully, then see if this is resolved. Find how to update here:https://t.co/80YRnjDFDk"
2029123,Since the new iPhone dropped mine been running weird as shit thanks @115858,@600055 We'd like to look into the trouble you're having with your iPhone. DM us with which version of iOS you're updated to. https://t.co/GDrqU22YpT
2425888,Hey @115858 @AppleSupport Why does my letter I️ now appear in a cube with a ? inside of it?? Do you doubt that I️ know who I️ am as a person??? I️ I️ I️ I️ ???,"@696615 We'd love to help!  This issue should be resolved with the 11.1.1 update.  Is your device currently running that version?  If not, please try updating to that (make sure to back up first, just in case) and let us know if the behavior continues."
2205789,"Touch screen is not responding while trying to attend call by swiping. iPhone 6, iOS 11.0.3 @65702 @AppleSupport","@566225 Reach out to us via DM, then we can dig in to this further with you from there. https://t.co/GDrqU22YpT"
817872,"@115858 I upgraded to iOS 11 and now my devices are closing apps in the middle of usage.  WTH??
@AppleSupport",@314797 That's not expected behavior. Send us a DM with the country that you are located in to continue. https://t.co/GDrqU22YpT
2304567,@115858 when y’all fixing this shit with the “I” a nigga can’t even send out a good business message 😒😒,@176395 Thanks for reaching out! This issue has been fixed with the latest iOS 11.1.1 update. You can find out more information here: https://t.co/xXaXeeSRt9 Be sure to back up your iPhone before updating.
2185184,"@AppleSupport Yes, it’s the charger that came with my phone","@639974 And does it fail to be recognized when plugged into multiple sources like a wall outlet, USB port on a computer, etc?"
1002931,@AppleSupport check your dms,@357400 We received your DM and we'll continue from there.
1243384,@AppleSupport Pressssing things I can’t even respond to this bc it keeps opening ur god damn profile,@411694 We are happy to assist you here. Let's continue in DM. https://t.co/GDrqU22YpT
2589702,why does it seem like my camera quality is deteriorating? @AppleSupport,@733568 You've come to the right place. What are you seeing with the camera quality? Let us know to get started.
2633241,@115858 I lost all my music I was sharing on Apple Music. Any recommendations on fixing that? Had a bunch. Still paying. Want them back.,@743494 We'd be happy to assist today. So your music library just emptied itself? In Settings &gt; Music do you have the iCloud Music Library option turned on?
1677808,@115858 please fix the terrible update I️ have to restart my phone 10 times a day,@510325 What kind of issues are you having where you have to restart? We'd love to help out.
2962858,"@AppleSupport The past few days with my iPhone 6s, other people are having the exact same problem with their iPhone 6s too",@817558 What is your current iOS version? You can find it at Settings &gt; General &gt; About. Are you plugged into a wall outlet or a computer?
1015698,"YO @115858 —
Can you please update the new iOS so it stops just turning on my WiFi when I don’t want it on?

ty bb 😘😘",@360316 We may be able to clear this up for you. Here is some helpful information about Wi-Fi in iOS 11. https://t.co/G7BHuQnDS6
1882717,Terrible app launch time on my 6 plus...iOS 11 is the worst update ever installed on my iPhone ... slow and sluggish as hell.. @115858,@561849 We'd be happy to look into this with you more in detail.  Please reach out to us via DM and we'll get started. https://t.co/GDrqU22YpT
1533785,@115858 fix this stupid question mark,@475669 Let's look into this together. DM us which type of device you're using and we'll go from there: https://t.co/GDrqU22YpT
887183,"@AppleSupport Again, @AppleSupport @115858 is there a way one can go back to a working release of your iOS ? Namely 10.3.3 14G60 ?","@330650 We do not offer a way to downgrade software as updates contain necessary security updates. We're happy to troubleshoot, though."
2488744,Why is it so hard to get in contact with @AppleSupport I just want to drop this computer off! 😡 I don’t want a sit down appointment!,@710727 We'd like to see how we can help. Please DM us and we'll look into this with you there. https://t.co/GDrqU22YpT
2794382,@AppleSupport @436583 Same here on my iPad iOS 11 sucks every build of it. I so wish I could go back to 10.3.3,@144678 We'd be happy to help you with any issues you're having with your iPad. Tell us more about what you're experiencing.
2076388,"@115858 iOS11 broke my phone, it’s ok though, your customer service guy said it works fine on his phone 🙄 #helpful #bellend",@614098 Let's look into this together. What kind of issues have you noticed with your iPhone since updating to iOS 11? DM us here: https://t.co/GDrqU22YpT
177807,My sister was able to unlock my phone using Face ID.... I thought those odds were supposed to be like 1 in a million. Wtf @115858,"@157881 We’d like to learn more about this. Please DM us some details, including which exact version of iOS your using and we’ll take a look. https://t.co/GDrqU22YpT"
2849142,@AppleSupport Are you available after 8 pm? Or should I connect with you earlier,@792301 We're available every day from 5am to 8pm Pacific. Feel free to reach out to us when you have a moment.
156027,"@116333 phones charge port broke and now is making me miss an amazing job opportunity I could have had, thanks Apple",@151823 We'd like to help out with this. Send us a DM to get started: https://t.co/GDrqU22YpT
1751495,@AppleSupport It gets really hot even when I’m not on it. Also my FaceTime act dumb 🤦🏽‍♀️,@527722 Got it. Which iOS version is currently installed on your iPhone? You can find it in Settings &gt; General &gt; About.
2838661,@AppleSupport MacBook Air wireless goes up and down for no apparent reason.  Please fix this.,@790006 We'd like to look into this with you. Are you seeing this issue in multiple locations or just using one wireless access point?
1834637,"New #iPhone update has destroyed my ability to get voicemail, to even make calls. Can't you get it right @115858 @AppleSupport @2531","@550257 You need to be able to receive voicemail and make calls; we'll do all we can to help. To start, connect with us in DM: https://t.co/GDrqU22YpT"
795800,@AppleSupport Since I went in and selected “Bluetooth” the reminder hasn’t triggered again. Any clue why the time display disappears from lock screen?,"@309744 Let us know via DM which version of iOS 11 is installed on your device, then we can work together on resolving this. https://t.co/GDrqU22YpT"
2422517,@AppleSupport Using the instructions at https://t.co/oiirI0WMYJ I do not see a “Purchase History” button. How do I see my purchase history without using iTunes? I have tried signing out and back in already. https://t.co/TpGmEiXvtO,"@695785 Thanks for reaching out to us. We are always happy to help. To clarify, are you trying to download previous iTunes purchases, or just trying to see what you ordered?"
1643943,@115858 needs to get their shit together. every time i type the letter i️ it comes up an A with a box + question mark. piss off and me type what i️ want. shit is mad annoying,@502413 Here’s what you can do to work around the issue until it’s fixed in a future software update: https://t.co/xXaXeeSRt9
2332398,@AppleSupport  my iphone 7 plus restarted automatically several times. Today it happens in 10times pls help,@652849 We've got your back. How were you using your iPhone when this happened? Please reply in DM. https://t.co/GDrqU22YpT
1028543,@AppleSupport iphone 7,@363360 Thanks for clarifying. Let's meet up in DM and see what we can do. https://t.co/GDrqU22YpT
955064,This new @115858 #iphone software update is so annoying for  @4305 my notifications don’t appear unless I go into it! 😒,@346600 We're happy to assist. Which iOS 11 version are you currently running? Go to Settings &gt; General &gt; About for the version.
1738750,@AppleSupport My iPhone 7 is making a quiet ringing noise. I can hear it when I put the phone up to my ears. I haven’t had any other issues,@406104 We can assist you. We recommend restarting your device if you haven't done so. Let us know if the sound persists.
944332,"@AppleSupport i have problem with my icloud, i forget my old number, and i can't get my last back up, help me","@343912 Hey there. We've received your DM, and look forward to working together with you there. Be on the look out for our response."
1936053,@AppleSupport second time my earbuds broke https://t.co/z9sq2rfsqa,@576003 We’d love to chat with you. DM us what country you’re in so we can get you the best options. We’ll start there. https://t.co/GDrqU22YpT
2015949,@115858 fix this 🤢 https://t.co/6JHlM0uODC,@596140 Thanks for reaching out. We have a workaround for this here: https://t.co/xXaXeeSRt9 DM us if you still need help. https://t.co/GDrqU22YpT
1450148,"@AppleSupport hi, the volume down button on my iphone 7 is stuck and doesn’t work what should i do","@456505 Thanks for reaching out to us, we're here for you. Please follow the steps in this support article: https://t.co/45AlFnF6Ae"
2150253,to add to my whole day my effing “i” keeps on doing this I️ @AppleSupport,@623592 Here’s what you can do to work around the issue until it’s fixed in a future software update: https://t.co/uQeXsrrlXJ
2191181,@AppleSupport can you tell me where Facebook &amp; Twitter has gone in my settings 🤷🏻‍♀️ need to put password in for Facebook https://t.co/RSHqEexEgO,@599912 Let's work together in DM to investigate what's going on with your iPhone. https://t.co/GDrqU22YpT
1900145,@115858 hate that my flashlight doesn’t work under 20% and the new update is sucking the life out of my battery. Plz fix this!  #scaredtobuyX,@566254 We'd like to look into this. Do you use Low Power Mode? Does the flashlight work properly otherwise?
975106,@115858 #IOS11 = 👎🏼👎🏼 seriously. My phone never had this many issues before.,@351244 Tell us a bit about the issues you're experiencing in a DM. We'd like to know more to assist. https://t.co/GDrqU22YpT
2634973,Yo @115858 fix a nigga capital I bruh wtf is wrong wit y’all?,@743881 There's an update out now that fixes this issue. Make sure you have a recent backup and update to 11.1.2.
1898089,@513239 @AppleSupport Had full battery when I got to the airport at 10am. I’m now at 10% #ridiculous,"@373368 That doesn’t sound like normal behavior. We’d like to look into this, please send us a DM. We'll assist you there: https://t.co/GDrqU22YpT"
2199212,@AppleSupport are you fixing the battery Issue for iOS?? I can’t keep charging my phone 3-4 times per day even on low power mode,@643229 We always want you to have your devices working as they should. Let's continue in DM. https://t.co/GDrqU22YpT
2278512,@AppleSupport others,@662502 Excellent. That just means they are still affected by the issue or haven't yet updated but your device should be fine. Let us know if you experience the issue yourself while typing and we can work more from there.
2739488,@AppleSupport I wont DM you and take the situation in private and not let the ppl know that the issue wasnt actually resolved. The support team asked me to go and buy a USB-C converter/cable and use it to solve the issue. Very practical of you @115858.,"@767534 We would be happy to continue working together, however, we'll need to do so in DM. Feel free to reach out to us at the link below, we're eager to hear from you. https://t.co/GDrqU22YpT"
2518207,@AppleSupport why can’t I use my Apple Watch without unlocking my iPhone. Apple Watch says Device Locked unlock iPhone to use Apple Watch.,"@717319 Thanks so much for reaching out to us today. We'd be happy to look into what's going on with your Apple Watch. To start, in the Apple Watch app on the paired iPhone, tap the My Watch tab, then tap Passcode &gt; do you have Unlock with iPhone enabled?"
1247843,Anyone else finds #iphone8plus is heating a lot after 10mins phone conversations @115858 @AppleSupport,@261970 We want to make sure your iPhone is running properly.  Please send us a DM so we can take a closer look. https://t.co/GDrqU22YpT
1522631,Yo why is my iPhone doing this I️? @AppleSupport,@473145 We'd like to help.  Which iOS version are you using?  Let's meet in DM to continue. https://t.co/GDrqU22YpT
747775,@AppleSupport Mac has been so much slower since upgrading to the new OS #HighSierra Really wish I hadn't bothered upgrading!!!,@298751 We're glad you contacted us about this. Are you using a specific app or feature when this occurs?
58826,@AppleSupport why can’t I️ say I️ when I️ text.,@129394 We've received your DM as well. We're on our way there to begin assisting. Please await our response. https://t.co/GDrqU22YpT
1974015,@115858 And...nothing. I’ve “Sent” and cancelled several times. I’ve waited a day to see if it appeared and tried to repost. Frustrating as fuck. 7/,@584602 Thank you for bringing this to our attention. Please send us a DM including which iOS version this is happening on. https://t.co/GDrqU22YpT
2436460,wanneer je net hebt gedoucht en/of iets hebt gevingerd herkent m'n vingerafdrukscannerding m'n vinger niet fix da ff @115858,@698998 We offer support via Twitter in English. Contact us for help in your preferred language here: https://t.co/IBIY3vMgPj
1183873,Hey @115858 mind fixing the glitch in everyone’s phone so i can actually use “i” without it using a bunch of symbols? Thanks,@398380 We would like to offer some guidance with this. Please review: https://t.co/xXaXeeSRt9 DM us if you have any questions. https://t.co/GDrqU22YpT
2009791,The new @115858 iOS update is killing my battery. I’ve never charged my phone this much.,"@594296 Hey there! We'd be happy to look into this with you. Shoot us a DM when you have a chance, and we'll take it from there. https://t.co/GDrqU22YpT"
145295,@AppleSupport Can a girl get a date? Been trying for 5 weeks (!) to get an appointment at #applestoreamsterdam 😡,"@148936 We'd like to see how we can help with this. Send us a DM with more information about what's going on, and we'll get started. https://t.co/GDrqU22YpT"
566793,@AppleSupport It worked thanks. https://t.co/5a0huOIyiV,@252886 Awesome! Let us know if you ever need support in the future.
1617191,@115858 @AppleSupport @115948 like??? what the heck. should i just cancel it orrr?,"@265887 We'd like to look into what's going on. To make sure we understand, is Apple Music just opening to a black screen?"
872498,@AppleSupport No. If it’s plugged in it’s because I’m home and connected to WiFi. But when I leave the house I turn it off and it comes back on constantly,@139842 Is the phone being kept in a pocket or other location?  Nothing pressing the buttons when this occurs?
720688,"@AppleSupport phone worked perfect b4 update, now freezes, bad battery, keyboard choppy, podcast freeze, um, ready to buy android. Help?",@292488 We can help. Please meet us in DM and provide us with your software version. Click here: https://t.co/GDrqU22YpT
2006916,@115858 please fix this 👉🏾 I️,@593458 We'd be happy to look at this with you. Check out our article here: https://t.co/xU1AGIa4ME DM us any other questions. https://t.co/GDrqU2kzhr
2961414,@AppleSupport Yeah that doesn’t help me any,"@817252 Thanks for checking out that article. Next, can you let us know which iOS version you're using. This can be found in Settings &gt; General &gt; About."
858408,@AppleSupport new iOS update made my phone extremely laggy!!!! Stop releasing faulty updates and get ur stuff together Apple! #frustrated,"@323838 We'd like to help. Can you tell us which iPhone you're using, and which version of iOS 11 you have installed?"
1393438,"@AppleSupport I know how to use it, the problem is that it toggles itself on and off even if I go into the settings and toggle it off.","@444069 Thank you for letting us know. Please send us a DM, so we can take a closer look. https://t.co/GDrqU22YpT"
1679251,@AppleSupport Yes this was issue in 11.0.2 and also 11.1 now. Mostly it occurs. Not able to even cut phone call .,@207297 We want to help! DM us and let us know more about the issues you are having. https://t.co/GDrqU22YpT
1434271,"@applesupport FIX iOS! iPhone 6:apps crashing, freezing, connections not working, total shut downs, battery sucking. UX suuuucks #900$phone!","@453008 We know how much we rely on our iPhone, and we'd love to help. Can you DM us the exact version of iOS you are running? https://t.co/GDrqU22YpT"
939151,@AppleSupport Just says message not delivered/failed to send,@342628 It could be a size issue. Does it happen with iPhone and non iPhone users?
961691,@AppleSupport 11.0.3 f’d my phone #FIXIT #morons #revert,"@550270 We'd like to see if we can help with your iPhone. Send us a DM with more information, and we'll go from there. https://t.co/GDrqU22YpT"
1131398,@AppleSupport I have an Apple/mac/iPhone so I don’t have to know stuff like that. It’s the calendar that appears on my phone. Would a screenshot help?,@386629 No worries. Let's move to DM so that we can take a closer look. https://t.co/GDrqU22YpT
1716659,@115858 I️ just updated. Why is “I️” still an issue. I️,@519840 Here’s what you can do to work around the issue until it’s fixed in a future software update: https://t.co/xXaXeeSRt9
1735921,@AppleSupport TELL ME WHY I️ TYPE THE LETTER I️ &amp; OT TURNS INTO I️,@524107 Here’s what you can do to work around the issue until it’s fixed in a future software update: https://t.co/xXaXeeSRt9
2112860,@115858 still ain’t fixed I️ yet huh? Yeah they trolling.,@585631  Here’s what you can do to work around the issue until it’s fixed in a future software update: https://t.co/xXaXeeSRt9
2024868,"So, @115858 y’all not gonna fix this 👉🏿 I️",@145134 Thanks for reaching out. We have a workaround for this here: https://t.co/xXaXeeSRt9 DM us if you still need help. https://t.co/GDrqU22YpT
2376066,"My apps keep going blank since I upgraded to iOS 11. Awesome?

@AppleSupport","@447005 We'd love to help. Can you DM us your complete software version from Settings&gt;General&gt;About, next to version? https://t.co/GDrqU22YpT"
797591,@AppleSupport 11.0.3,"@310154 Have you noticed if there are specific times Do Not Disturbed is enabled? An example is, when you are or have been driving."
682028,Can you please fucking fix the stupid I️ bullshit WHAT THE FU @115858,@282765 Here’s what you can do to work around the issue until it’s fixed in a future software update: https://t.co/xXaXeeSRt9
1528742,dear @AppleSupport why can’t i️ use the letter i️ when on facebook and snapchat and wherever else i️ keep getting this mess up? https://t.co/TG7qw5SIkj,@474621 Thanks for contacting us. Send us a DM and we'll go from there. https://t.co/GDrqU22YpT
246498,@AppleSupport I updated ios to 11.0.2 and this is...what?! https://t.co/jPX8seMpCn,"@174548 That's not expected! What kind of iPhone do you have? Does restarting help? DM us, and we'll find a solution together. https://t.co/GDrqU22YpT"
1864516,Hey @115858 why do my calendar events keep disappearing? I blinked and they’re gone and I can’t recover them. You suck.,"@557052 We depend on our calendars to keep us up to date, and we want to get this solved for you. Could you join us in DM to start? https://t.co/GDrqU22YpT"
1715237,I’ve been bitten by the @115858 bug 🍏 🐛 😔 I️ I️ I️,@519472 Here’s what you can do to work around the issue until it’s fixed in a future software update: https://t.co/xXaXeeSRt9
1770140,@AppleSupport Yeah and the headers in topics,@532164 Thanks for clarifying. We’d like to look into this further. Send us a DM to get started. Let us know which iPhone you’re using. https://t.co/GDrqU22YpT
107371,MY APPLE MUSIC STILL ISNT WORKING! I AM NOT PAYING FOR A BLACK SCREEN @AppleSupport,"@139846 Let's get you listening to your music again. What kind of device are you trying to connect to Apple Music with, and how are you connecting?"
1757895,@AppleSupport if this I️ shit keeps happening I️ will switch over to Samsung y’all playing too many fucking games.,@529240 Here’s what you can do to work around the issue until it’s fixed in a future software update: https://t.co/xXaXeeSRt9
1332285,"Hilfe, @AppleSupport mein iphone6 verliert die Energie zu schnell seit Update... 😂😂😂",@430803 We offer support via Twitter in English. Contact us for help in your preferred language here: https://t.co/IBIY3vMgPj
1795651,I finally updated my iPhone &amp; now I cannot find my podcast queue &amp; how to adjust it. Help please. @115858 https://t.co/3gWWTYd710,@539566 Hi there. We'd love to help. Please take a look at the following article: https://t.co/gQVExEKnrj
2597950,@AppleSupport @AppleSupport it’s taking 3 hours for this iOS update to download!! What did I do?,@735538 That could be due to your internet connection. Do you have iTunes downloaded to a computer?
617312,@115858 please fix my beloved siri!! It won’t listen to me anymore!!!!!,@266460 Thanks for reaching out. We want to be sure you can use Siri as you'd expect to! Can you tell us which device you're using with Siri? Which iOS or macOS version are you running currently?
2143954,What is up with the I️ @115858 when is a fix coming,@630347 Here’s what you can do to work around the issue until it’s fixed in a future software update: https://t.co/xXaXeeSRt9
1097741,@AppleSupport Ipad w IOS 11.0.3 in need of way too frequent recharging. Any help ..?,@379043 We're here to the rescue. About how long is your iPad lasting on a full charge?
403578,Not happy @115858 updated my phone the other day and it has messed it right up!! Keeps freezing and going blank. My volume doesn’t work! Not convenient #sortitout,@211522 We're happy to help. DM us at the link below for further assistance. https://t.co/GDrqU22YpT
1005222,@AppleSupport Thanks! That's helpful for emails &amp; iMessages and I will forward them on in future. Unfortunately this one was an SMS from a blocked number.,"@357924 OK. For this, we would recommend reaching out to your carrier."
894893,@AppleSupport how do I put iOS 10 back on my phone temporarily?,"@332479 Thanks for reaching out. While we cannot help you revert back to iOS 10, we can help you troubleshoot your device running iOS 11"
234621,.@AppleSupport since the update to #iOS11 my #iPhone 6s’ touch screen has been becoming unresponsive at times. Other times it seems as if the calibration is off. Happens 3-4 times per day and requires a reset to temp. fix it each time. @115858,"@171864 We'll make sure to get this straightened out. DM us, and we'll see you there. https://t.co/GDrqU22YpT"
328069,@AppleSupport I’m currently running on 11.0.2 and I have an iPhone 7 Plus and haven’t had any issues with my battery until the iOS 11 update,@194212 Let's take a deeper look at what's going on with your iPhone battery in DM. https://t.co/GDrqU22YpT
1953063,"@ATT @AppleSupport having problems with my iPhone, always freezing, always restarting itself, shutting off. Help please!!!",@356534 We'll be happy to help in any way we can. Does the freezing and restarting happen when you are using a particular app?
880061,my speaker on my iPhone 8 is still clicking fix this @AppleSupport,@328932 We'd like to help with this speaker issue. Does this happen with any particular app? When did it start?
1301294,Does anyone know how to fix the @AppleSupport #ios11 issue where I make calls and press speaker and the speaker does not work?!?? @115858,"@424127 We're here to help. To isolate the root of the cause, does the same behavior occur when listening to Voicemail via speaker?"
2282244,@115858 please fix last iOS update it's ruining my life,"@663354 We'll be glad to help. What are you experiencing? Which iOS version is installed? To find, tap Settings &gt; General &gt; About and provide us with what is next to Version."
2079103,"Unless Im doing something wrong, Notifications doesnt dropdown in Reachability anymore 😞@AppleSupport @115858",@614895 What happens when you try to use that? Go ahead and DM us what you're seeing and we'll look into it further with you. https://t.co/GDrqU22YpT
402664,Ermmm @AppleSupport why have my pictures just randomly deleted,@211257 We're happy to point you in the right direction. Reach out to our App experts at the following link: https://t.co/IBIY3vMgPj
2179112,"@AppleSupport All my apps are lagging, at least once per day no buttons will work and will stay on same page for 4-5 mins, when calling someone I can’t hear them and they can’t hear me...etc. It’s not like I have an old phone, it’s the 7 Plus.",@638627 DM us and we'll get a closer look at what's going on and what we can do from here. https://t.co/GDrqU22YpT
123084,@AppleSupport Yes. IPhone /6S Plus syncs the same. I deleted quite a few emails from the MacBook Pro (approx 150) but no change on the 6S+/iPad,"@143490 Is it one particular email account, or is it happening with multiple email accounts?"
455001,"@115858 in Monterey is trying to BS me saying they don’t replace charger wires for free. Tf, yeah you do. I’m under warranty",@223003 We'd like to help. Could you Direct Message us and let us know the country you're located in? https://t.co/GDrqU22YpT
2000774,@AppleSupport @115858 Ordered my X 15 mins into pre-order.  Seeing ppl who ordered same model AFTER me getting delivery dates moved up.  WHY?,@591618 Thank you for your interest in our products. Please DM us the country you're in and we can go from there. https://t.co/GDrqU22YpT
2005080,Updated my phone and still seeing black boxed 🙄 annoying af @115858,"@592933 We can partner with you and look into this. DM us the iOS version your iPhone is on currently, and we’ll get started. https://t.co/GDrqU22YpT"
284946,@115858 IOS 11 has been the worst update yet. Woke up with 100% battery and within twenty minutes it dropped to 80% on iPhone 7,@183887 Let's help with your battery! Which iOS 11 version is installed under Settngs &gt; General &gt; About. When did this first start?
245106,@AppleSupport no i dont,@174192 Were these photos taken with your device or were they obtained through other sources? Send us a DM to continue. https://t.co/GDrqU22YpT
1409128,@AppleSupport Yes I can!,"@447533 Alright, thanks! Join us in DM with your iPhone and Apple Watch models. We can continue to troubleshoot there. https://t.co/GDrqU22YpT"
188298,"@AppleSupport i bought a new i phone6 and when I am activating it this following message appeared ""sim card not support "" what to do",@160183 We want you to be able to use your new iPhone. Let's start here: https://t.co/ywHIZGN4Ac
2480969,@708907 @AppleSupport Same here. Going to have to call Apple in the morning.,@708906 Our Sales Support team can assist in looking into this for you. Reach them at the 800 number here: https://t.co/8yjRd1Xo0i
871238,"Pinche actualización de @115858 Se acaba la batería + rápido, la pantalla no identifica bien y el dispositivo d wifi con problemas d conexión",@326844 We offer support via Twitter in English. Get help in Spanish here: https://t.co/IBIY3vMgPj or join https://t.co/OczyRx7IOs
1081512,I can update my apps keeps saying can’t download my WiFi is fine get it sorted! @AppleSupport,@375121 We'd be happy to assist. Can you DM us the device and version of OS we are working with? https://t.co/GDrqU22YpT
2237349,Every time I use #missioncontrol in #HighSierra this #error ([ERROR] - Unknown CGXDisplayDevice: 0x41dc9d00) shows up in console. Any solution @AppleSupport. Normal? https://t.co/Rwk6m8a43k,"@652427 We'd be happy to look into what's causing that error. So we're on the same page, can you tell us which Mac you're using?"
1471889,@AppleSupport IOS 11 update phone is now a brick. No restore NO update just a brick with an Apple logo,@461663 We'd love to help. What iOS 11 version are you on?
498628,"@AppleSupport my iPhone keep restarting, what do I do?!",@234037 We want to help. Reach out via DM using the link below and let us know what version of iOS you have installed. You can check by tapping Settings &gt; General &gt; About. https://t.co/GDrqU22YpT
633834,@AppleSupport Fix the glitches of the phones,"@804166 We'd love to help with any unexpected behavior you're seeing. Please let us know exactly what's going on with your device, including which iPhone model and version of the iOS software you're using."
2147680,@115858 y’all better fix these boxes it’s driving me crazy,@631273 Here’s what you can do to work around the issue until it’s fixed in a future software update: https://t.co/xXaXeeSRt9
1639018,@AppleSupport I need help!! Check ur dms please.,@501174 We're here for you. We've received your DM. Keep an eye out for an update from us shortly.
2472866,@115858 @AppleSupport Pages is not working well with new updates on ipad. Null warning messages from trying to start a new document. No way to easily see just my normal folders of docs instead of every individual file I’ve worked on recently.,@707119 Thanks for reaching out. We’d like to get you in touch with an expert from our apps &amp; software team so they can assist further with your Pages for iOS issues. Use this link to get connected with them: https://t.co/IBIY3vMgPj
1338080,@AppleSupport I got a reservation number for the new iPhone x. Does that mean I get the phone as promised with the delivery date that it showed? Also it says I will get an email to complete my order. When should I expect it?,@392522 We want to get you to the right place. Reach out to our Online Sales department for information: https://t.co/8yjRd1Xo0i
2599847,Less than ideal: unable to type the letter “eye” in iPhone w/o it autocorrecting to funky characters: I️ .  Anyone find a fix?@AppleSupport,@735979 Here’s what you can do to work around the issue until it’s fixed in a future software update: https://t.co/xXaXeeSRt9 https://t.co/GDrqU22YpT
870235,"@AppleSupport Thx for your offer.
As a longtime Mac User + former local, professional Supporter (aka @73669) I have built my own trusted Network.",@326626 Click here to connect with us in DM and provide us with the details. We'll continue there: https://t.co/GDrqU22YpT
154453,@AppleSupport No I don’t. I’ve restarted my phone 3 times and it even freezes during that process and I have to wait until the sos slider comes up before I can switch it off.,@151396 Thanks. DM us more details on what part of the update process it's on when it becomes unresponsive and we'll continue working with you there. https://t.co/GDrqU22YpT
2015098,@AppleSupport my I phone 7 hotspot is not connecting to any device &amp; my laptop,@138196 We want to help you connect to Personal Hotspot. Start here: https://t.co/yd3Mwwoz3p - Tell us more about what's happened. https://t.co/GDrqU22YpT
1922007,@AppleSupport nah but dead serious this update is trash my phone wasn’t doing this before I updated today lose 15% in less than 10 mins🤷🏽‍♂️,@284018 We'd like to gather some more information for better troubleshooting. Can you DM us the country you are located in? https://t.co/GDrqU22YpT
1911908,"@AppleSupport hi, iPod nano bought last year, is it compatible with wireless headphones? Thanks",@569524 We can for sure check that out for you. Please join us in DM where we'll be able to gather some additional details. https://t.co/GDrqU22YpT
1679164,Yo @AppleSupport fix the autocorrect “i” so I️ don’t have to see I️ every time I️ attempt to type it,@510672 Here’s what you can do to work around the issue until it’s fixed in a future software update: https://t.co/xXaXeeSRt9
1418622,@AppleSupport HELLO,"@449738 We'd like to help any way we can. What's happening, exactly? Also, which model and iOS version do you have?"
1335339,@AppleSupport song title didn’t show up and i can’t control music from control centre after i updated to #ios1103. Also apps keep freezing. https://t.co/IkSfme8BFj,@431509 We'd like to look into this with you. Reach out via DM using the link below. https://t.co/GDrqU22YpT
556928,I haven't been able to connect to the @118936 for almost two days now.  @AppleSupport,@250045 We'll do everything we can to assist. What device are you trying to connect to the App Store with? Do you recieve an error message?
2281239,@AppleSupport iPhone 6S and IPad Mini,"@663122 Very good. Let's take a look at the following article under ""Check your email address and password"": https://t.co/Jpr0POLgCg

Keep us posted on how things are going via DM. https://t.co/GDrqU22YpT"
1678473,How do I get rid of the little question mark I keep seeing tho? I don't have android @AppleSupport,@510511 Here’s what you can do to work around the issue until it’s fixed in a future software update: https://t.co/xXaXeeSRt9
1353910,@AppleSupport 5s,"@435734 If you go to Settings &gt; General &gt; About &gt; Version, can you tell us which iOS version you're using?"
1999903,@115858 @AppleSupport why is my iphone 7+ with the new update changing I's to A's / question marks??? SOS  🙃,@591340 Congratulations on your new iPhone! Join us over in DM and tell us the exact version of iOS you're using and we'll take a look. https://t.co/GDrqU22YpT
2755796,"Hey @115858 

Fix the goddamn I️ issue ya know? Wtf are you guys doing in Cupertino? Smoking pot? Seriously?! Stop smoking pot","@771311 We recently released an update to address this. Have you had a chance as of yet to update the device? If not, backup your device, then give that update a go and let us know if you see a change afterwards. https://t.co/4f8hwT5to6 https://t.co/GDrqU22YpT"
241489,I updated to 11.0.2 today...now my iPhone 6 ringtone is very quiet..a phone that you can't hear ringing!  Not good! @115858,"@173338 We'd like to see how we can help. To start, in Settings &gt; Sounds, if you drag the Ringer And Alerts slider up, is it louder?"
2295832,"@AppleSupport Who's responsible for the data we lost!
When the iPhone stuck because of your iOS11 😡 

Even when we updated it to 11.1.1 it stuck again!! 

What can we do about that!!!",@725346 Hello. We want to help. Please tell us more about what you experienced with data loss when you updated your phone.
2279874,funny how when the iphone 8 and X comes out my iphone 7’s battery lasts precisely 6.4 seconds :)  @AppleSupport,@662804 That's definitely not expected behavior. We can help. Can you tell us the exact date you began to notice this? As close as possible works too. Which iOS version are you running? The answers to that will help us get started.
2561790,I WILL DIE or fail out of grad school if @115858 doesn’t get this High Sierra connectivity issue fixed pronto 😡😡😡😡😡😡😡😡😡😡😡,@293078 Having a working computer is vital when in school. We'd like to help you. Please send us a DM with details on what you're experiencing and we'll get started. https://t.co/GDrqU22YpT
436454,@AppleSupport iPhone 6s; IOS 11.0.2,@218647 Thanks. DM us which country you're in and which apps are under Battery Usage in Settings &gt; Battery. We'll go from there. https://t.co/GDrqU22YpT
795266,"@AppleSupport: #apple cannot Support it’s #MacBookPro battery replacement, it should shut down the whole program to sort it out. Ridiculous!",@309607 We’ve received your DM and will continue working with you there.
1790740,@115858 please get your updates together as iOS 11 keeps crashing my iPhone. Tick tock before we decide to buy the $1K iPhone X...,@537913 Hey there! Thanks for reaching out about this. What's going on with your iPhone? You can reach out to us in DM at the link below. https://t.co/GDrqU22YpT
1269582,@AppleSupport All the other internet connections are locked in my area,@417257 OK. Let us know in DM if restarting helps allow you to join your Wi-Fi network: https://t.co/GDrqU22YpT
2023941,New iPhone X. Frustrating that some contacts aren’t coming up in iMessage. @AppleSupport,"@598573 If you're still having issues with your contacts, go ahead and provide us with more details within DM for help: https://t.co/GDrqU22YpT"
1584541,@AppleSupport Nope https://t.co/nEbdx2hTfe,"@487578 Our apologies, let's try that link again: https://t.co/xXaXeeSRt9"
2110017,PLEASE #HELP? #AppleiOS11 HOW to #UNDO #iOS11? #UNSTABLE: #apps snap shut #iTunes music disappears #battery #BAD @115858 @115948 #iPhone7,@622482 Thanks for reaching out. Are you an Apple Music subscriber? Let us know in a DM using the link below. https://t.co/GDrqU22YpT
375095,"@AppleSupport Calls keep dropping, apps keep crashing. On an average, I’m required to do multiple resets",@204943 Understood. May we ask which apps are crashing? Let us know in DM. https://t.co/GDrqU22YpT
1676235,@AppleSupport any idea why the letter “i” turns to “A ?” ? https://t.co/0ZuAPp0qif,"@300846 Let's try using these steps: https://t.co/xXaXeeSRt9

Let us know if that helps."
2279887,"Help please... my iPhone screen has frozen, it will only let me unlock. I can't click on any apps? @115858",@662808 We certainly want to do everything possible to get this resolved for you. We would like to look into how we can assist. Let's start by confirming the version you're currently running. You can find that by going to Settings &gt; General &gt; About on your iPhone.
2771914,"@AppleSupport Yes, It was working until friday. And on Saturday It wasn’t working. My iOS version is 11.1.2. I changed my password and It didn’t fix it. I have more than one “iOS” device and they are working fine, just this iPad has this problem.",@731258 Aside from changing the password what else have you tried? Did this happen after you updated?
2106000,@AppleSupport  My phone auto updated in middle of night on WiFi. And Eye hate 11.3 on my 6s. Almost a month my phone has been unusable! Considering abandoning my iPhone altogether. Bring back iOS 10!,"@597568 Let's see how we can help. Is 11.3 the current version you see in Settings &gt; General &gt; About? Let us know in DM, please. https://t.co/GDrqU22YpT"
1533023,@AppleSupport yes I can download other apps.,@475478 Is the app not available any longer? What happens when you attempt to download it? What is the exact name of the app?
1680790,@115858 you all have to fix the A with a question mark in a box issue this new update has caused,@511063 Here’s what you can do to work around the issue until it’s fixed in a future software update: https://t.co/xXaXeeSRt9
2309895,"@115858 I’ve updated my phone, but still getting the ? instead of I.   😐😐","@543399 We'd love to help! Are you seeing this when you type, or when you read what others type? Send us a DM to let us know. https://t.co/GDrqU22YpT"
2477603,@115858 WHY CANT U GUYS JUST FIX THE WHOLE “I” THING I️t DOESNT SEEM TO BE WORKING FOR US,@479963 We'd be happy to look into this with you more in detail.  Please reach out to us via DM and we'll get started. https://t.co/GDrqU22YpT
2349323,"@AppleSupport On vacation, so I don’t know. A coffee shop down the road gave me issues, but public WiFi is always a toss up.",@143178 Are you able to test your device on a known good connection?
2299201,@AppleSupport please help! My iPhone 5s battery life is terrible since IOS11. Are 5s being wiped out or is there a fix on the way?,"@667365 We understand how important battery life is on your iPhone, and we're here to help. To get started, send us a DM with your current iOS version. https://t.co/ZTw54HL4Rm https://t.co/GDrqU22YpT"
2689461,@AppleSupport the latest version of iTunes on windows 7 doesn’t allow adding albums artwork in my library.,"@612897 We love being able to add custom artwork, so we'd love to work with you on this. To make sure we're on the same page, are you following these steps: https://t.co/khXB3JnoYx"
1626179,@AppleSupport 11.0.2 7+ why can’t I forever clean notifications from panel after upgrading to iOS 11? Notifications Worked perfectly bf. https://t.co/7Ju1vPZwYB,"@289239 Thanks for reaching out. We recently released iOS 11.0.3, if you update, are these issues resolved?"
2435343,@AppleSupport the backs come off my series 1 watch and the ribbon connector is broke. I believe these have a 3 year warranty is this correct,@698758 We received your DM. Be on the lookout for our reply. https://t.co/GDrqU22YpT
2284657,"@AppleSupport Yes, fully up to date. iOS 11.1.1. The issue does not seem to be app-specific, since my phone also freezes on the screen /w all apps. However, WhatsApp freezes a lot, so does the phone app. Hope this helps.",@663916 We appreciate your patience as we continue looking into this together. Let's continue in DM here: https://t.co/GDrqU22YpT
1002967,@AppleSupport is this for real? I’ve never seen this pop up till now. I’ve ignored it. https://t.co/WvjvnDWkGS,@302862 That is not from us and we'd like to have you use the following link to report this as phishing: https://t.co/sayPykspsk
1454614,Just got back from clicking download on each of those tracks @AppleSupport. Do the right things here. @115948 batch actions please https://t.co/nubPcYIRSA,@457611 Thanks for reaching out! We'd recommend leaving that request on our feedback page: https://t.co/eTPVYVFyd8
2321374,"HELP!😩😩😫got the whole way through the @115858/@AppleSupport upgrade programme, picked phone, location, sign in, enter code, got chucked out",@672698 Thanks for letting us know about your experience. We appreciate your patience as we look into this issue. Please reach out to our Apple Online Store Support team for assistance. You can reach them at the phone number listed here: https://t.co/8yjRd1Xo0i
1990846,"@Applesupport I’ve updated my phone, but I’m still seeing boxed question marks in place of emojis... ???",@589186 We're happy to look into this with you. Please DM us the iOS 11 version installed &amp; additional details about this issue. https://t.co/GDrqU22YpT
12569,@115858 what’s up with my “I️” being replaced with some bs in my messages? Makes me want to throw the whole phone away.,@118508 Let us help you get this sorted out. Can you tell us which iOS version you are currently using please?
1711975,@115858 please fix this “I️” sh🤬t,@518561 Here’s what you can do to work around the issue until it’s fixed in a future software update: https://t.co/xXaXeeSRt9
1541083,@AppleSupport how and where can i change my apple watch's name that appears on my iphone?,"@156915 We'd love to help. To start, DM us and we'll continue together from there: https://t.co/GDrqU22YpT"
2560426,If @115858 could fix my iPhone that’d be nice..I updated and I’m still getting that keyboard problem with viewing the I’s,"@726735 We can help with the keyboard issue. Meet us in DM with a sreenshot of what shows in Settings &gt; General &gt; About, please."
816431,Am I the only one who HATES the new #iPhone @115858 update?! Everything is so. Damn. Slow. Grrrr.,"@314423 Let's help get everything running as it should. To get started, are you running iOS 11.0.3 or a different version?"
1753286,@115858 get your act together and fix these stupid autocorrect and weird characters issues. YOU ARE BETTER THAN THIS (I️ hope) #imisssteve,@528129 Here’s what you can do to work around the issue until it’s fixed in a future software update: https://t.co/xXaXeeSRt9
464723,my photo library is telling me this and i don’t know why. i’m signed into my icloud account @AppleSupport https://t.co/HhthylijWb,"@225527 Thanks for reaching out. We recommend checking your network connection. If the issue continues, reach out to our iCloud Photo Library team here: https://t.co/IBIY3vMgPj"
1543333,"""Could not activate iPhone"" @AppleSupport plz fix your servers",@478115 We'd be happy to help get your iPhone activated. Try all steps here: https://t.co/ywHIZGN4Ac Let us know if this does not help.
1186611,"@399022 @AppleSupport Omg, mine is like this too 😩 Did you get it fixed? How?",@399021 We'd love to help figure this out with you. Does a restart of your phone and camera app help? Which iOS version are you running?
1213645,"@AppleSupport Got a brand new phone, worked perfect. Downloaded new update. Phone freezes, crashes, random restarts, opens/closes apps, screen hardly work",@404848 We want to help! DM us and let us know more about the issues you are having. https://t.co/GDrqU22YpT
2304052,"I️ am pretty sure this iPhone 11.1 update screwed up my phone, very disappointed in this latest update @115858 🤧","@668535 We'd like to help any way we can. What's your model and to make sure, is iOS 11.1.1 the version installed?

What's happening with it currently and have you tried any steps already? We wouldn't want to repeat any you've tried."
889179,"I’m not playing when I say this. I turned it off and back on bc it was acting slow, and the battery drop to 45 percent. What is this mess? @AppleSupport I love you, but this can’t be happening. https://t.co/N8A9AHUYmd",@148421 Let's move over to a DM where we can take a closer look. Let us know which iOS version is installed. https://t.co/GDrqU22YpT
1078534,"@AppleSupport Issue seems to be caused by connecting my phone to my car via bluetooth. Once it finally connects, my iPhone music player becomes unusable.",@374419 Thank your for keeping us updated. Please DM us and we can continue from there. https://t.co/GDrqU22YpT
1086061,How do I escalate an issue @AppleSupport?,"@376182 We'll gladly see how we can help. DM with more details, and we'll take it from there. https://t.co/GDrqU22YpT"
1572364,@AppleSupport What’s happening here? Please send help. https://t.co/nRU5MX1scy,@484719 We can help out. Check this article for some steps on taking care of this text replacement issue. https://t.co/xU1AGIa4ME
1803206,@115858 ever since I got the new update my 4G has been extremely slower and I have to keep turning my phone off because my 4G stops working,@541829 We want to be sure you can use your 4G connection as you'd expect. Send us a DM and let us know which iPhone you're using. https://t.co/GDrqU22YpT
331661,"Hey fellow @115858 people, why are we all just chill about the fact that since the update, we have no battery? What gives, @AppleSupport? https://t.co/9J3hqVKRde","@194980 Having as long a battery life as possible is what we want for you. We've received your DM, and will continue there."
567667,.@115858 is celebrating the 10th anniversary of the iPhone and iCloud storage STILL doesn't work properly #Technical #Bugs #iPhone #Apple,@253146 We'd like to see how we can help. Send us a DM with some more detials and we can get started. https://t.co/GDrqU22YpT
2619884,@115858 @AppleSupport unable to send messages to nos on the call log not saved in the contact and crazy battery drain,@740318 We'd received your DM and will continue with you there.
2578715,"Pues las actualizaciones de iOS 11 van a peor, de ir lento el teclado a ir lento el teclado y durarme la batería 4 horas 👏👏 @AppleSupport",@731070 We offer support via Twitter in English. Get help in Spanish here: https://t.co/IBIY3w3RGR or join https://t.co/OczyRxpjG0
2948225,@814249 @AppleSupport TRUTH @AppleSupport help,"@814248 We're here for you! Send us a DM, and we'll take a closer look into this issue together there. https://t.co/GDrqU22YpT"
1646171,"So since my letter I️ still wanna act up, I️m gonna use me instead, and me is getting very annoyed with this @115858  😤",@502991 Here’s what you can do to work around the issue until it’s fixed in a future software update: https://t.co/xXaXeeSRt9
2054576,.@115858  iOS11 on a 6+ is laggy and buggy. Is this a common experience?,@607651 We'd like to look into this with you. Let us know if you're running the latest version of iOS 11.0.2 via DM. We'll go from there. https://t.co/GDrqU22YpT
871044,@326817 @AppleSupport Omg I lost like a handful a video from iCloud when I updated 😢. They vanished as I was looking at them,"@326816 We can help. Tell us which device you noticed this on, and we’ll take it from there."
905222,"@AppleSupport Sent you a DM. I'll watch for your reply, thanks!","@334898 We've received your DM, and will be following up with you there."
2001622,Hey @AppleSupport new iOS beta (11.2) got the bug with the notifications again. ☹️,"@591866 Let us know via DM exactly what you see occurring and which device this is on, then we can help from there! https://t.co/GDrqU22YpT"
2057216,OIS 11 has my phone on fire and losing battery in a heartbeat... be nice if @115858 fixed it,"@608420 We need some details, then we can work together on a solution. DM the device model and your country. We'll meet up there. https://t.co/GDrqU22YpT"
950961,"What the fuck is this shit? Update required?
@AppleSupport https://t.co/KZuwlLLDb8",@345572 We'd like to see how we can help. Connect with us in DM to get started: https://t.co/GDrqU22YpT
2147715,@AppleSupport Thank you. What about the battery issue everyone is having since the update? 😢,@631285 We understand the importance of battery life and we'll do everything we can to assist.  Have you had a chance to perform the steps here: https://t.co/bivpdfBNJ6 to maximize your overall battery life?
1958566,Is anyone else having problems downloading @335536 new album? @AppleSupport HELP ME 😩 #ineedthatalbum #drivetoworkmusic #sendhelp,"@581052 We'd be happy to help with your Apple Music. Since content can vary by region, can you DM us what country you are in? https://t.co/GDrqU22YpT"
710660,@AppleSupport It was getting stuck signing into my account. Left it alone for a few hours and it finally worked,"@289937 We're glad to hear you were able to resolve the issue. If you have any further questions or concerns, feel free to DM us. https://t.co/GDrqU22YpT"
2132087,When the hell is @115858 going to fix this “I️” problem? #I️,@627433 Here’s what you can do to work around the issue until it’s fixed in a future software update: https://t.co/xXaXeeSRt9
1368454,"@AppleSupport Thank you. I am required to call 800 MYAPPLE to make the change, but they are not taking calls. DM me to change the address","@438522 Send us a DM with the country you're located in, we want to be sure to provide you with the correct contact information. https://t.co/GDrqU2kzhr"
90634,@AppleSupport Again https://t.co/XmQ6ATkDu2,"@135619 We'll do all we can to help. To get started, let us know what iOS 11 version is currently installed via DM: https://t.co/GDrqU22YpT"
2439714,@AppleSupport how much is it for an iPhone 7 glass screen? Struggling to find anything and I’m not wanting to book in the repair. Had this modern phone two weeks and it’s shattered off one little fall.  😔 #disappointed,@699748 We'd be glad to look into this for you.  Please DM us with what country you reside in and we can get that information for you. https://t.co/GDrqU22YpT
1588880,"@115858 fix these dumb ass glitches , pay too much money for this shit",@488608 We're happy to help. What is happening with your device? Let us know to continue.
599104,"@AppleSupport Running 11.2, but don’t see the option to set up Apple Pay Cash in Wallet. I have a debit card added to Apple Pay. Am I missing something?","@262092 If you're in the US, those features will require iOS 11.2 and will begin rolling out early next week. https://t.co/GDrqU22YpT"
1162130,"@AppleSupport I’ve rebooted, signed out and in of AppleID....what else do I have to do...it worked before?",@198019 We can help find out why. When did this stop working? Let us know in a DM to get started. https://t.co/GDrqU22YpT
1503008,"Yo, @AppleSupport. I’m trying to figure out why my screen looks like I have a android with all these question marks. This is disrespectful.","@468844 Hey, we can offer some guidance on this. DM us the iOS version and we'll take a look from there. https://t.co/GDrqU22YpT"
855443,"before ios 11: Battery at 90% in an hour
after: 55% IN AN HOUR 
@AppleSupport",@323163 Hey. We're here for you. DM us and we can look into this there. https://t.co/GDrqU22YpT
2360356,Dammit @115858 I do the new update and my battery still sucks. 😒😒,@564012 We'd like to continue with you. Please DM us your model and the country you're located within here: https://t.co/GDrqU22YpT
1454644,"@AppleSupport Since the update when I connect to my car the song/Podcast info/name etc doesn’t show up. Minor issue I know, but annoying.",@457619 We love Podcasts &amp; know the importance of being able to tell at a glance which Podcast or episode we're on. Let's meet in DM. https://t.co/GDrqU22YpT
116005,"@141835 @115858 This last update was utter garbage. Crucified my battery life, made everything wobbly and obnoxious, messed with the touch screen accuracy 👎🏻",@141834  We'd like to help. Please let us know all about the issues you're experiencing. We'd like to look into this further. Please DM us to get started. https://t.co/GDrqU22YpT
1703026,"Really, @115858? Just fix the I️ already!",@516283 Here’s what you can do to work around the issue until it’s fixed in a future software update: https://t.co/xXaXeeSRt9
1593282,"Hey @AppleSupport, any way to fix a glitched/frozen screen on the iPhone X? Been wonky since day one (yesterday). https://t.co/E7OqEFSY4L",@293987 Hi there! Do you have a screen protector on your device? Let us know in a DM. https://t.co/GDrqU22YpT
1166713,@AppleSupport Yes it is! I currently have 12.7.0.166,@394435 Thanks for checking. We're happy to look into this with you further. DM us and we'll go from there. https://t.co/GDrqU22YpT
1846272,@AppleSupport is there anyway to downgrade to my previous iOS. This new one seems to be crashing/freezing my phone constantly.,"@553011 Although there's not a way to downgrade, we're here to help. Send us a DM letting us know which device you're using. https://t.co/GDrqU22YpT"
1096920,"@AppleSupport I just got a new phone and none of my pictures are on it, help me.","@378850 We'd be glad to look into this with you. To get started, where were your photos backed up?"
1587391,@AppleSupport y’all gonna fix this question mark bs or nah?,@313939 Thanks for contacting us about your keyboard. We've got your back. Give these steps a try: https://t.co/xU1AGHStV6
1671252,@115858 I have the Apple Watch Series 3 on iOS 4.1 and my watch is still stuck on the loading screen. Will there be a fix any time soon?,"@144019 Let's try following this article, and send us a DM if that doesn't help: https://t.co/gZrStAoDfj https://t.co/GDrqU22YpT"
1181711,My @AppleSupport phone keeps saying cleaning don’t know wat that means can I turn it off,@397904 Let's work together to find out what's going on. DM us with what type of iPhone you're using. https://t.co/GDrqU22YpT
2280570,@AppleSupport I’m running iOS 11.2 Beta 2 on the phone right now.,@232123 Thanks for confirming that. Let's work together in DM here: https://t.co/GDrqU22YpT
851900,@applesupport Hi! How long is delivery time if I want to order a Macbook with a Swedish keyboard to a US address? Thanks!,@322362 Hi. Our Apple Online Store team can definitely partner with you on this. They can be reached here: https://t.co/8yjRd1Xo0i
1770069,i need to change my apple id password but my accounts been “recovering” for about 2 weeks @AppleSupport help pls,"@221340 We're happy to see how we can help. Send us a DM with more information, and we'll get started. https://t.co/GDrqU22YpT"
387639,"@AppleSupport Thanks for reply. In 10, swiping up used to slide out notifications, revealing lock screen wallpaper. Not possible in 11.",@207757 We don't quite understand what it is that you're trying to do that isn't working. Please join us in DM and tell us more about it. https://t.co/GDrqU22YpT
916945,@AppleSupport I need help as soon as possible please,@337693 We want to help. Let's discuss it in DM. https://t.co/GDrqU22YpT
2072218,"@AppleSupport ever since the iOS update, I have to reset my phone EVERY time I plug it into my car for it to play music. Never did it before","@612894 We'd be happy to look this over with you. Please meet us in DM so we may gather information, and better assist. https://t.co/GDrqU22YpT"
1046615,@AppleSupport i didn't configure icloud storage being happy with my 128 GB device. there's nothing there on icloud,@367396 Please meet with us in DM. We'd like to work with you there. https://t.co/GDrqU22YpT
1268399,"@115858 iOS 11 is causing problems in connecting to the university WiFi „Eduroam“, affecting countless students. Fix this! #ios11 #eduroam","@416989 We'd like to take a look in to this. Please send us a DM with more details, and we'll get started. https://t.co/GDrqU22YpT"
1497031,@AppleSupport No it doesn’t! I find it really strange it doesn’t show up anywhere else!,@467567 We'd be happy to look into this with you further. DM us using the link below and we'll go from there. https://t.co/GDrqU22YpT
1001223,@AppleSupport And it is only one week old phone,"@357036 When this occurs, is Bluetooth completely turning off on either device or is it just disconnecting?"
2269950,"@AppleSupport Can’t activate it. Sprint shows the phone is active in their end, but I can’t get past the activation screen on the phone itself",@660517 Are you getting an error message on the activation screen?
1469339,@AppleSupport I’ve been doing programming and couldn’t restart. It went away by itself but it happens every time I drag something in a folder from desktop,"@142083 Let's take a look at what's happening together. To continue, please DM us with the country where you're located. https://t.co/GDrqU22YpT"
2020060,@AppleSupport iPhone 6S slower than dial up since the last iOS upgrade. How can this be corrected?,@597371 We'd be happy to look into this with you. What version of the iOS are you running? Check from Settings &gt; General About &amp; DM us https://t.co/GDrqU22YpT
878538,@328575 @AppleSupport Thank you xx,@212470 Are you using iTunes on a computer or on an iPhone/iPad/iPod?
101271,"@AppleSupport No updates on the car, and my partner’s phone is pairing with Android Auto just fine. When I try plug my phone into the car, the car doesn’t respond at all. Even bought a new cord to make sure it wasn’t a connection issue.","@138164 You've completed some great steps, thanks. DM the make and model of your car and we'll continue there. https://t.co/GDrqU22YpT"
2414375,@AppleSupport The iPhone responses late and the animation flow gets stuck . I’m currently on iOS 11.1,@693992 Thanks for providing that for us. Do you have a computer with iTunes available?
326770,@11676 @AppleSupport I’m on iOS 11.0.2 (15A421),@193860 Let's move to DM for a closer look. Are only particular apps running slowly? https://t.co/GDrqU22YpT
1009294,@AppleSupport I have,"@358819 If you haven't yet, restart using the steps found here: https://t.co/OWRDHWSt4h Let us know whether there is any change."
2117181,"@AppleSupport Downloaded 11.1 but can’t install it,tried resetting phone doesn’t work, i get error I’ve been disconnected from internet 🆘","@143066 We're here to help. Which model device are you currently using? Also, when this happens are you connected via Wi-Fi?"
1761124,@AppleSupport I deleted ALL photos from my iMac in Photos. All my other devices still have all the photos.,@524086 Is iCloud Photo Library enabled on your iMac? Check in System Preferences &gt; iCloud and click “Options” next to Photos.
751794,"@AppleSupport Yep. I've gone through all that. That old address doesn't show in Contacts on my Mac, iCloud, or my Phone. No idea where it's coming from.","@299684 Thanks for trying that. Meet us in DM, tell us which device you're using, and we'll continue there. https://t.co/GDrqU22YpT"
2364550,"@AppleSupport incredibly frustrating when iPhone 5 decides to shutdown, saying it the battery is flat when there’s actually 50% left. Just updated software today hoping it would sort it out but still happens 😠 https://t.co/RidHl87kQU",@682673 We are here to help. DM us your current country and we can take a look at this. https://t.co/GDrqU22YpT
774264,@AppleSupport I have an iPhone 7plus &amp; have installed iOS 11.0.3. Now bubble &amp; effect iMessages are not working. Touch screen still not 💯,@304961 Let’s get this resolved for you. Is Reduce Motion turned on in Settings &gt; General &gt; Accessibility?
659488,"@AppleSupport I don't have a Time Machine backup, I'm making one now before everything is gone.",@277035 We always recommend that you make a backup of your devices regularly. This article will guide you through backing up with Time Machine if needed: https://t.co/aT16GG0KcX
641932,@AppleSupport I just got an email that looks kinda fishy. https://t.co/sTonrQSm5J,@272338 You did the right thing by reaching out to us. We're happy to help. No this is not a valid email from us. This article provides information on phishing emails and how to avoid/report them. https://t.co/LNMCdqt6fD
868848,"@AppleSupport (1) Hi, on tech spec iPhone8 i see Optical image stabilization for video and Cinematic video stabilization (1080p and 720p)",@326304 Optical image stabilization helps reduce motion blur for better videos. Find out more here: https://t.co/WPYpfXuSlU
1682459,Sooo @115858 when are y’all gonna fix this iPhone keyboard glitch? 😒,@511455 Here’s what you can do to work around the issue until it’s fixed in a future software update: https://t.co/xXaXeeSRt9
1064893,"@AppleSupport hi, I’m having issues with my MacBook Pro 15” (Late 2011)
This vid should speak for itself https://t.co/MiIQGIYfgE","@371418 Hey, let's look into this together. DM us the macOS version and we'll work together from there. https://t.co/GDrqU22YpT"
2377099,IVE UPDATED MY PHONE AND I STILL SEE BOXES WTF @AppleSupport,"@592451 Are you seeing them in messages that you compose and send out, or are you seeing them in messages that other iOS users send or post? 

If it's the latter, that means that those iOS users have not updated their iOS software yet. Join us in DM to continue, please. https://t.co/GDrqU22YpT"
2408490,My phone freezes every 5 minutes. And will restart. It’s not even a year old phone yet. This is pissing me off @115858.,"@692563 Thank you for reaching out to us. We want to help you with your device. Please DM us the type of iPhone you are using, along with the iOS version. https://t.co/GDrqU22YpT"
1799833,Each update makes my phone act worse. I’m not buying the new one. Fix it @115858,@540794 That is something we can look into. What's happening with your iPhone? Tell us more in a Direct Message: https://t.co/GDrqU22YpT
2298991,"@AppleSupport I am in France, I preorder the iphone x in Boulanger stores !",@667319 Send us a DM to continue. https://t.co/GDrqU22YpT
1706970,Why is there a bug with the letter I️ @115858,@517306 Here’s what you can do to work around the issue until it’s fixed in a future software update: https://t.co/xXaXeeSRt9
1333702,@AppleSupport I do not own one at the moment but I might buy one soon and wanted to know if I could upgrade it a few months down the line.,@431137 It would depend on the specific model. Our Sales team can help address this with you before sale: https://t.co/8yjRd1Xo0i
1404838,"@115858 @AppleSupport i pre-booked iPhone X. Am first time user of iPhone. Give me customer care number for india and Bangalore, FB page link",@142826 Welcome to the iPhone family! We are excited to have you join us! Check this out: https://t.co/1OxnSOXiWG
1738785,My phone has been glitchin like a bitch lately. @AppleSupport y'all are funny!,@524801 We'd like to help. What's the exact iOS version installed? Send us a DM &amp; we'll continue there. https://t.co/GDrqU22YpT
2286739,@AppleSupport All apps :/,@664430 Let's look into this a bit further. Meet us in DM with the currently installed iOS version by using this link: https://t.co/GDrqU22YpT
215847,@AppleSupport And my sim card (att) continues to leave the network (sim failure),"@167331 Okay, thanks. Let's get updated to iOS 11.0.2. Follow the steps here: https://t.co/80YRnjDFDk DM us if the issue continues. https://t.co/GDrqU22YpT"
2152973,"@115858 FIX THIS BULLSHIT I️ PROBLEM BEFORE I️ LOSE MY MIND -
Wait. iProblem?
Obsessed.",@632633 Here’s what you can do to work around the issue until it’s fixed in a future software update: https://t.co/xXaXeeSRt9
889093,@AppleSupport 11.1.2 the most up to date one,"@331081 Got it, thanks!  Do you have any pending app updates to install?  Do you notice the drain occurs more while using certain apps or programs over others?"
865872,Hey @AppleSupport why does my phone keep putting itself on shuffle?!,@238670 We're here for you. Does your music still shuffle even after turning it off? Use this for more help: https://t.co/Q3ojzTGrTU
1756716,"@115858 wtf is going on here? I’m disappointed, seriously might start texting on my old razor flip phone. It’s almost 2018, pull ur head out. https://t.co/cHBF7E7eYU",@528952 Here’s what you can do to work around the issue until it’s fixed in a future software update: https://t.co/qODbOsp4wz
2270066,@AppleSupport I’ve done that and it’s not helping. Last time I did that it helped for a day then it started again,@660549 Has this ever worked as expected for you? How long has it been going on now and did it stop after an update or some other change? DM us the answer and we'll look further into this with you there. https://t.co/GDrqU22YpT
1849322,My phone is dying so early like what. Fix dat shit @AppleSupport,@553715 Having a long-lasting battery is important! Let us help you with yours. DM us your exact iOS version. We’ll continue from there. https://t.co/GDrqU22YpT
1338806,@AppleSupport I’m currently outside your store in Solihull. Wasted journey due to misinformation. I’m not happy.,"@432278 That’s not what we want for you. DM us some details on your experience, and we’ll see how we can help. https://t.co/GDrqU22YpT"
1175508,@AppleSupport Connect to the App Store,"@396520 Does this happen on both a Wi-Fi and cellular data connection? Also, what's the exact iOS version?"
1605593,@AppleSupport we devoted apple customers can’t be defending you to Android users when you’re leaving us stranded with mysterious boxes.,@492524  Let's help. Try this out: https://t.co/7RafiPXEzd us know if that helps correct that issue.
2335245,@115858 why is my phone messing up all of the sudden after update if to the latest version!?,@675722 We'd be happy to look into this issue with you. Please DM us. https://t.co/GDrqU22YpT
1480761,@AppleSupport Could someone please tell me how to get this crappie U2 music off my iPhone PLEASE! 😒,"@463828 We can help. The following link as an option for removing the album: https://t.co/G2ZTVoWUSe
Need more help? Let us know."
1404093,@AppleSupport I need your help,@446436 We're here!  How can we help you?
1065863,@AppleSupport All of my music deleted itself last night so I redownloaded it. Now my app won’t open. Plz help,"@371653 We're here to help. To get started, let us know which device you're using."
2307295,@AppleSupport Yes and I️ don’t have Internet to update my phone :/,@669334 Have you tried updating it through your computer with iTunes? Here are the steps to back up and update it through iTunes: https://t.co/80YRnjDFDk
456123,@AppleSupport 2 weeks after I got my phone brand new. It’s been going on for 3 months now but has progressively gotten worse.,@223292 What version of iOS are you currently running? You can find that by going to Settings &gt; General &gt; About on your iPhone.
41564,why is the “i️” not fixed yet @115858? iiiiiiiiiiiiii need it fixed.,@125138 We'd like to help. Please DM us your current country and iOS version and we'll go from there. https://t.co/GDrqU22YpT
967312,"@AppleSupport spent 3 hours with tech supervisor 2 weeks ago about my daughter not getting my calls/texts. No follow-up, still doesn’t work.",@349591 We are here to help. DM us the details of your issue and we can take a look at this. https://t.co/GDrqU22YpT
794010,"@AppleSupport iOS 11.0.3 has made my iPhone 7 Plus battery even worse, despite a wipe &amp; restore. What’s going on!?",@250825 We'd love to look into this with you. DM us by clicking on the link below and we'll continue there. https://t.co/GDrqU22YpT
484582,Ça veut dire quoi ce symbole @AppleSupport ? J'avais jamais vu https://t.co/CbWguI7mGT,@230318 We offer support via Twitter in English. Contact an Advisor for help in your preferred language here: https://t.co/IBIY3vMgPj
2082344,"@116333 I have 1 week on my first ever apple device, I'm returning it for an Android because it's like 2005 again, tech support hung up.",@615834 That's certainly not the experience we'd expect for you. Please DM and tell us more about what's going on with the product. https://t.co/GDrqU22YpT
294366,@115858 Do you see this?! @115858 I purchased this song; its on my MacBook but it will NOT sync to my phone. FIX IT. https://t.co/IWbz0v0aFA,"@186102 Let’s get this figured out together. To start, can you tell us the iOS version your iPhone is on currently?"
46590,@AppleSupport Yes on the lock screen,@126353  We're here to help. DM us so we can look into this further with you. https://t.co/GDrqU22YpT
1770018,"Hey @115858, do you have an update to fix the bug that says I am not connected to the internet when I am so I can complete the update that fixes bugs? https://t.co/VF0NZgUfWw","@532128 Let’s partner to get your iPhone updated. Try restarting your iPhone, and attempting to update again? Let us know how it goes."
2008631,"@AppleSupport - How do I make an appointment for the Genius 
Bar at the Apple Store located in the Woodfield Mall, Schaumburg, IL?","@593962 We can help with most issues on Twitter. Let's DM, and we can make an appointment or work on some troubleshooting steps. https://t.co/GDrqU22YpT"
902378,@AppleSupport A few days I updated to 11.0.3 and now my phone says ‘“No Service” all the time (for three days now) I have another phone and the same thing happened. Help??,@334229 We've received your DM and will reply there shortly. Thank you for your patience!
1647761,You know there is something wrong with your @115858 iPhone when the time is still in day light savings time 12 hours after the time change.,@503415 We have a great resource to help with this: https://t.co/31y1X19me6 Still issues? Let us know.
1773952,@AppleSupport The link you sent me was for the US but I live in the UK?,@533142 Sorry about that. You can change to the UK on the lower right of the page or try this link: https://t.co/juL6VLJ6gi
2345893,Hey @AppleSupport can you please work on this keyboard glitch? I have he latest IOS and reset my keyboard five times. Literally nobody types like this and it’s really annoying to correct it myself every single time. https://t.co/nJHZw6dTuF,@678340 We appreciate any feedback you can give us about the Auto Correct feature in iOS. Let us know about features you'd like to see implemented or changed here: https://t.co/eTPVYVFyd8
1155251,"@4305 hi, i have this problem with iOS 11.0.3 @AppleSupport https://t.co/3TeQgUqtPd",@391764 We know how vital it is to have access to your keyboard when needed. Are you experiencing this issue with every app?
2552520,Merci @AppleSupport depuis la version 11.1.1 c’est désormais mon Iphone qui décide seul du moment où il est disposé à prendre une photo (et il l’est très rarement !) #BA #bêtiseartificielle https://t.co/UcaOXLB6LJ,@725028 We offer support via Twitter in English. Contact us for help in your preferred language here: https://t.co/IBIY3vMgPj
41617,The new #IOS update is killing my battery. Why is this happening? @AppleSupport,@125154 Thanks for reaching out to us. Let's work to get that battery life increased. Which version of iOS is currently installed?
1983935,"Dear @115858, please explain yourself. 
Cc: @AppleSupport https://t.co/zTVc9tt867",@587237 We want to help get things working smoothly. Send us a DM and let us know what version of iOS you are running. https://t.co/GDrqU22YpT
1836402,"@AppleSupport ""there was a problem communicating with the apple online store"" Iphoto11. Any ideas? Thanks :-)",@550638 We'd like to look into this further with you. Send us a DM with the device you're using and details of what is going on. https://t.co/GDrqU22YpT
2729097,@AppleSupport I never did see that. It just literally went away. I did your latest software updates,"@164051 OK, where do the PDF files come from before you import them to iBooks? https://t.co/GDrqU22YpT"
1702100,@115858 fix this fucking question mark exclamation shit before I️ get a tracfone,@516071 Here’s what you can do to work around the issue until it’s fixed in a future software update: https://t.co/qODbOsp4wz
2629018,"@115858 please man, fix this. https://t.co/lJuabrGLpX","@169965 An update has been released to assist with this issue. If you haven’t yet, please back up your device and update it to iOS 11.1.2. For more info, check out: https://t.co/4f8hwT5to6"
1136392,"@AppleSupport Yes, I have. It still doesn't work. I'll try those steps again, hopefully it works!",@387712 Sounds like a plan. Keep us updated.
2841934,@AppleSupport 11.11.2 and iphone 6s+,"@790735 If you haven't already, try the recommend steps here: https://t.co/BGb00taxed Let us know if there still seems to be an issue with battery life afterwards."
1412564,Music cuts off every time you open a app? @AppleSupport,"@448251 We would like to help you with this.  What app are you opening?  Which device, and iOS version are you using?"
2208754,"So irritated that the @115858 podcasts app keeps unsubscribing me from everything in iOS 11. Apple, please fix this!","@645687 We'd like to help. To verify, what version of iOS 11 are you on?"
856163,"Wow,  these spammy scammers really need to spell check their #phishing emails! I had NO IDEA I was a ""costumer"" ! 😂😂😂😂 @AppleSupport https://t.co/N7DX4GDbKN","@323314 Great job, we have the best customers. Please take a look at this article to learn how to report: https://t.co/LNMCdqt6fD"
